[{"Id":28760,"GameState":2,"Date":"2014-10-08 19:00","SeasonType":3,"GameType":3,"AwayTeamId":32,"AwayLeader":"G Neal 14 pts","HomeTeamId":6,"HomeLeader":"T Wroten 15 pts","AwayRecord":"0-1","HomeRecord":"1-1","AwayScore":92,"HomeScore":106,"WinningTeamId":6,"Links":{"gametrax":"/nba/gameTrax?gameId=2014100820","boxscore":"/nba/boxscore?gameId=2014100820","recap":"http://www.foxsports.com/nba/story/noel-helps-76ers-beat-hornets-106-92-100814","preview":"#","odds":"/nba/odds#28760","tickets":"http://www.awin1.com/cread.php?awinmid=4292&awinaffid=143258&clickref=nba&p=http://www.ticketsnow.com/InventoryBrowse/TicketList.aspx?PID=1609667"}},{"Id":28832,"GameState":2,"Date":"2014-10-08 19:00","SeasonType":3,"GameType":3,"AwayTeamId":7,"AwayLeader":"J Wall 14 pts","HomeTeamId":9,"HomeLeader":"E Gordon 15 pts","AwayRecord":"2-0","HomeRecord":"1-2","AwayScore":94,"HomeScore":89,"WinningTeamId":7,"Links":{"gametrax":"/nba/gameTrax?gameId=2014100803","boxscore":"/nba/boxscore?gameId=2014100803","recap":"http://www.foxsports.com/nba/story/wizards-beat-pelicans-94-89-in-preseason-game-100814","preview":"#","odds":"/nba/odds#28832"}},{"Id":28845,"GameState":2,"Date":"2014-10-08 19:30","SeasonType":3,"GameType":3,"AwayTeamId":4,"AwayLeader":"T Hardaway Jr. 18 pts","HomeTeamId":1,"HomeLeader":"J Sullinger 23 pts","AwayRecord":"0-1","HomeRecord":"2-0","AwayScore":86,"HomeScore":106,"WinningTeamId":1,"Links":{"gametrax":"/nba/gameTrax?gameId=2014100802","boxscore":"/nba/boxscore?gameId=2014100802","recap":"http://www.foxsports.com/nba/story/derek-fisher-drops-debut-as-new-york-knicks-coach-as-boston-celtics-take-exhibition-100814","preview":"#","odds":"/nba/odds#28845","tickets":"http://www.awin1.com/cread.php?awinmid=4292&awinaffid=143258&clickref=nba&p=http://www.ticketsnow.com/NBA/InventoryBrowse/Boston-Celtics-Tickets-at-XL-Center-in-Hartford-10-8-2014?PID=1589035&partnerCode=16145"}},{"Id":28829,"GameState":2,"Date":"2014-10-08 20:00","SeasonType":3,"GameType":3,"AwayTeamId":31,"AwayLeader":"J Leuer 11 pts","HomeTeamId":14,"HomeLeader":"K Middleton 17 pts","AwayRecord":"0-1","HomeRecord":"1-0","AwayScore":83,"HomeScore":86,"WinningTeamId":14,"Links":{"gametrax":"/nba/gameTrax?gameId=2014100815","boxscore":"/nba/boxscore?gameId=2014100815","recap":"http://www.foxsports.com/nba/story/jabari-parker-scores-14-points-in-pro-debut-milwaukee-bucks-top-memphis-grizzlies-in-exhibition-100814","preview":"#","odds":"/nba/odds#28829","tickets":"http://www.awin1.com/cread.php?awinmid=4292&awinaffid=143258&clickref=nba&p=http://www.ticketsnow.com/InventoryBrowse/Milwaukee-Bucks-Tickets-at-BMO-Harris-Bradley-Center-in-Milwaukee-10-8-2014?PID=1607831&partnerCode=16145"}},{"Id":28761,"GameState":2,"Date":"2014-10-08 21:00","SeasonType":3,"GameType":3,"AwayTeamId":27,"AwayLeader":"S Adams 15 pts","HomeTeamId":16,"HomeLeader":"T Mozgov 20 pts","AwayRecord":"0-1","HomeRecord":"1-1","AwayScore":101,"HomeScore":114,"WinningTeamId":16,"Links":{"gametrax":"/nba/gameTrax?gameId=2014100807","boxscore":"/nba/boxscore?gameId=2014100807","recap":"http://www.foxsports.com/nba/story/mozgov-scores-20-in-denvers-win-over-thunder-100814","preview":"#","odds":"/nba/odds#28761","tickets":"http://www.awin1.com/cread.php?awinmid=4292&awinaffid=143258&clickref=nba&p=http://www.ticketsnow.com/InventoryBrowse/TicketList.aspx?PID=1611768"}}]