[{"Id":28824,"GameState":2,"Date":"2014-10-05 19:00","SeasonType":3,"GameType":3,"AwayTeamId":26,"AwayLeader":"R Sessions 14 pts","HomeTeamId":30,"HomeLeader":"D DeRozan 21 pts","AwayRecord":"0-1","HomeRecord":"1-0","AwayScore":94,"HomeScore":99,"WinningTeamId":30,"Links":{"gametrax":"/nba/gameTrax?gameId=2014100528","boxscore":"/nba/boxscore?gameId=2014100528","recap":"http://www.foxsports.com/nba/story/toronto-raptors-beat-sacramento-kings-in-exhibition-at-vancouver-100514","preview":"#","odds":"/nba/odds#28824"}}]