[{"Id":28839,"GameState":2,"Date":"2014-10-12 01:00","SeasonType":3,"GameType":3,"AwayTeamId":3,"AwayLeader":"B Lopez 18 pts","HomeTeamId":26,"HomeLeader":"R Sessions 18 pts","AwayRecord":"1-0","HomeRecord":"1-2","AwayScore":97,"HomeScore":95,"WinningTeamId":3,"Links":{"gametrax":"/nba/gameTrax?gameId=2014101223","boxscore":"/nba/boxscore?gameId=2014101223","recap":"http://www.foxsports.com/nba/story/yao-ming-in-the-stands-as-brooklyn-nets-edge-sacramento-kings-in-shanghai-exhibition-101214","preview":"#","odds":"/nba/odds#28839"}},{"Id":28773,"GameState":2,"Date":"2014-10-12 13:00","SeasonType":3,"GameType":3,"AwayTeamId":12,"AwayLeader":"A Drummond 21 pts","HomeTeamId":7,"HomeLeader":"J Wall 15 pts","AwayRecord":"2-1","HomeRecord":"3-1","AwayScore":89,"HomeScore":91,"WinningTeamId":7,"Links":{"gametrax":"/nba/gameTrax?gameId=2014101227","boxscore":"/nba/boxscore?gameId=2014101227","recap":"http://www.foxsports.com/nba/story/kentavious-caldwell-pope-sprains-knee-in-detroit-pistons-loss-to-washington-wizards-101214","preview":"#","odds":"/nba/odds#28773","tickets":"http://www.awin1.com/cread.php?awinmid=4292&awinaffid=143258&clickref=nba&p=http://www.ticketsnow.com/InventoryBrowse/TicketList.aspx?PID=1605563"}},{"Id":28774,"GameState":2,"Date":"2014-10-12 19:30","SeasonType":3,"GameType":3,"AwayTeamId":13,"AwayLeader":"C Miles 19 pts","HomeTeamId":15,"HomeLeader":"D Nowitzki 16 pts","AwayRecord":"1-2","HomeRecord":"1-2","AwayScore":98,"HomeScore":106,"WinningTeamId":15,"Links":{"gametrax":"/nba/gameTrax?gameId=2014101206","boxscore":"/nba/boxscore?gameId=2014101206","recap":"http://www.foxsports.com/nba/story/dirk-nowitzki-scores-16-in-his-first-preseason-game-dallas-mavericks-top-indiana-pacers-101214","preview":"#","odds":"/nba/odds#28774","tickets":"http://www.awin1.com/cread.php?awinmid=4292&awinaffid=143258&clickref=nba&p=http://www.ticketsnow.com/InventoryBrowse/TicketList.aspx?PID=1608091"}},{"Id":28775,"GameState":2,"Date":"2014-10-12 21:00","SeasonType":3,"GameType":3,"AwayTeamId":22,"AwayLeader":"J Crawford 23 pts","HomeTeamId":25,"HomeLeader":"W Matthews 22 pts","AwayRecord":"0-2","HomeRecord":"1-2","AwayScore":114,"HomeScore":119,"WinningTeamId":25,"Links":{"gametrax":"/nba/gameTrax?gameId=2014101222","boxscore":"/nba/boxscore?gameId=2014101222","recap":"http://www.foxsports.com/nba/story/matthews-helps-trail-blazers-beat-clippers-119-114-101214","preview":"#","odds":"/nba/odds#28775","tickets":"http://www.awin1.com/cread.php?awinmid=4292&awinaffid=143258&clickref=nba&p=http://www.ticketsnow.com/InventoryBrowse/TicketList.aspx?PID=1608260"}},{"Id":28830,"GameState":2,"Date":"2014-10-12 21:30","SeasonType":3,"GameType":3,"AwayTeamId":21,"AwayLeader":"S Curry 25 pts","HomeTeamId":23,"HomeLeader":"R Sacre 12 pts","AwayRecord":"3-0","HomeRecord":"1-2","AwayScore":116,"HomeScore":75,"WinningTeamId":21,"Links":{"gametrax":"/nba/gameTrax?gameId=2014101213","boxscore":"/nba/boxscore?gameId=2014101213","recap":"http://www.foxsports.com/nba/story/warriors-blitz-lakers-early-in-116-75-rout-101314","preview":"#","odds":"/nba/odds#28830","tickets":"http://www.awin1.com/cread.php?awinmid=4292&awinaffid=143258&clickref=nba&p=http://www.ticketexchangebyticketmaster.com/la-lakers-tickets/InventoryBrowse/Los-Angeles-Lakers-Tickets-at-Citizens-Business-Bank-Arena-in-Ontario-10-12-2014?PID=1568547&partnerCode=16145"}}]