[{"Id":28776,"GameState":2,"Date":"2014-10-13 19:00","SeasonType":3,"GameType":3,"AwayTeamId":5,"AwayLeader":"B Gordon 17 pts","HomeTeamId":32,"HomeLeader":"A Jefferson 20 pts","AwayRecord":"2-1","HomeRecord":"2-1","AwayScore":97,"HomeScore":99,"WinningTeamId":32,"Links":{"gametrax":"/nba/gameTrax?gameId=2014101330","boxscore":"/nba/boxscore?gameId=2014101330","recap":"http://www.foxsports.com/nba/story/hornets-rally-to-beat-magic-99-97-101314","preview":"#","odds":"/nba/odds#28776","tickets":"http://www.awin1.com/cread.php?awinmid=4292&awinaffid=143258&clickref=nba&p=http://www.ticketsnow.com/InventoryBrowse/TicketList.aspx?PID=1621780"}},{"Id":28777,"GameState":2,"Date":"2014-10-13 19:30","SeasonType":3,"GameType":3,"AwayTeamId":30,"AwayLeader":"L Williams 21 pts","HomeTeamId":4,"HomeLeader":"J Smith 10 pts","AwayRecord":"3-1","HomeRecord":"1-2","AwayScore":81,"HomeScore":76,"WinningTeamId":30,"Links":{"gametrax":"/nba/gameTrax?gameId=2014101318","boxscore":"/nba/boxscore?gameId=2014101318","recap":"http://www.foxsports.com/nba/story/lou-williams-scores-21-raptors-beat-knicks-81-76-101314","preview":"#","odds":"/nba/odds#28777","tickets":"http://www.awin1.com/cread.php?awinmid=4292&awinaffid=143258&clickref=nba&p=http://www.ticketsnow.com/InventoryBrowse/TicketList.aspx?PID=1607892"}},{"Id":28778,"GameState":2,"Date":"2014-10-13 20:00","SeasonType":3,"GameType":3,"AwayTeamId":16,"AwayLeader":"K Faried 19 pts","HomeTeamId":10,"HomeLeader":"J Butler 21 pts","AwayRecord":"1-3","HomeRecord":"2-2","AwayScore":90,"HomeScore":110,"WinningTeamId":10,"Links":{"gametrax":"/nba/gameTrax?gameId=2014101304","boxscore":"/nba/boxscore?gameId=2014101304","recap":"http://www.foxsports.com/nba/story/butler-leads-bulls-to-110-90-win-over-nuggets-101314","preview":"#","odds":"/nba/odds#28778","tickets":"http://www.awin1.com/cread.php?awinmid=4292&awinaffid=143258&clickref=nba&p=http://www.ticketsnow.com/InventoryBrowse/TicketList.aspx?PID=1605612"}},{"Id":28779,"GameState":2,"Date":"2014-10-13 20:00","SeasonType":3,"GameType":3,"AwayTeamId":24,"AwayLeader":"E Bledsoe 13 pts","HomeTeamId":17,"HomeLeader":"T Jones 18 pts","AwayRecord":"1-1","HomeRecord":"3-0","AwayScore":92,"HomeScore":95,"WinningTeamId":17,"Links":{"gametrax":"/nba/gameTrax?gameId=2014101310","boxscore":"/nba/boxscore?gameId=2014101310","recap":"http://www.foxsports.com/nba/story/terrence-jones-leads-houston-rockets-over-phoenix-suns-as-banged-up-dwight-howard-james-harden-sit-out-101314","preview":"#","odds":"/nba/odds#28779","tickets":"http://www.awin1.com/cread.php?awinmid=4292&awinaffid=143258&clickref=nba&p=http://www.ticketsnow.com/InventoryBrowse/TicketList.aspx?PID=1607843"}},{"Id":28780,"GameState":2,"Date":"2014-10-13 21:00","SeasonType":3,"GameType":3,"AwayTeamId":22,"AwayLeader":"B Griffin 31 pts","HomeTeamId":20,"HomeLeader":"T Burke 16 pts","AwayRecord":"0-3","HomeRecord":"3-0","AwayScore":89,"HomeScore":102,"WinningTeamId":20,"Links":{"gametrax":"/nba/gameTrax?gameId=2014101326","boxscore":"/nba/boxscore?gameId=2014101326","recap":"http://www.foxsports.com/nba/story/goberts-double-double-lifts-jazz-over-clippers-101314","preview":"#","odds":"/nba/odds#28780","tickets":"http://www.awin1.com/cread.php?awinmid=4292&awinaffid=143258&clickref=nba&p=http://www.ticketsnow.com/InventoryBrowse/TicketList.aspx?PID=1608263"}}]