[{"Id":28838,"GameState":2,"FinalText":"OT","Date":"2014-10-15 07:30","SeasonType":3,"GameType":3,"AwayTeamId":26,"AwayLeader":"B McLemore 22 pts","HomeTeamId":3,"HomeLeader":"M Teletovic 22 pts","AwayRecord":"1-3","HomeRecord":"2-0","AwayScore":117,"HomeScore":129,"WinningTeamId":3,"Links":{"gametrax":"/nba/gameTrax?gameId=2014101517","boxscore":"/nba/boxscore?gameId=2014101517","recap":"http://www.foxsports.com/nba/story/teletovic-leads-nets-to-129-117-ot-win-over-kings-101514","preview":"#","odds":"/nba/odds#28838"}},{"Id":28785,"GameState":2,"Date":"2014-10-15 11:00","SeasonType":3,"GameType":3,"AwayTeamId":12,"AwayLeader":"D Augustin 16 pts","HomeTeamId":32,"HomeLeader":"G Neal 20 pts","AwayRecord":"3-1","HomeRecord":"2-2","AwayScore":104,"HomeScore":84,"WinningTeamId":12,"Links":{"gametrax":"/nba/gameTrax?gameId=2014101530","boxscore":"/nba/boxscore?gameId=2014101530","recap":"http://www.foxsports.com/nba/story/pistons-beat-hornets-104-84-in-preseason-101514","preview":"#","odds":"/nba/odds#28785"}},{"Id":28849,"GameState":2,"Date":"2014-10-15 19:00","SeasonType":3,"GameType":3,"AwayTeamId":13,"AwayLeader":"C Copeland 16 pts","HomeTeamId":11,"HomeLeader":"L James 26 pts","AwayRecord":"1-3","HomeRecord":"3-0","AwayScore":93,"HomeScore":98,"WinningTeamId":11,"Links":{"gametrax":"/nba/gameTrax?gameId=2014101505","boxscore":"/nba/boxscore?gameId=2014101505","recap":"http://www.foxsports.com/nba/story/lebron-james-returns-to-cleveland-cavaliers-lineup-scores-26-in-win-over-indiana-pacers-101514","preview":"#","odds":"/nba/odds#28849","tickets":"http://www.awin1.com/cread.php?awinmid=4292&awinaffid=143258&clickref=nba&p=http://www.ticketsnow.com/InventoryBrowse/TicketList.aspx?PID=1616876"}},{"Id":28850,"GameState":2,"Date":"2014-10-15 19:30","SeasonType":3,"GameType":3,"AwayTeamId":30,"AwayLeader":"J Hamilton 16 pts","HomeTeamId":1,"HomeLeader":"M Thornton 17 pts","AwayRecord":"4-1","HomeRecord":"2-3","AwayScore":92,"HomeScore":89,"WinningTeamId":30,"Links":{"gametrax":"/nba/gameTrax?gameId=2014101502","boxscore":"/nba/boxscore?gameId=2014101502","recap":"http://www.foxsports.com/nba/story/williams-lifts-raptors-past-celtics-92-89-101514","preview":"#","odds":"/nba/odds#28850"}}]