[{"Id":28816,"GameState":2,"Date":"2014-10-23 19:00","SeasonType":3,"GameType":3,"AwayTeamId":13,"AwayLeader":"C Miles 23 pts","HomeTeamId":32,"HomeLeader":"B Roberts 19 pts","AwayRecord":"3-4","HomeRecord":"3-5","AwayScore":88,"HomeScore":79,"WinningTeamId":13,"Links":{"gametrax":"/nba/gameTrax?gameId=2014102330","boxscore":"/nba/boxscore?gameId=2014102330","recap":"http://www.foxsports.com/nba/story/miles-scola-lead-pacers-past-hornets-88-79-102314","preview":"#","odds":"/nba/odds#28816","tickets":"http://www.awin1.com/cread.php?awinmid=4292&awinaffid=143258&clickref=nba&p=http://www.ticketsnow.com/InventoryBrowse/TicketList.aspx?PID=1621781"}},{"Id":28817,"GameState":2,"Date":"2014-10-23 19:30","SeasonType":3,"GameType":3,"AwayTeamId":6,"AwayLeader":"H Sims 17 pts","HomeTeamId":12,"HomeLeader":"K Singler 19 pts","AwayRecord":"2-6","HomeRecord":"5-2","AwayScore":103,"HomeScore":109,"WinningTeamId":12,"Links":{"gametrax":"/nba/gameTrax?gameId=2014102308","boxscore":"/nba/boxscore?gameId=2014102308","recap":"http://www.foxsports.com/nba/story/pistons-beat-76ers-behind-19-from-kyle-singler-102314","preview":"#","odds":"/nba/odds#28817","tickets":"http://www.awin1.com/cread.php?awinmid=4292&awinaffid=143258&clickref=nba&p=http://www.ticketsnow.com/InventoryBrowse/TicketList.aspx?PID=1607822"}},{"Id":28856,"GameState":2,"Date":"2014-10-23 20:00","SeasonType":3,"GameType":3,"AwayTeamId":15,"AwayLeader":"G Mekel 17 pts","HomeTeamId":9,"HomeLeader":"T Evans 14 pts","AwayRecord":"3-4","HomeRecord":"5-2","AwayScore":85,"HomeScore":88,"WinningTeamId":9,"Links":{"gametrax":"/nba/gameTrax?gameId=2014102303","boxscore":"/nba/boxscore?gameId=2014102303","recap":"http://www.foxsports.com/nba/story/pelicans-starters-see-action-in-win-over-mavs-102314","preview":"#","odds":"/nba/odds#28856"}}]