[{"Id":28766,"GameState":2,"Date":"2014-10-10 19:00","SeasonType":3,"GameType":3,"AwayTeamId":5,"AwayLeader":"T Harris 16 pts","HomeTeamId":13,"HomeLeader":"D Sloan 16 pts","AwayRecord":"2-0","HomeRecord":"1-1","AwayScore":96,"HomeScore":93,"WinningTeamId":5,"Links":{"gametrax":"/nba/gameTrax?gameId=2014101011","boxscore":"/nba/boxscore?gameId=2014101011","recap":"http://www.foxsports.com/nba/story/harris-leads-orlando-to-96-93-win-over-pacers-101014","preview":"#","odds":"/nba/odds#28766","tickets":"http://www.awin1.com/cread.php?awinmid=4292&awinaffid=143258&clickref=nba&p=http://www.ticketsnow.com/InventoryBrowse/TicketList.aspx?PID=1603606"}},{"Id":28846,"GameState":2,"Date":"2014-10-10 19:00","SeasonType":3,"GameType":3,"AwayTeamId":7,"AwayLeader":"X Silas 16 pts","HomeTeamId":32,"HomeLeader":"G Neal 19 pts","AwayRecord":"2-1","HomeRecord":"1-1","AwayScore":86,"HomeScore":99,"WinningTeamId":32,"Links":{"gametrax":"/nba/gameTrax?gameId=2014101030","boxscore":"/nba/boxscore?gameId=2014101030","recap":"http://www.foxsports.com/nba/story/hornets-roll-past-wizards-99-86-in-south-carolina-101014","preview":"#","odds":"/nba/odds#28846","tickets":"http://www.awin1.com/cread.php?awinmid=4292&awinaffid=143258&clickref=nba&p=http://www.ticketsnow.com/InventoryBrowse/Charlotte-Hornets-Tickets-at-Bon-Secours-Wellness-Arena-in-Greenville-10-10-2014?PID=1579079&partnerCode=16145"}},{"Id":28767,"GameState":2,"Date":"2014-10-10 19:30","SeasonType":3,"GameType":3,"AwayTeamId":1,"AwayLeader":"A Bradley 22 pts","HomeTeamId":30,"HomeLeader":"K Lowry 18 pts","AwayRecord":"2-1","HomeRecord":"2-1","AwayScore":109,"HomeScore":116,"WinningTeamId":30,"Links":{"gametrax":"/nba/gameTrax?gameId=2014101028","boxscore":"/nba/boxscore?gameId=2014101028","recap":"http://www.foxsports.com/nba/story/derozan-lowry-lead-raptors-past-celtics-116-109-101014","preview":"#","odds":"/nba/odds#28767"}},{"Id":28768,"GameState":2,"Date":"2014-10-10 20:00","SeasonType":3,"GameType":3,"AwayTeamId":6,"AwayLeader":"H Sims 17 pts","HomeTeamId":18,"HomeLeader":"M Williams 19 pts","AwayRecord":"1-2","HomeRecord":"1-1","AwayScore":110,"HomeScore":116,"WinningTeamId":18,"Links":{"gametrax":"/nba/gameTrax?gameId=2014101016","boxscore":"/nba/boxscore?gameId=2014101016","recap":"http://www.foxsports.com/nba/story/mo-williams-shines-as-wolves-beat-sixers-116-110-101014","preview":"#","odds":"/nba/odds#28768","tickets":"http://www.awin1.com/cread.php?awinmid=4292&awinaffid=143258&clickref=nba&p=http://www.ticketsnow.com/InventoryBrowse/TicketList.aspx?PID=1607849"}},{"Id":28769,"GameState":2,"Date":"2014-10-10 20:30","SeasonType":3,"GameType":3,"AwayTeamId":27,"AwayLeader":"A Morrow 21 pts","HomeTeamId":15,"HomeLeader":"A Aminu 14 pts","AwayRecord":"1-1","HomeRecord":"0-2","AwayScore":118,"HomeScore":109,"WinningTeamId":27,"Links":{"gametrax":"/nba/gameTrax?gameId=2014101006","boxscore":"/nba/boxscore?gameId=2014101006","recap":"http://www.foxsports.com/nba/story/thunder-beat-mavericks-118-109-in-exhibition-101014","preview":"#","odds":"/nba/odds#28769","tickets":"http://www.awin1.com/cread.php?awinmid=4292&awinaffid=143258&clickref=nba&p=http://www.ticketsnow.com/InventoryBrowse/TicketList.aspx?PID=1608017"}},{"Id":28770,"GameState":2,"Date":"2014-10-10 22:00","SeasonType":3,"GameType":3,"AwayTeamId":16,"AwayLeader":"D Gallinari 17 pts","HomeTeamId":24,"HomeLeader":"M Morris 12 pts","AwayRecord":"1-2","HomeRecord":"1-0","AwayScore":89,"HomeScore":97,"WinningTeamId":24,"Links":{"gametrax":"/nba/gameTrax?gameId=2014101021","boxscore":"/nba/boxscore?gameId=2014101021","recap":"http://www.foxsports.com/nba/story/suns-beat-nuggets-gallinari-has-17-in-return-101114","preview":"#","odds":"/nba/odds#28770","tickets":"http://www.awin1.com/cread.php?awinmid=4292&awinaffid=143258&clickref=nba&p=http://www.ticketsnow.com/InventoryBrowse/TicketList.aspx?PID=1608026"}}]