[{"Id":28797,"GameState":2,"Date":"2014-10-19 15:00","SeasonType":3,"GameType":3,"AwayTeamId":1,"AwayLeader":"J Sullinger 21 pts","HomeTeamId":3,"HomeLeader":"J Jordan 17 pts","AwayRecord":"4-3","HomeRecord":"2-1","AwayScore":95,"HomeScore":90,"WinningTeamId":1,"Links":{"gametrax":"/nba/gameTrax?gameId=2014101917","boxscore":"/nba/boxscore?gameId=2014101917","recap":"http://www.foxsports.com/nba/story/celtics-beat-nets-in-experimental-44-minute-game-101914","preview":"#","odds":"/nba/odds#28797","tickets":"http://www.awin1.com/cread.php?awinmid=4292&awinaffid=143258&clickref=nba&p=http://www.ticketsnow.com/InventoryBrowse/TicketList.aspx?PID=1605435"}},{"Id":28834,"GameState":2,"Date":"2014-10-19 19:00","SeasonType":3,"GameType":3,"AwayTeamId":18,"AwayLeader":"M Williams 19 pts","HomeTeamId":27,"HomeLeader":"P Jones 21 pts","AwayRecord":"2-2","HomeRecord":"2-4","AwayScore":112,"HomeScore":94,"WinningTeamId":18,"Links":{"gametrax":"/nba/gameTrax?gameId=2014101925","boxscore":"/nba/boxscore?gameId=2014101925","recap":"http://www.foxsports.com/nba/story/mo-williams-helps-timberwolves-beat-thunder-101914","preview":"#","odds":"/nba/odds#28834"}},{"Id":28798,"GameState":2,"Date":"2014-10-19 20:00","SeasonType":3,"GameType":3,"AwayTeamId":32,"AwayLeader":"M Kidd-Gilchrist 14 pts","HomeTeamId":10,"HomeLeader":"K Hinrich 26 pts","AwayRecord":"3-3","HomeRecord":"4-2","AwayScore":96,"HomeScore":101,"WinningTeamId":10,"Links":{"gametrax":"/nba/gameTrax?gameId=2014101904","boxscore":"/nba/boxscore?gameId=2014101904","recap":"http://www.foxsports.com/nba/story/hinrich-scores-26-points-bulls-beat-hornets-101914","preview":"#","odds":"/nba/odds#28798","tickets":"http://www.awin1.com/cread.php?awinmid=4292&awinaffid=143258&clickref=nba&p=http://www.ticketsnow.com/InventoryBrowse/TicketList.aspx?PID=1605614"}},{"Id":28854,"GameState":2,"Date":"2014-10-19 20:00","SeasonType":3,"GameType":3,"AwayTeamId":21,"AwayLeader":"J Holiday 18 pts","HomeTeamId":17,"HomeLeader":"J Harden 15 pts","AwayRecord":"4-2","HomeRecord":"4-1","AwayScore":83,"HomeScore":90,"WinningTeamId":17,"Links":{"gametrax":"/nba/gameTrax?gameId=2014101910","boxscore":"/nba/boxscore?gameId=2014101910","recap":"http://www.foxsports.com/nba/story/rockets-vs-warriors-dwight-howard-james-harden-return-injuries-102014","preview":"#","odds":"/nba/odds#28854","tickets":"http://www.awin1.com/cread.php?awinmid=4292&awinaffid=143258&clickref=nba&p=http://www.ticketsnow.com/NBA/InventoryBrowse/Houston-Rockets-Tickets-at-State-Farm-Arena-in-Hidalgo-10-19-2014?PID=1588468&partnerCode=16145"}},{"Id":28799,"GameState":2,"Date":"2014-10-19 21:30","SeasonType":3,"GameType":3,"AwayTeamId":20,"AwayLeader":"A Burks 21 pts","HomeTeamId":23,"HomeLeader":"K Bryant 26 pts","AwayRecord":"4-2","HomeRecord":"2-3","AwayScore":91,"HomeScore":98,"WinningTeamId":23,"Links":{"gametrax":"/nba/gameTrax?gameId=2014101913","boxscore":"/nba/boxscore?gameId=2014101913","recap":"http://www.foxsports.com/nba/story/bryant-scores-26-lakers-rally-past-jazz-98-91-102014","preview":"#","odds":"/nba/odds#28799","tickets":"http://www.awin1.com/cread.php?awinmid=4292&awinaffid=143258&clickref=nba&p=http://www.ticketsnow.com/InventoryBrowse/TicketList.aspx?PID=1590344"}}]