[{"Id":28818,"GameState":2,"Date":"2014-10-24 19:00","SeasonType":3,"GameType":3,"AwayTeamId":15,"AwayLeader":"C Parsons 24 pts","HomeTeamId":5,"HomeLeader":"T Harris 14 pts","AwayRecord":"4-4","HomeRecord":"3-4","AwayScore":117,"HomeScore":92,"WinningTeamId":15,"Links":{"gametrax":"/nba/gameTrax?gameId=2014102419","boxscore":"/nba/boxscore?gameId=2014102419","recap":"http://www.foxsports.com/nba/story/rested-mavericks-down-short-handed-magic-117-92-102414","preview":"#","odds":"/nba/odds#28818","tickets":"http://www.awin1.com/cread.php?awinmid=4292&awinaffid=143258&clickref=nba&p=http://www.ticketsnow.com/InventoryBrowse/TicketList.aspx?PID=1608205"}},{"Id":28835,"GameState":2,"Date":"2014-10-24 19:30","SeasonType":3,"GameType":3,"AwayTeamId":4,"AwayLeader":"C Anthony 24 pts","HomeTeamId":30,"HomeLeader":"D DeRozan 15 pts","AwayRecord":"3-4","HomeRecord":"6-1","AwayScore":80,"HomeScore":83,"WinningTeamId":30,"Links":{"gametrax":"/nba/gameTrax?gameId=2014102428","boxscore":"/nba/boxscore?gameId=2014102428","recap":"http://www.foxsports.com/nba/story/derozan-scores-15-raptors-beat-knicks-83-80-102414","preview":"#","odds":"/nba/odds#28835"}},{"Id":28819,"GameState":2,"Date":"2014-10-24 20:00","SeasonType":3,"GameType":3,"AwayTeamId":19,"AwayLeader":"M Belinelli 19 pts","HomeTeamId":17,"HomeLeader":"J Harden 25 pts","AwayRecord":"1-4","HomeRecord":"6-2","AwayScore":87,"HomeScore":96,"WinningTeamId":17,"Links":{"gametrax":"/nba/gameTrax?gameId=2014102410","boxscore":"/nba/boxscore?gameId=2014102410","recap":"http://www.foxsports.com/nba/story/harden-helps-rockets-beat-spurs-96-87-in-preseason-102414","preview":"#","odds":"/nba/odds#28819","tickets":"http://www.awin1.com/cread.php?awinmid=4292&awinaffid=143258&clickref=nba&p=http://www.ticketsnow.com/InventoryBrowse/TicketList.aspx?PID=1593365"}},{"Id":28820,"GameState":2,"Date":"2014-10-24 20:00","SeasonType":3,"GameType":3,"AwayTeamId":2,"AwayLeader":"C Bosh 21 pts","HomeTeamId":31,"HomeLeader":"J Leuer 21 pts","AwayRecord":"4-4","HomeRecord":"2-5","AwayScore":104,"HomeScore":98,"WinningTeamId":2,"Links":{"gametrax":"/nba/gameTrax?gameId=2014102429","boxscore":"/nba/boxscore?gameId=2014102429","recap":"http://www.foxsports.com/nba/story/bosh-wade-lead-heat-past-grizzlies-104-98-102414","preview":"#","odds":"/nba/odds#28820","tickets":"http://www.awin1.com/cread.php?awinmid=4292&awinaffid=143258&clickref=nba&p=http://www.ticketsnow.com/InventoryBrowse/TicketList.aspx?PID=1607117"}},{"Id":28827,"GameState":2,"Date":"2014-10-24 20:00","SeasonType":3,"GameType":3,"AwayTeamId":18,"AwayLeader":"R Rubio 19 pts","HomeTeamId":10,"HomeLeader":"D Rose 27 pts","AwayRecord":"5-2","HomeRecord":"4-4","AwayScore":113,"HomeScore":112,"WinningTeamId":18,"Links":{"gametrax":"/nba/gameTrax?gameId=2014102404","boxscore":"/nba/boxscore?gameId=2014102404","recap":"#","preview":"#","odds":"/nba/odds#28827"}},{"Id":28821,"GameState":2,"Date":"2014-10-24 21:00","SeasonType":3,"GameType":3,"AwayTeamId":24,"AwayLeader":"G Dragic 18 pts","HomeTeamId":20,"HomeLeader":"G Hayward 24 pts","AwayRecord":"4-2","HomeRecord":"5-3","AwayScore":105,"HomeScore":100,"WinningTeamId":24,"Links":{"gametrax":"/nba/gameTrax?gameId=2014102426","boxscore":"/nba/boxscore?gameId=2014102426","recap":"http://www.foxsports.com/nba/story/thomas-dragic-lead-suns-over-jazz-105-100-102514","preview":"#","odds":"/nba/odds#28821","tickets":"http://www.awin1.com/cread.php?awinmid=4292&awinaffid=143258&clickref=nba&p=http://www.ticketsnow.com/InventoryBrowse/TicketList.aspx?PID=1608264"}},{"Id":28841,"GameState":2,"Date":"2014-10-24 22:00","SeasonType":3,"GameType":3,"AwayTeamId":26,"AwayLeader":"D Cousins 21 pts","HomeTeamId":23,"HomeLeader":"J Lin 19 pts","AwayRecord":"2-4","HomeRecord":"3-5","AwayScore":93,"HomeScore":92,"WinningTeamId":26,"Links":{"gametrax":"/nba/gameTrax?gameId=2014102413","boxscore":"/nba/boxscore?gameId=2014102413","recap":"http://www.foxsports.com/nba/story/mccallum-lifts-kings-past-lakers-93-92-102514","preview":"#","odds":"/nba/odds#28841","tickets":"http://www.awin1.com/cread.php?awinmid=4292&awinaffid=143258&clickref=nba&p=http://www.ticketexchangebyticketmaster.com/la-lakers-tickets/InventoryBrowse/Los-Angeles-Lakers-Tickets-at-MGM-Grand-Garden-Arena-in-Las-Vegas-10-24-2014?PID=1566001&partnerCode=16145"}},{"Id":28822,"GameState":2,"Date":"2014-10-24 22:30","SeasonType":3,"GameType":3,"AwayTeamId":16,"AwayLeader":"J Nurkic 16 pts","HomeTeamId":21,"HomeLeader":"K Thompson 35 pts","AwayRecord":"2-6","HomeRecord":"6-2","AwayScore":112,"HomeScore":119,"WinningTeamId":21,"Links":{"gametrax":"/nba/gameTrax?gameId=2014102409","boxscore":"/nba/boxscore?gameId=2014102409","recap":"http://www.foxsports.com/nba/story/thompson-scores-35-points-warriors-beat-nuggets-102514","preview":"#","odds":"/nba/odds#28822","tickets":"http://www.awin1.com/cread.php?awinmid=4292&awinaffid=143258&clickref=nba&p=http://www.ticketsnow.com/InventoryBrowse/TicketList.aspx?PID=1607817"}},{"Id":28823,"GameState":2,"Date":"2014-10-24 22:30","SeasonType":3,"GameType":3,"AwayTeamId":25,"AwayLeader":"D Lillard 21 pts","HomeTeamId":22,"HomeLeader":"B Griffin 21 pts","AwayRecord":"3-3","HomeRecord":"2-6","AwayScore":99,"HomeScore":89,"WinningTeamId":25,"Links":{"gametrax":"/nba/gameTrax?gameId=2014102412","boxscore":"/nba/boxscore?gameId=2014102412","recap":"http://www.foxsports.com/nba/story/lillard-leads-trail-blazers-past-clippers-99-89-102514","preview":"#","odds":"/nba/odds#28823","tickets":"http://www.awin1.com/cread.php?awinmid=4292&awinaffid=143258&clickref=nba&p=http://www.ticketsnow.com/InventoryBrowse/TicketList.aspx?PID=1605908"}}]