[{"Id":28790,"GameState":2,"Date":"2014-10-17 19:00","SeasonType":3,"GameType":3,"AwayTeamId":12,"AwayLeader":"G Monroe 24 pts","HomeTeamId":5,"HomeLeader":"T Harris 22 pts","AwayRecord":"3-2","HomeRecord":"3-1","AwayScore":87,"HomeScore":99,"WinningTeamId":5,"Links":{"gametrax":"/nba/gameTrax?gameId=2014101719","boxscore":"/nba/boxscore?gameId=2014101719","recap":"http://www.foxsports.com/nba/story/magic-use-big-4th-quarter-to-beat-pistons-99-87-101714","preview":"#","odds":"/nba/odds#28790","tickets":"http://www.awin1.com/cread.php?awinmid=4292&awinaffid=143258&clickref=nba&p=http://www.ticketsnow.com/InventoryBrowse/TicketList.aspx?PID=1608203"}},{"Id":28791,"GameState":2,"Date":"2014-10-17 19:00","SeasonType":3,"GameType":3,"AwayTeamId":32,"AwayLeader":"A Jefferson 20 pts","HomeTeamId":7,"HomeLeader":"J Wall 14 pts","AwayRecord":"3-2","HomeRecord":"3-2","AwayScore":96,"HomeScore":86,"WinningTeamId":32,"Links":{"gametrax":"/nba/gameTrax?gameId=2014101727","boxscore":"/nba/boxscore?gameId=2014101727","recap":"http://www.foxsports.com/nba/story/jefferson-leads-hornets-past-wizards-96-86-101714","preview":"#","odds":"/nba/odds#28791","tickets":"http://www.awin1.com/cread.php?awinmid=4292&awinaffid=143258&clickref=nba&p=http://www.ticketsnow.com/InventoryBrowse/TicketList.aspx?PID=1605564"}},{"Id":28792,"GameState":2,"Date":"2014-10-17 19:30","SeasonType":3,"GameType":3,"AwayTeamId":15,"AwayLeader":"C Parsons 19 pts","HomeTeamId":11,"HomeLeader":"K Irving 23 pts","AwayRecord":"2-2","HomeRecord":"3-1","AwayScore":108,"HomeScore":102,"WinningTeamId":15,"Links":{"gametrax":"/nba/gameTrax?gameId=2014101705","boxscore":"/nba/boxscore?gameId=2014101705","recap":"http://www.foxsports.com/nba/story/mavericks-down-lebron-cavaliers-108-102-101714","preview":"#","odds":"/nba/odds#28792","tickets":"http://www.awin1.com/cread.php?awinmid=4292&awinaffid=143258&clickref=nba&p=http://www.ticketsnow.com/InventoryBrowse/TicketList.aspx?PID=1606123"}},{"Id":28836,"GameState":2,"Date":"2014-10-17 20:00","SeasonType":3,"GameType":3,"AwayTeamId":30,"AwayLeader":"T Ross 22 pts","HomeTeamId":27,"HomeLeader":"R Westbrook 16 pts","AwayRecord":"5-1","HomeRecord":"2-3","AwayScore":109,"HomeScore":90,"WinningTeamId":30,"Links":{"gametrax":"/nba/gameTrax?gameId=2014101725","boxscore":"/nba/boxscore?gameId=2014101725","recap":"http://www.foxsports.com/nba/story/ross-helps-raptors-beat-thunder-109-90-101714","preview":"#","odds":"/nba/odds#28836"}},{"Id":28852,"GameState":2,"Date":"2014-10-17 20:00","SeasonType":3,"GameType":3,"AwayTeamId":14,"AwayLeader":"J Parker 21 pts","HomeTeamId":18,"HomeLeader":"G Dieng 16 pts","AwayRecord":"2-3","HomeRecord":"1-2","AwayScore":105,"HomeScore":98,"WinningTeamId":14,"Links":{"gametrax":"/nba/gameTrax?gameId=2014101716","boxscore":"/nba/boxscore?gameId=2014101716","recap":"http://www.foxsports.com/nba/story/parker-helps-bucks-top-timberwolves-105-98-101714","preview":"#","odds":"/nba/odds#28852","tickets":"http://www.awin1.com/cread.php?awinmid=4292&awinaffid=143258&clickref=nba&p=http://www.ticketsnow.com/NBA/InventoryBrowse/Minnesota-Timberwolves-Tickets-at-U-S--Cellular-Center---Cedar-Rapids-in-Cedar-Rapids-10-17-2014?PID=1575692&partnerCode=16145"}},{"Id":28833,"GameState":2,"Date":"2014-10-17 20:30","SeasonType":3,"GameType":3,"AwayTeamId":21,"AwayLeader":"K Thompson 29 pts","HomeTeamId":2,"HomeLeader":"C Bosh 21 pts","AwayRecord":"4-1","HomeRecord":"1-4","AwayScore":108,"HomeScore":115,"WinningTeamId":2,"Links":{"gametrax":"/nba/gameTrax?gameId=2014101714","boxscore":"/nba/boxscore?gameId=2014101714","recap":"http://www.foxsports.com/nba/story/heat-win-first-game-of-preseason-beat-warriors-101714","preview":"#","odds":"/nba/odds#28833","tickets":"http://www.awin1.com/cread.php?awinmid=4292&awinaffid=143258&clickref=nba&p=http://www.ticketsnow.com/NBA/InventoryBrowse/Miami-Heat-Tickets-at-Sprint-Center-in-Kansas-City-10-17-2014?PID=1548165&partnerCode=16145"}},{"Id":28793,"GameState":2,"Date":"2014-10-17 22:30","SeasonType":3,"GameType":3,"AwayTeamId":20,"AwayLeader":"G Hayward 22 pts","HomeTeamId":22,"HomeLeader":"J Crawford 25 pts","AwayRecord":"4-1","HomeRecord":"1-3","AwayScore":97,"HomeScore":101,"WinningTeamId":22,"Links":{"gametrax":"/nba/gameTrax?gameId=2014101712","boxscore":"/nba/boxscore?gameId=2014101712","recap":"http://www.foxsports.com/nba/story/crawford-scores-25-as-clippers-beat-jazz-101-97-101814","preview":"#","odds":"/nba/odds#28793","tickets":"http://www.awin1.com/cread.php?awinmid=4292&awinaffid=143258&clickref=nba&p=http://www.ticketsnow.com/InventoryBrowse/TicketList.aspx?PID=1605856"}}]