[{"Id":28805,"GameState":2,"Date":"2014-10-21 20:00","SeasonType":3,"GameType":3,"AwayTeamId":17,"AwayLeader":"D Howard 19 pts","HomeTeamId":2,"HomeLeader":"D Wade 26 pts","AwayRecord":"4-2","HomeRecord":"3-4","AwayScore":85,"HomeScore":90,"WinningTeamId":2,"Links":{"gametrax":"/nba/gameTrax?gameId=2014102114","boxscore":"/nba/boxscore?gameId=2014102114","recap":"http://www.foxsports.com/nba/story/wade-leads-late-charge-miami-tops-houston-90-85-102114","preview":"#","odds":"/nba/odds#28805","tickets":"http://www.awin1.com/cread.php?awinmid=4292&awinaffid=143258&clickref=nba&p=http://www.ticketsnow.com/InventoryBrowse/TicketList.aspx?PID=1600499"}},{"Id":28806,"GameState":2,"Date":"2014-10-21 20:00","SeasonType":3,"GameType":3,"AwayTeamId":13,"AwayLeader":"D Sloan 19 pts","HomeTeamId":18,"HomeLeader":"A Bennett 17 pts","AwayRecord":"2-4","HomeRecord":"3-2","AwayScore":89,"HomeScore":107,"WinningTeamId":18,"Links":{"gametrax":"/nba/gameTrax?gameId=2014102116","boxscore":"/nba/boxscore?gameId=2014102116","recap":"http://www.foxsports.com/nba/story/bennett-leads-timberwolves-past-pacers-107-89-102114","preview":"#","odds":"/nba/odds#28806","tickets":"http://www.awin1.com/cread.php?awinmid=4292&awinaffid=143258&clickref=nba&p=http://www.ticketsnow.com/InventoryBrowse/TicketList.aspx?PID=1607850"}},{"Id":28807,"GameState":2,"Date":"2014-10-21 20:00","SeasonType":3,"GameType":3,"AwayTeamId":20,"AwayLeader":"E Kanter 27 pts","HomeTeamId":27,"HomeLeader":"P Jones 20 pts","AwayRecord":"5-2","HomeRecord":"2-5","AwayScore":105,"HomeScore":91,"WinningTeamId":20,"Links":{"gametrax":"/nba/gameTrax?gameId=2014102125","boxscore":"/nba/boxscore?gameId=2014102125","recap":"http://www.foxsports.com/nba/story/kanter-leads-jazz-past-thunder-105-91-102114","preview":"#","odds":"/nba/odds#28807","tickets":"http://www.awin1.com/cread.php?awinmid=4292&awinaffid=143258&clickref=nba&p=http://www.ticketsnow.com/InventoryBrowse/TicketList.aspx?PID=1607279"}},{"Id":28855,"GameState":2,"Date":"2014-10-21 21:00","SeasonType":3,"GameType":3,"AwayTeamId":25,"AwayLeader":"L Aldridge 20 pts","HomeTeamId":16,"HomeLeader":"W Chandler 13 pts","AwayRecord":"2-2","HomeRecord":"2-5","AwayScore":93,"HomeScore":75,"WinningTeamId":25,"Links":{"gametrax":"/nba/gameTrax?gameId=2014102107","boxscore":"/nba/boxscore?gameId=2014102107","recap":"http://www.foxsports.com/nba/story/aldridge-leads-blazers-over-nuggets-with-20-points-102114","preview":"#","odds":"/nba/odds#28855"}},{"Id":28826,"GameState":2,"FinalText":"OT","Date":"2014-10-21 22:00","SeasonType":3,"GameType":3,"AwayTeamId":24,"AwayLeader":"I Thomas 26 pts","HomeTeamId":23,"HomeLeader":"K Bryant 27 pts","AwayRecord":"3-1","HomeRecord":"2-4","AwayScore":114,"HomeScore":108,"WinningTeamId":24,"Links":{"gametrax":"/nba/gameTrax?gameId=2014102113","boxscore":"/nba/boxscore?gameId=2014102113","recap":"http://www.foxsports.com/nba/story/phoenix-survives-lakers-in-overtime-102214","preview":"#","odds":"/nba/odds#28826","tickets":"http://www.awin1.com/cread.php?awinmid=4292&awinaffid=143258&clickref=nba&p=http://www.ticketexchangebyticketmaster.com/la-lakers-tickets/InventoryBrowse/Los-Angeles-Lakers-Tickets-at-Honda-Center-in-Anaheim-10-21-2014?PID=1565861&partnerCode=16145"}},{"Id":28808,"GameState":2,"Date":"2014-10-21 22:30","SeasonType":3,"GameType":3,"AwayTeamId":22,"AwayLeader":"J Cunningham 23 pts","HomeTeamId":21,"HomeLeader":"S Curry 27 pts","AwayRecord":"1-5","HomeRecord":"5-2","AwayScore":107,"HomeScore":125,"WinningTeamId":21,"Links":{"gametrax":"/nba/gameTrax?gameId=2014102109","boxscore":"/nba/boxscore?gameId=2014102109","recap":"http://www.foxsports.com/nba/story/ezeli-returns-as-warriors-beat-clippers-125-107-102214","preview":"#","odds":"/nba/odds#28808","tickets":"http://www.awin1.com/cread.php?awinmid=4292&awinaffid=143258&clickref=nba&p=http://www.ticketsnow.com/InventoryBrowse/TicketList.aspx?PID=1607816"}}]