[{"Id":28809,"GameState":2,"Date":"2014-10-22 19:00","SeasonType":3,"GameType":3,"AwayTeamId":17,"AwayLeader":"T Daniels 14 pts","HomeTeamId":5,"HomeLeader":"N Vucevic 12 pts","AwayRecord":"5-2","HomeRecord":"3-3","AwayScore":90,"HomeScore":89,"WinningTeamId":17,"Links":{"gametrax":"/nba/gameTrax?gameId=2014102219","boxscore":"/nba/boxscore?gameId=2014102219","recap":"http://www.foxsports.com/nba/story/rockets-late-free-throw-downs-magic-90-89-102214","preview":"#","odds":"/nba/odds#28809","tickets":"http://www.awin1.com/cread.php?awinmid=4292&awinaffid=143258&clickref=nba&p=http://www.ticketsnow.com/InventoryBrowse/TicketList.aspx?PID=1608204"}},{"Id":28810,"GameState":2,"Date":"2014-10-22 19:30","SeasonType":3,"GameType":3,"AwayTeamId":3,"AwayLeader":"M Plumlee 15 pts","HomeTeamId":1,"HomeLeader":"M Smart 16 pts","AwayRecord":"3-2","HomeRecord":"5-3","AwayScore":86,"HomeScore":100,"WinningTeamId":1,"Links":{"gametrax":"/nba/gameTrax?gameId=2014102202","boxscore":"/nba/boxscore?gameId=2014102202","recap":"http://www.foxsports.com/nba/story/celtics-win-preseason-finale-100-86-over-nets-102214","preview":"#","odds":"/nba/odds#28810","tickets":"http://www.awin1.com/cread.php?awinmid=4292&awinaffid=143258&clickref=nba&p=http://www.ticketsnow.com/InventoryBrowse/TicketList.aspx?PID=1603775"}},{"Id":28811,"GameState":2,"Date":"2014-10-22 19:30","SeasonType":3,"GameType":3,"AwayTeamId":7,"AwayLeader":"J Wall 29 pts","HomeTeamId":4,"HomeLeader":"C Anthony 30 pts","AwayRecord":"3-4","HomeRecord":"3-3","AwayScore":100,"HomeScore":103,"WinningTeamId":4,"Links":{"gametrax":"/nba/gameTrax?gameId=2014102218","boxscore":"/nba/boxscore?gameId=2014102218","recap":"http://www.foxsports.com/nba/story/anthony-scores-30-as-knicks-beat-wizards-102214","preview":"#","odds":"/nba/odds#28811","tickets":"http://www.awin1.com/cread.php?awinmid=4292&awinaffid=143258&clickref=nba&p=http://www.ticketsnow.com/InventoryBrowse/TicketList.aspx?PID=1607894"}},{"Id":28812,"GameState":2,"Date":"2014-10-22 20:00","SeasonType":3,"GameType":3,"AwayTeamId":18,"AwayLeader":"S Muhammad 19 pts","HomeTeamId":14,"HomeLeader":"J Parker 18 pts","AwayRecord":"4-2","HomeRecord":"3-4","AwayScore":110,"HomeScore":91,"WinningTeamId":18,"Links":{"gametrax":"/nba/gameTrax?gameId=2014102215","boxscore":"/nba/boxscore?gameId=2014102215","recap":"http://www.foxsports.com/nba/story/timberwolves-dominate-bucks-in-110-91-win-102214","preview":"#","odds":"/nba/odds#28812","tickets":"http://www.awin1.com/cread.php?awinmid=4292&awinaffid=143258&clickref=nba&p=http://www.ticketsnow.com/InventoryBrowse/TicketList.aspx?PID=1607833"}},{"Id":28813,"GameState":2,"Date":"2014-10-22 20:00","SeasonType":3,"GameType":3,"AwayTeamId":11,"AwayLeader":"K Irving 16 pts","HomeTeamId":31,"HomeLeader":"M Gasol 16 pts","AwayRecord":"4-2","HomeRecord":"2-4","AwayScore":92,"HomeScore":96,"WinningTeamId":31,"Links":{"gametrax":"/nba/gameTrax?gameId=2014102229","boxscore":"/nba/boxscore?gameId=2014102229","recap":"http://www.foxsports.com/nba/story/gasol-leads-grizzlies-past-cavaliers-96-92-102214","preview":"#","odds":"/nba/odds#28813","tickets":"http://www.awin1.com/cread.php?awinmid=4292&awinaffid=143258&clickref=nba&p=http://www.ticketsnow.com/InventoryBrowse/TicketList.aspx?PID=1607827"}},{"Id":28814,"GameState":2,"Date":"2014-10-22 20:30","SeasonType":3,"GameType":3,"AwayTeamId":8,"AwayLeader":"J Teague 21 pts","HomeTeamId":19,"HomeLeader":"T Parker 17 pts","AwayRecord":"4-3","HomeRecord":"1-3","AwayScore":117,"HomeScore":107,"WinningTeamId":8,"Links":{"gametrax":"/nba/gameTrax?gameId=2014102224","boxscore":"/nba/boxscore?gameId=2014102224","recap":"http://www.foxsports.com/nba/story/teague-helps-hawks-beat-spurs-117-107-102214","preview":"#","odds":"/nba/odds#28814","tickets":"http://www.awin1.com/cread.php?awinmid=4292&awinaffid=143258&clickref=nba&p=http://www.ticketsnow.com/InventoryBrowse/TicketList.aspx?PID=1605807"}},{"Id":28831,"GameState":2,"Date":"2014-10-22 22:00","SeasonType":3,"GameType":3,"AwayTeamId":25,"AwayLeader":"C McCollum 17 pts","HomeTeamId":23,"HomeLeader":"J Randle 17 pts","AwayRecord":"2-3","HomeRecord":"3-4","AwayScore":86,"HomeScore":94,"WinningTeamId":23,"Links":{"gametrax":"/nba/gameTrax?gameId=2014102213","boxscore":"/nba/boxscore?gameId=2014102213","recap":"http://www.foxsports.com/nba/story/rookie-randle-leads-lakers-past-blazers-94-86-102314","preview":"#","odds":"/nba/odds#28831","tickets":"http://www.awin1.com/cread.php?awinmid=4292&awinaffid=143258&clickref=nba&p=http://www.ticketexchangebyticketmaster.com/la-lakers-tickets/InventoryBrowse/Los-Angeles-Lakers-Tickets-at-Citizens-Business-Bank-Arena-in-Ontario-10-22-2014?PID=1568648&partnerCode=16145"}},{"Id":28815,"GameState":2,"Date":"2014-10-22 22:30","SeasonType":3,"GameType":3,"AwayTeamId":24,"AwayLeader":"E Bledsoe 27 pts","HomeTeamId":22,"HomeLeader":"B Griffin 35 pts","AwayRecord":"3-2","HomeRecord":"2-5","AwayScore":105,"HomeScore":108,"WinningTeamId":22,"Links":{"gametrax":"/nba/gameTrax?gameId=2014102212","boxscore":"/nba/boxscore?gameId=2014102212","recap":"http://www.foxsports.com/nba/story/griffin-and-paul-lead-clippers-over-suns-108-105-102314","preview":"#","odds":"/nba/odds#28815","tickets":"http://www.awin1.com/cread.php?awinmid=4292&awinaffid=143258&clickref=nba&p=http://www.ticketsnow.com/InventoryBrowse/TicketList.aspx?PID=1605858"}}]