[{"Id":28781,"GameState":2,"Date":"2014-10-14 19:00","SeasonType":3,"GameType":3,"AwayTeamId":14,"AwayLeader":"J Parker 18 pts","HomeTeamId":11,"HomeLeader":"K Love 25 pts","AwayRecord":"1-3","HomeRecord":"2-0","AwayScore":100,"HomeScore":106,"WinningTeamId":11,"Links":{"gametrax":"/nba/gameTrax?gameId=2014101405","boxscore":"/nba/boxscore?gameId=2014101405","recap":"http://www.foxsports.com/nba/story/kevin-love-scores-25-to-lead-cleveland-cavaliers-over-milwaukee-bucks-as-lebron-james-kyrie-irving-sit-101414","preview":"#","odds":"/nba/odds#28781","tickets":"http://www.awin1.com/cread.php?awinmid=4292&awinaffid=143258&clickref=nba&p=http://www.ticketsnow.com/InventoryBrowse/TicketList.aspx?PID=1606124"}},{"Id":28848,"GameState":2,"Date":"2014-10-14 19:00","SeasonType":3,"GameType":3,"AwayTeamId":4,"AwayLeader":"C Anthony 17 pts","HomeTeamId":6,"HomeLeader":"N Noel 12 pts","AwayRecord":"2-2","HomeRecord":"1-3","AwayScore":84,"HomeScore":77,"WinningTeamId":4,"Links":{"gametrax":"/nba/gameTrax?gameId=2014101420","boxscore":"/nba/boxscore?gameId=2014101420","recap":"http://www.foxsports.com/nba/story/anthony-knicks-beat-76ers-84-77-in-preseason-101414","preview":"#","odds":"/nba/odds#28848","tickets":"http://www.awin1.com/cread.php?awinmid=4292&awinaffid=143258&clickref=nba&p=http://www.ticketsnow.com/InventoryBrowse/TicketList.aspx?PID=1609628"}},{"Id":28782,"GameState":2,"Date":"2014-10-14 19:30","SeasonType":3,"GameType":3,"AwayTeamId":8,"AwayLeader":"P Millsap 23 pts","HomeTeamId":2,"HomeLeader":"C Bosh 22 pts","AwayRecord":"2-1","HomeRecord":"0-4","AwayScore":109,"HomeScore":103,"WinningTeamId":8,"Links":{"gametrax":"/nba/gameTrax?gameId=2014101414","boxscore":"/nba/boxscore?gameId=2014101414","recap":"http://www.foxsports.com/nba/story/horford-returns-as-hawks-beat-winless-heat-101414","preview":"#","odds":"/nba/odds#28782","tickets":"http://www.awin1.com/cread.php?awinmid=4292&awinaffid=143258&clickref=nba&p=http://www.ticketsnow.com/InventoryBrowse/TicketList.aspx?PID=1600500"}},{"Id":28783,"GameState":2,"Date":"2014-10-14 20:00","SeasonType":3,"GameType":3,"AwayTeamId":17,"AwayLeader":"I Canaan 14 pts","HomeTeamId":9,"HomeLeader":"A Davis 26 pts","AwayRecord":"3-1","HomeRecord":"2-2","AwayScore":98,"HomeScore":117,"WinningTeamId":9,"Links":{"gametrax":"/nba/gameTrax?gameId=2014101403","boxscore":"/nba/boxscore?gameId=2014101403","recap":"http://www.foxsports.com/nba/story/davis-powers-pelicans-to-117-98-win-over-rockets-101414","preview":"#","odds":"/nba/odds#28783","tickets":"http://www.awin1.com/cread.php?awinmid=4292&awinaffid=143258&clickref=nba&p=http://www.ticketsnow.com/InventoryBrowse/TicketList.aspx?PID=1608016"}},{"Id":28784,"GameState":2,"Date":"2014-10-14 20:00","SeasonType":3,"GameType":3,"AwayTeamId":31,"AwayLeader":"Q Pondexter 16 pts","HomeTeamId":27,"HomeLeader":"J Lamb 23 pts","AwayRecord":"1-3","HomeRecord":"2-1","AwayScore":107,"HomeScore":117,"WinningTeamId":27,"Links":{"gametrax":"/nba/gameTrax?gameId=2014101425","boxscore":"/nba/boxscore?gameId=2014101425","recap":"http://www.foxsports.com/nba/story/thunder-beat-grizzlies-117-107-without-durant-101414","preview":"#","odds":"/nba/odds#28784","tickets":"http://www.awin1.com/cread.php?awinmid=4292&awinaffid=143258&clickref=nba&p=http://www.ticketsnow.com/InventoryBrowse/TicketList.aspx?PID=1607278"}}]