[{"Id":28762,"GameState":2,"Date":"2014-10-09 19:30","SeasonType":3,"GameType":3,"AwayTeamId":14,"AwayLeader":"K Middleton 13 pts","HomeTeamId":12,"HomeLeader":"K Caldwell-Pope 20 pts","AwayRecord":"1-1","HomeRecord":"2-0","AwayScore":80,"HomeScore":94,"WinningTeamId":12,"Links":{"gametrax":"/nba/gameTrax?gameId=2014100908","boxscore":"/nba/boxscore?gameId=2014100908","recap":"http://www.foxsports.com/nba/story/caldwell-pope-drummond-lead-pistons-past-bucks-100914","preview":"#","odds":"/nba/odds#28762","tickets":"http://www.awin1.com/cread.php?awinmid=4292&awinaffid=143258&clickref=nba&p=http://www.ticketsnow.com/InventoryBrowse/TicketList.aspx?PID=1607821"}},{"Id":28763,"GameState":2,"Date":"2014-10-09 20:00","SeasonType":3,"GameType":3,"AwayTeamId":31,"AwayLeader":"J Stokes 12 pts","HomeTeamId":17,"HomeLeader":"J Harden 21 pts","AwayRecord":"0-2","HomeRecord":"2-0","AwayScore":93,"HomeScore":113,"WinningTeamId":17,"Links":{"gametrax":"/nba/gameTrax?gameId=2014100910","boxscore":"/nba/boxscore?gameId=2014100910","recap":"http://www.foxsports.com/nba/story/houston-rockets-top-memphis-grizzlies-in-exhibition-as-dwight-howard-sits-with-bruised-knee-100914","preview":"#","odds":"/nba/odds#28763","tickets":"http://www.awin1.com/cread.php?awinmid=4292&awinaffid=143258&clickref=nba&p=http://www.ticketsnow.com/InventoryBrowse/TicketList.aspx?PID=1607842"}},{"Id":28764,"GameState":2,"Date":"2014-10-09 22:00","SeasonType":3,"GameType":3,"AwayTeamId":20,"AwayLeader":"T Burke 22 pts","HomeTeamId":25,"HomeLeader":"L Aldridge 22 pts","AwayRecord":"2-0","HomeRecord":"0-2","AwayScore":109,"HomeScore":105,"WinningTeamId":20,"Links":{"gametrax":"/nba/gameTrax?gameId=2014100922","boxscore":"/nba/boxscore?gameId=2014100922","recap":"http://www.foxsports.com/nba/story/burke-has-22-and-jazz-down-blazers-109-105-101014","preview":"#","odds":"/nba/odds#28764","tickets":"http://www.awin1.com/cread.php?awinmid=4292&awinaffid=143258&clickref=nba&p=http://www.ticketsnow.com/InventoryBrowse/TicketList.aspx?PID=1608259"}},{"Id":28765,"GameState":2,"Date":"2014-10-09 22:30","SeasonType":3,"GameType":3,"AwayTeamId":21,"AwayLeader":"K Thompson 25 pts","HomeTeamId":23,"HomeLeader":"C Boozer 16 pts","AwayRecord":"2-0","HomeRecord":"1-1","AwayScore":120,"HomeScore":105,"WinningTeamId":21,"Links":{"gametrax":"/nba/gameTrax?gameId=2014100913","boxscore":"/nba/boxscore?gameId=2014100913","recap":"#","preview":"#","odds":"/nba/odds#28765","tickets":"http://www.awin1.com/cread.php?awinmid=4292&awinaffid=143258&clickref=nba&p=http://www.ticketsnow.com/InventoryBrowse/TicketList.aspx?PID=1590343"}}]