[{"Id":28753,"GameState":2,"Date":"2014-10-07 19:00","SeasonType":3,"GameType":3,"AwayTeamId":18,"AwayLeader":"A Wiggins 18 pts","HomeTeamId":13,"HomeLeader":"G Hill 17 pts","AwayRecord":"0-1","HomeRecord":"1-0","AwayScore":90,"HomeScore":103,"WinningTeamId":13,"Links":{"gametrax":"/nba/gameTrax?gameId=2014100711","boxscore":"/nba/boxscore?gameId=2014100711","recap":"http://www.foxsports.com/nba/story/andrew-wiggins-makes-pro-debut-leads-minnesota-timberwolves-with-18-points-in-exhibition-loss-to-indiana-pacers-100714","preview":"#","odds":"/nba/odds#28753","tickets":"http://www.awin1.com/cread.php?awinmid=4292&awinaffid=143258&clickref=nba&p=http://www.ticketsnow.com/InventoryBrowse/TicketList.aspx?PID=1603605"}},{"Id":28754,"GameState":2,"FinalText":"OT","Date":"2014-10-07 19:30","SeasonType":3,"GameType":3,"AwayTeamId":10,"AwayLeader":"J Butler 18 pts","HomeTeamId":12,"HomeLeader":"G Monroe 24 pts","AwayRecord":"0-2","HomeRecord":"1-0","AwayScore":109,"HomeScore":111,"WinningTeamId":12,"Links":{"gametrax":"/nba/gameTrax?gameId=2014100708","boxscore":"/nba/boxscore?gameId=2014100708","recap":"http://www.foxsports.com/nba/story/monroe-leads-pistons-past-bulls-111-109-in-ot-100714","preview":"#","odds":"/nba/odds#28754","tickets":"http://www.awin1.com/cread.php?awinmid=4292&awinaffid=143258&clickref=nba&p=http://www.ticketsnow.com/InventoryBrowse/TicketList.aspx?PID=1607820"}},{"Id":28755,"GameState":2,"FinalText":"OT","Date":"2014-10-07 19:30","SeasonType":3,"GameType":3,"AwayTeamId":5,"AwayLeader":"N Vucevic 16 pts","HomeTeamId":2,"HomeLeader":"C Bosh 18 pts","AwayRecord":"1-0","HomeRecord":"0-2","AwayScore":108,"HomeScore":101,"WinningTeamId":5,"Links":{"gametrax":"/nba/gameTrax?gameId=2014100714","boxscore":"/nba/boxscore?gameId=2014100714","recap":"http://www.foxsports.com/nba/story/marble-helps-magic-top-heat-in-ot-108-101-100714","preview":"#","odds":"/nba/odds#28755","tickets":"http://www.awin1.com/cread.php?awinmid=4292&awinaffid=143258&clickref=nba&p=http://www.ticketsnow.com/InventoryBrowse/TicketList.aspx?PID=1600502"}},{"Id":28756,"GameState":2,"Date":"2014-10-07 20:30","SeasonType":3,"GameType":3,"AwayTeamId":17,"AwayLeader":"D Motiejunas 18 pts","HomeTeamId":15,"HomeLeader":"C Parsons 14 pts","AwayRecord":"1-0","HomeRecord":"0-1","AwayScore":111,"HomeScore":108,"WinningTeamId":17,"Links":{"gametrax":"/nba/gameTrax?gameId=2014100706","boxscore":"/nba/boxscore?gameId=2014100706","recap":"http://www.foxsports.com/nba/story/rockets-top-mavs-111-108-in-preseason-foul-fest-100714","preview":"#","odds":"/nba/odds#28756","tickets":"http://www.awin1.com/cread.php?awinmid=4292&awinaffid=143258&clickref=nba&p=http://www.ticketsnow.com/InventoryBrowse/TicketList.aspx?PID=1608089"}},{"Id":28757,"GameState":2,"Date":"2014-10-07 21:00","SeasonType":3,"GameType":3,"AwayTeamId":25,"AwayLeader":"W Barton 12 pts","HomeTeamId":20,"HomeLeader":"A Burks 12 pts","AwayRecord":"0-1","HomeRecord":"1-0","AwayScore":73,"HomeScore":92,"WinningTeamId":20,"Links":{"gametrax":"/nba/gameTrax?gameId=2014100726","boxscore":"/nba/boxscore?gameId=2014100726","recap":"http://www.foxsports.com/nba/story/jazz-beat-trail-blazers-92-73-in-preseason-opener-100714","preview":"#","odds":"/nba/odds#28757","tickets":"http://www.awin1.com/cread.php?awinmid=4292&awinaffid=143258&clickref=nba&p=http://www.ticketsnow.com/InventoryBrowse/TicketList.aspx?PID=1608262"}},{"Id":28758,"GameState":2,"Date":"2014-10-07 22:00","SeasonType":3,"GameType":3,"AwayTeamId":30,"AwayLeader":"K Lowry 25 pts","HomeTeamId":26,"HomeLeader":"D Cousins 19 pts","AwayRecord":"1-1","HomeRecord":"1-1","AwayScore":106,"HomeScore":113,"WinningTeamId":26,"Links":{"gametrax":"/nba/gameTrax?gameId=2014100723","boxscore":"/nba/boxscore?gameId=2014100723","recap":"http://www.foxsports.com/nba/story/cousins-leads-kings-to-113-106-win-over-raptors-100814","preview":"#","odds":"/nba/odds#28758","tickets":"http://www.awin1.com/cread.php?awinmid=4292&awinaffid=143258&clickref=nba&p=http://www.ticketsnow.com/InventoryBrowse/TicketList.aspx?PID=1607839"}},{"Id":28759,"GameState":2,"Date":"2014-10-07 22:30","SeasonType":3,"GameType":3,"AwayTeamId":21,"AwayLeader":"K Thompson 20 pts","HomeTeamId":22,"HomeLeader":"B Griffin 24 pts","AwayRecord":"1-0","HomeRecord":"0-1","AwayScore":112,"HomeScore":94,"WinningTeamId":21,"Links":{"gametrax":"/nba/gameTrax?gameId=2014100712","boxscore":"/nba/boxscore?gameId=2014100712","recap":"http://www.foxsports.com/nba/story/los-angeles-clippers-drop-exhibition-vs-golden-state-warriors-in-first-game-since-donald-sterling-sold-team-100814","preview":"#","odds":"/nba/odds#28759","tickets":"http://www.awin1.com/cread.php?awinmid=4292&awinaffid=143258&clickref=nba&p=http://www.ticketsnow.com/InventoryBrowse/TicketList.aspx?PID=1605907"}}]