[{"Id":28828,"GameState":2,"Date":"2014-10-20 19:00","SeasonType":3,"GameType":3,"AwayTeamId":10,"AwayLeader":"D Rose 30 pts","HomeTeamId":11,"HomeLeader":"K Irving 28 pts","AwayRecord":"4-3","HomeRecord":"4-1","AwayScore":98,"HomeScore":107,"WinningTeamId":11,"Links":{"gametrax":"/nba/gameTrax?gameId=2014102005","boxscore":"/nba/boxscore?gameId=2014102005","recap":"http://www.foxsports.com/nba/story/irving-scores-28-as-cavs-beat-bulls-107-98-102014","preview":"#","odds":"/nba/odds#28828","tickets":"http://www.awin1.com/cread.php?awinmid=4292&awinaffid=143258&clickref=nba&p=http://www.ticketsnow.com/InventoryBrowse/TicketList.aspx?PID=1604538"}},{"Id":28840,"GameState":2,"Date":"2014-10-20 19:00","SeasonType":3,"GameType":3,"AwayTeamId":9,"AwayLeader":"A Davis 14 pts","HomeTeamId":7,"HomeLeader":"K Seraphin 14 pts","AwayRecord":"4-2","HomeRecord":"3-3","AwayScore":88,"HomeScore":84,"WinningTeamId":9,"Links":{"gametrax":"/nba/gameTrax?gameId=2014102027","boxscore":"/nba/boxscore?gameId=2014102027","recap":"http://www.foxsports.com/nba/story/davis-scores-14-in-pelicans-win-over-wizards-102014","preview":"#","odds":"/nba/odds#28840"}},{"Id":28800,"GameState":2,"FinalText":"OT","Date":"2014-10-20 19:30","SeasonType":3,"GameType":3,"AwayTeamId":32,"AwayLeader":"G Neal 21 pts","HomeTeamId":8,"HomeLeader":"P Millsap 21 pts","AwayRecord":"3-4","HomeRecord":"3-3","AwayScore":114,"HomeScore":117,"WinningTeamId":8,"Links":{"gametrax":"/nba/gameTrax?gameId=2014102001","boxscore":"/nba/boxscore?gameId=2014102001","recap":"http://www.foxsports.com/nba/story/millsap-hawks-hold-off-hornets-117-114-in-ot-102014","preview":"#","odds":"/nba/odds#28800","tickets":"http://www.awin1.com/cread.php?awinmid=4292&awinaffid=143258&clickref=nba&p=http://www.ticketsnow.com/InventoryBrowse/TicketList.aspx?PID=1612713"}},{"Id":28801,"GameState":2,"Date":"2014-10-20 19:30","SeasonType":3,"GameType":3,"AwayTeamId":6,"AwayLeader":"H Sims 13 pts","HomeTeamId":3,"HomeLeader":"M Plumlee 20 pts","AwayRecord":"2-5","HomeRecord":"3-1","AwayScore":88,"HomeScore":99,"WinningTeamId":3,"Links":{"gametrax":"/nba/gameTrax?gameId=2014102017","boxscore":"/nba/boxscore?gameId=2014102017","recap":"http://www.foxsports.com/nba/story/plumlee-lifts-nets-to-99-88-win-over-76ers-102014","preview":"#","odds":"/nba/odds#28801","tickets":"http://www.awin1.com/cread.php?awinmid=4292&awinaffid=143258&clickref=nba&p=http://www.ticketsnow.com/InventoryBrowse/TicketList.aspx?PID=1605436"}},{"Id":28802,"GameState":2,"Date":"2014-10-20 19:30","SeasonType":3,"GameType":3,"AwayTeamId":14,"AwayLeader":"O Mayo 24 pts","HomeTeamId":4,"HomeLeader":"C Anthony 24 pts","AwayRecord":"3-3","HomeRecord":"2-3","AwayScore":120,"HomeScore":107,"WinningTeamId":14,"Links":{"gametrax":"/nba/gameTrax?gameId=2014102018","boxscore":"/nba/boxscore?gameId=2014102018","recap":"http://www.foxsports.com/nba/story/mayo-scores-24-points-bucks-top-knicks-120-107-102014","preview":"#","odds":"/nba/odds#28802","tickets":"http://www.awin1.com/cread.php?awinmid=4292&awinaffid=143258&clickref=nba&p=http://www.ticketsnow.com/InventoryBrowse/TicketList.aspx?PID=1607893"}},{"Id":28803,"GameState":2,"Date":"2014-10-20 20:30","SeasonType":3,"GameType":3,"AwayTeamId":31,"AwayLeader":"Q Pondexter 18 pts","HomeTeamId":15,"HomeLeader":"T Chandler 14 pts","AwayRecord":"1-4","HomeRecord":"3-3","AwayScore":103,"HomeScore":108,"WinningTeamId":15,"Links":{"gametrax":"/nba/gameTrax?gameId=2014102006","boxscore":"/nba/boxscore?gameId=2014102006","recap":"http://www.foxsports.com/nba/story/mavs-used-balanced-offense-to-beat-grizzlies-102114","preview":"#","odds":"/nba/odds#28803","tickets":"http://www.awin1.com/cread.php?awinmid=4292&awinaffid=143258&clickref=nba&p=http://www.ticketsnow.com/InventoryBrowse/TicketList.aspx?PID=1608090"}},{"Id":28804,"GameState":2,"Date":"2014-10-20 20:30","SeasonType":3,"GameType":3,"AwayTeamId":26,"AwayLeader":"D Cousins 32 pts","HomeTeamId":19,"HomeLeader":"J Ayres 15 pts","AwayRecord":"1-4","HomeRecord":"1-2","AwayScore":99,"HomeScore":106,"WinningTeamId":19,"Links":{"gametrax":"/nba/gameTrax?gameId=2014102024","boxscore":"/nba/boxscore?gameId=2014102024","recap":"http://www.foxsports.com/nba/story/spurs-rally-to-beat-kings-106-99-102014","preview":"#","odds":"/nba/odds#28804","tickets":"http://www.awin1.com/cread.php?awinmid=4292&awinaffid=143258&clickref=nba&p=http://www.ticketsnow.com/InventoryBrowse/TicketList.aspx?PID=1605808"}}]