[{"Id":28842,"GameState":2,"FinalText":"OT","Date":"2014-10-11 17:00","SeasonType":3,"GameType":3,"AwayTeamId":11,"AwayLeader":"K Love 25 pts","HomeTeamId":2,"HomeLeader":"C Bosh 19 pts","AwayRecord":"1-0","HomeRecord":"0-3","AwayScore":122,"HomeScore":119,"WinningTeamId":11,"Links":{"gametrax":"/nba/gameTrax?gameId=2014101114","boxscore":"/nba/boxscore?gameId=2014101114","recap":"http://www.foxsports.com/nba/story/lebron-james-plays-against-heat-leads-cavaliers-to-win-in-rio-de-janeiro-101114","preview":"#","odds":"/nba/odds#28842"}},{"Id":28847,"GameState":2,"Date":"2014-10-11 19:30","SeasonType":3,"GameType":3,"AwayTeamId":4,"AwayLeader":"C Anthony 16 pts","HomeTeamId":1,"HomeLeader":"J Sullinger 15 pts","AwayRecord":"1-1","HomeRecord":"2-2","AwayScore":96,"HomeScore":80,"WinningTeamId":4,"Links":{"gametrax":"/nba/gameTrax?gameId=2014101102","boxscore":"/nba/boxscore?gameId=2014101102","recap":"http://www.foxsports.com/nba/story/knicks-beat-celtics-for-1st-preseason-win-101114","preview":"#","odds":"/nba/odds#28847","tickets":"http://www.awin1.com/cread.php?awinmid=4292&awinaffid=143258&clickref=nba&p=http://www.ticketsnow.com/NBA/InventoryBrowse/Boston-Celtics-Tickets-at-Mohegan-Sun-Arena-CT-in-Uncasville-10-11-2014?PID=1598421&partnerCode=16145"}},{"Id":28771,"GameState":2,"Date":"2014-10-11 20:00","SeasonType":3,"GameType":3,"AwayTeamId":8,"AwayLeader":"J Jenkins 15 pts","HomeTeamId":31,"HomeLeader":"M Conley 23 pts","AwayRecord":"1-1","HomeRecord":"1-2","AwayScore":88,"HomeScore":93,"WinningTeamId":31,"Links":{"gametrax":"/nba/gameTrax?gameId=2014101129","boxscore":"/nba/boxscore?gameId=2014101129","recap":"http://www.foxsports.com/nba/story/conleys-23-points-lead-grizzlies-past-hawks-93-88-101214","preview":"#","odds":"/nba/odds#28771","tickets":"http://www.awin1.com/cread.php?awinmid=4292&awinaffid=143258&clickref=nba&p=http://www.ticketsnow.com/InventoryBrowse/TicketList.aspx?PID=1607825"}},{"Id":28772,"GameState":2,"Date":"2014-10-11 20:30","SeasonType":3,"GameType":3,"AwayTeamId":10,"AwayLeader":"P Gasol 20 pts","HomeTeamId":14,"HomeLeader":"L Sanders 14 pts","AwayRecord":"1-2","HomeRecord":"1-2","AwayScore":91,"HomeScore":85,"WinningTeamId":10,"Links":{"gametrax":"/nba/gameTrax?gameId=2014101115","boxscore":"/nba/boxscore?gameId=2014101115","recap":"http://www.foxsports.com/nba/story/pau-gasol-jimmy-butler-lead-bulls-over-bucks-in-preseason-game-101114","preview":"#","odds":"/nba/odds#28772","tickets":"http://www.awin1.com/cread.php?awinmid=4292&awinaffid=143258&clickref=nba&p=http://www.ticketsnow.com/InventoryBrowse/TicketList.aspx?PID=1607832"}}]