[{"Id":28843,"GameState":2,"Date":"2014-10-04 19:30","SeasonType":3,"GameType":3,"AwayTeamId":9,"AwayLeader":"J Fredette 17 pts","HomeTeamId":2,"HomeLeader":"J Ennis 17 pts","AwayRecord":"1-0","HomeRecord":"0-1","AwayScore":98,"HomeScore":86,"WinningTeamId":9,"Links":{"gametrax":"/nba/gameTrax?gameId=2014100414","boxscore":"/nba/boxscore?gameId=2014100414","recap":"http://www.foxsports.com/nba/story/fredette-helps-pelicans-top-heat-in-preseason-game-100414","preview":"#","odds":"/nba/odds#28843","tickets":"http://www.awin1.com/cread.php?awinmid=4292&awinaffid=143258&clickref=nba&p=http://www.ticketsnow.com/NBA/InventoryBrowse/Miami-Heat-Tickets-at-KFC-Yum--Center-in-Louisville-10-4-2014?PID=1552043&partnerCode=16145"}}]