[{"Id":28786,"GameState":2,"Date":"2014-10-16 19:00","SeasonType":3,"GameType":3,"AwayTeamId":1,"AwayLeader":"J Sullinger 21 pts","HomeTeamId":6,"HomeLeader":"E Williams 17 pts","AwayRecord":"3-3","HomeRecord":"1-4","AwayScore":111,"HomeScore":91,"WinningTeamId":1,"Links":{"gametrax":"/nba/gameTrax?gameId=2014101620","boxscore":"/nba/boxscore?gameId=2014101620","recap":"http://www.foxsports.com/nba/story/sullinger-bradley-lead-celtics-past-76ers-101614","preview":"#","odds":"/nba/odds#28786","tickets":"http://www.awin1.com/cread.php?awinmid=4292&awinaffid=143258&clickref=nba&p=http://www.ticketsnow.com/InventoryBrowse/TicketList.aspx?PID=1608176"}},{"Id":28787,"GameState":2,"Date":"2014-10-16 20:00","SeasonType":3,"GameType":3,"AwayTeamId":27,"AwayLeader":"J Lamb 20 pts","HomeTeamId":9,"HomeLeader":"A Davis 28 pts","AwayRecord":"2-2","HomeRecord":"3-2","AwayScore":86,"HomeScore":120,"WinningTeamId":9,"Links":{"gametrax":"/nba/gameTrax?gameId=2014101603","boxscore":"/nba/boxscore?gameId=2014101603","recap":"http://www.foxsports.com/nba/story/davis-leads-pelicans-past-thunder-120-86-101614","preview":"#","odds":"/nba/odds#28787","tickets":"http://www.awin1.com/cread.php?awinmid=4292&awinaffid=143258&clickref=nba&p=http://www.ticketsnow.com/InventoryBrowse/TicketList.aspx?PID=1608015"}},{"Id":28788,"GameState":2,"Date":"2014-10-16 20:00","SeasonType":3,"GameType":3,"AwayTeamId":8,"AwayLeader":"M Scott 15 pts","HomeTeamId":10,"HomeLeader":"J Butler 29 pts","AwayRecord":"2-2","HomeRecord":"3-2","AwayScore":84,"HomeScore":85,"WinningTeamId":10,"Links":{"gametrax":"/nba/gameTrax?gameId=2014101604","boxscore":"/nba/boxscore?gameId=2014101604","recap":"http://www.foxsports.com/nba/story/butler-leads-bulls-past-hawks-85-84-101614","preview":"#","odds":"/nba/odds#28788","tickets":"http://www.awin1.com/cread.php?awinmid=4292&awinaffid=143258&clickref=nba&p=http://www.ticketsnow.com/InventoryBrowse/TicketList.aspx?PID=1605613"}},{"Id":28851,"GameState":2,"Date":"2014-10-16 20:00","SeasonType":3,"GameType":3,"AwayTeamId":16,"AwayLeader":"T Mozgov 18 pts","HomeTeamId":21,"HomeLeader":"J McAdoo 20 pts","AwayRecord":"1-4","HomeRecord":"4-0","AwayScore":101,"HomeScore":104,"WinningTeamId":21,"Links":{"gametrax":"/nba/gameTrax?gameId=2014101609","boxscore":"/nba/boxscore?gameId=2014101609","recap":"http://www.foxsports.com/nba/story/warriors-beat-nuggets-104-101-101614","preview":"#","odds":"/nba/odds#28851"}},{"Id":28789,"GameState":2,"Date":"2014-10-16 22:00","SeasonType":3,"GameType":3,"AwayTeamId":19,"AwayLeader":"A Daye 17 pts","HomeTeamId":24,"HomeLeader":"G Dragic 20 pts","AwayRecord":"0-1","HomeRecord":"2-1","AwayScore":90,"HomeScore":121,"WinningTeamId":24,"Links":{"gametrax":"/nba/gameTrax?gameId=2014101621","boxscore":"/nba/boxscore?gameId=2014101621","recap":"http://www.foxsports.com/nba/story/suns-beat-short-handed-spurs-121-90-101714","preview":"#","odds":"/nba/odds#28789","tickets":"http://www.awin1.com/cread.php?awinmid=4292&awinaffid=143258&clickref=nba&p=http://www.ticketsnow.com/InventoryBrowse/TicketList.aspx?PID=1608032"}},{"Id":28825,"GameState":2,"Date":"2014-10-16 22:00","SeasonType":3,"GameType":3,"AwayTeamId":20,"AwayLeader":"G Hayward 16 pts","HomeTeamId":23,"HomeLeader":"K Bryant 27 pts","AwayRecord":"4-0","HomeRecord":"1-3","AwayScore":119,"HomeScore":86,"WinningTeamId":20,"Links":{"gametrax":"/nba/gameTrax?gameId=2014101613","boxscore":"/nba/boxscore?gameId=2014101613","recap":"http://www.foxsports.com/nba/story/jazz-rout-defenseless-lakers-119-86-101714","preview":"#","odds":"/nba/odds#28825","tickets":"http://www.awin1.com/cread.php?awinmid=4292&awinaffid=143258&clickref=nba&p=http://www.ticketexchangebyticketmaster.com/la-lakers-tickets/InventoryBrowse/Los-Angeles-Lakers-Tickets-at-Honda-Center-in-Anaheim-10-16-2014?PID=1565860&partnerCode=16145"}}]