[{"Id":28794,"GameState":2,"Date":"2014-10-18 19:00","SeasonType":3,"GameType":3,"AwayTeamId":15,"AwayLeader":"R Jefferson 19 pts","HomeTeamId":13,"HomeLeader":"C Copeland 22 pts","AwayRecord":"2-3","HomeRecord":"2-3","AwayScore":93,"HomeScore":98,"WinningTeamId":13,"Links":{"gametrax":"/nba/gameTrax?gameId=2014101811","boxscore":"/nba/boxscore?gameId=2014101811","recap":"http://www.foxsports.com/nba/story/david-west-injury-update-pacers-sprained-ankle-status-101814","preview":"#","odds":"/nba/odds#28794","tickets":"http://www.awin1.com/cread.php?awinmid=4292&awinaffid=143258&clickref=nba&p=http://www.ticketsnow.com/InventoryBrowse/TicketList.aspx?PID=1603607"}},{"Id":28795,"GameState":2,"Date":"2014-10-18 19:30","SeasonType":3,"GameType":3,"AwayTeamId":12,"AwayLeader":"A Drummond 19 pts","HomeTeamId":8,"HomeLeader":"J Teague 16 pts","AwayRecord":"4-2","HomeRecord":"2-3","AwayScore":104,"HomeScore":100,"WinningTeamId":12,"Links":{"gametrax":"/nba/gameTrax?gameId=2014101801","boxscore":"/nba/boxscore?gameId=2014101801","recap":"http://www.foxsports.com/nba/story/drummond-leads-pistons-past-hawks-104-100-101814","preview":"#","odds":"/nba/odds#28795","tickets":"http://www.awin1.com/cread.php?awinmid=4292&awinaffid=143258&clickref=nba&p=http://www.ticketsnow.com/InventoryBrowse/TicketList.aspx?PID=1612712"}},{"Id":28853,"GameState":2,"Date":"2014-10-18 19:30","SeasonType":3,"GameType":3,"AwayTeamId":5,"AwayLeader":"A Nicholson 23 pts","HomeTeamId":6,"HomeLeader":"D Gordon 16 pts","AwayRecord":"3-2","HomeRecord":"2-4","AwayScore":84,"HomeScore":95,"WinningTeamId":6,"Links":{"gametrax":"/nba/gameTrax?gameId=2014101820","boxscore":"/nba/boxscore?gameId=2014101820","recap":"http://www.foxsports.com/nba/story/drew-gordon-helps-76ers-hold-off-magic-95-84-101814","preview":"#","odds":"/nba/odds#28853","tickets":"http://www.awin1.com/cread.php?awinmid=4292&awinaffid=143258&clickref=nba&p=http://www.ticketsnow.com/InventoryBrowse/TicketList.aspx?PID=1610497"}},{"Id":28796,"GameState":2,"FinalText":"OT","Date":"2014-10-18 20:30","SeasonType":3,"GameType":3,"AwayTeamId":2,"AwayLeader":"S Napier 25 pts","HomeTeamId":19,"HomeLeader":"M Belinelli 18 pts","AwayRecord":"2-4","HomeRecord":"0-2","AwayScore":111,"HomeScore":108,"WinningTeamId":2,"Links":{"gametrax":"/nba/gameTrax?gameId=2014101824","boxscore":"/nba/boxscore?gameId=2014101824","recap":"http://www.foxsports.com/nba/story/heat-beat-spurs-111-108-in-overtime-101814","preview":"#","odds":"/nba/odds#28796","tickets":"http://www.awin1.com/cread.php?awinmid=4292&awinaffid=143258&clickref=nba&p=http://www.ticketsnow.com/InventoryBrowse/TicketList.aspx?PID=1605806"}},{"Id":28837,"GameState":2,"Date":"2014-10-18 22:30","SeasonType":3,"GameType":3,"AwayTeamId":16,"AwayLeader":"K Faried 19 pts","HomeTeamId":22,"HomeLeader":"B Griffin 27 pts","AwayRecord":"2-4","HomeRecord":"1-4","AwayScore":104,"HomeScore":93,"WinningTeamId":16,"Links":{"gametrax":"/nba/gameTrax?gameId=2014101812","boxscore":"/nba/boxscore?gameId=2014101812","recap":"http://www.foxsports.com/nba/story/faried-helps-nuggets-beat-clippers-104-93-101914","preview":"#","odds":"/nba/odds#28837","tickets":"http://www.awin1.com/cread.php?awinmid=4292&awinaffid=143258&clickref=nba&p=http://www.ticketsnow.com/NBA/InventoryBrowse/Los-Angeles-Clippers-Tickets-at-Mandalay-Bay-Events-Center-in-Las-Vegas-10-18-2014?PID=1548248&partnerCode=16145"}}]