[{"Id":28750,"GameState":2,"Date":"2014-10-06 19:30","SeasonType":3,"GameType":3,"AwayTeamId":9,"AwayLeader":"R Anderson 14 pts","HomeTeamId":8,"HomeLeader":"J Jenkins 13 pts","AwayRecord":"1-1","HomeRecord":"1-0","AwayScore":87,"HomeScore":93,"WinningTeamId":8,"Links":{"gametrax":"/nba/gameTrax?gameId=2014100601","boxscore":"/nba/boxscore?gameId=2014100601","recap":"http://www.foxsports.com/nba/story/john-jenkins-hawks-hold-off-pelicans-93-87-100614","preview":"#","odds":"/nba/odds#28750","tickets":"http://www.awin1.com/cread.php?awinmid=4292&awinaffid=143258&clickref=nba&p=http://www.ticketsnow.com/InventoryBrowse/TicketList.aspx?PID=1612711"}},{"Id":28751,"GameState":2,"Date":"2014-10-06 19:30","SeasonType":3,"GameType":3,"AwayTeamId":6,"AwayLeader":"T Wroten 19 pts","HomeTeamId":1,"HomeLeader":"E Turner 15 pts","AwayRecord":"0-1","HomeRecord":"1-0","AwayScore":78,"HomeScore":98,"WinningTeamId":1,"Links":{"gametrax":"/nba/gameTrax?gameId=2014100602","boxscore":"/nba/boxscore?gameId=2014100602","recap":"http://www.foxsports.com/nba/story/nerlens-noel-makes-delayed-pro-debut-in-philadelphia-76ers-exhibition-loss-to-boston-celtics-100614","preview":"#","odds":"/nba/odds#28751","tickets":"http://www.awin1.com/cread.php?awinmid=4292&awinaffid=143258&clickref=nba&p=http://www.ticketsnow.com/InventoryBrowse/TicketList.aspx?PID=1603772"}},{"Id":28752,"GameState":2,"Date":"2014-10-06 20:00","SeasonType":3,"GameType":3,"AwayTeamId":7,"AwayLeader":"G Rice Jr. 18 pts","HomeTeamId":10,"HomeLeader":"N Mirotic 17 pts","AwayRecord":"1-0","HomeRecord":"0-1","AwayScore":85,"HomeScore":81,"WinningTeamId":7,"Links":{"gametrax":"/nba/gameTrax?gameId=2014100604","boxscore":"/nba/boxscore?gameId=2014100604","recap":"http://www.foxsports.com/nba/story/joakim-noah-paul-pierce-exchange-shoves-in-washington-wizards-exhibition-win-over-chicago-bulls-100614","preview":"#","odds":"/nba/odds#28752","tickets":"http://www.awin1.com/cread.php?awinmid=4292&awinaffid=143258&clickref=nba&p=http://www.ticketsnow.com/InventoryBrowse/TicketList.aspx?PID=1605611"}},{"Id":28844,"GameState":2,"Date":"2014-10-06 22:00","SeasonType":3,"GameType":3,"AwayTeamId":16,"AwayLeader":"T Lawson 14 pts","HomeTeamId":23,"HomeLeader":"J Clarkson 14 pts","AwayRecord":"0-1","HomeRecord":"1-0","AwayScore":95,"HomeScore":98,"WinningTeamId":23,"Links":{"gametrax":"/nba/gameTrax?gameId=2014100613","boxscore":"/nba/boxscore?gameId=2014100613","recap":"http://www.foxsports.com/nba/story/kobe-bryant-scores-13-points-in-los-angeles-lakers-exhibition-win-over-denver-nuggets-100714","preview":"#","odds":"/nba/odds#28844","tickets":"http://www.awin1.com/cread.php?awinmid=4292&awinaffid=143258&clickref=nba&p=http://www.ticketexchangebyticketmaster.com/la-lakers-tickets/InventoryBrowse/Los-Angeles-Lakers-Tickets-at-Valley-View-Casino-Center-in-San-Diego-10-6-2014?PID=1568067&partnerCode=16145"}}]