[{"Id":28926,"GameState":2,"SeriesText":"CLE leads Round 2, 3-2","SeriesGame":5,"PlayoffRound":2,"Date":"2015-05-12 19:00","SeasonType":2,"GameType":2,"AwayTeamId":10,"AwayLeader":"J Butler 29 pts","HomeTeamId":11,"HomeLeader":"L James 38 pts","AwayRecord":"50-32","HomeRecord":"53-29","AwayScore":101,"HomeScore":106,"WinningTeamId":11,"Links":{"gametrax":"/nba/gameTrax?gameId=2015051205","boxscore":"/nba/boxscore?gameId=2015051205","recap":"http://www.foxsports.com/nba/story/lebron-scores-38-cavs-down-bulls-106-101-in-heated-game-5-051215","preview":"http://www.foxsports.com/nba/story/bulls-cavaliers-preview-051115","odds":"/nba/odds#28926","tickets":"http://www.awin1.com/cread.php?awinmid=4292&awinaffid=143258&clickref=nba&p=http://www.ticketsnow.com/InventoryBrowse/TicketList.aspx?PID=1706860"}},{"Id":28941,"GameState":2,"SeriesText":"LAC leads Round 2, 3-2","SeriesGame":5,"PlayoffRound":2,"Date":"2015-05-12 21:30","SeasonType":2,"GameType":2,"AwayTeamId":22,"AwayLeader":"B Griffin 30 pts","HomeTeamId":17,"HomeLeader":"J Harden 26 pts","AwayRecord":"56-26","HomeRecord":"56-26","AwayScore":103,"HomeScore":124,"WinningTeamId":17,"Links":{"gametrax":"/nba/gameTrax?gameId=2015051210","boxscore":"/nba/boxscore?gameId=2015051210","recap":"http://www.foxsports.com/nba/story/houston-avoids-elimination-with-124-103-win-over-clippers-051315","preview":"http://www.foxsports.com/nba/story/clippers-rockets-preview-051115","odds":"/nba/odds#28941","tickets":"http://www.awin1.com/cread.php?awinmid=4292&awinaffid=143258&clickref=nba&p=http://www.ticketsnow.com/InventoryBrowse/TicketList.aspx?PID=1702003"}}]