[{"Id":28944,"GameState":2,"SeriesText":"CLE leads ECF, 1-0","SeriesGame":1,"PlayoffRound":3,"Date":"2015-05-20 20:30","SeasonType":2,"GameType":2,"AwayTeamId":11,"AwayLeader":"L James 31 pts","HomeTeamId":8,"HomeLeader":"J Teague 27 pts","AwayRecord":"53-29","HomeRecord":"60-22","AwayScore":97,"HomeScore":89,"WinningTeamId":11,"Links":{"gametrax":"/nba/gameTrax?gameId=2015052001","boxscore":"/nba/boxscore?gameId=2015052001","recap":"http://www.foxsports.com/nba/story/smith-james-lead-cavs-past-hawks-97-89-in-game-1-052115","preview":"http://www.foxsports.com/nba/story/quite-a-change-since-2014-cavs-meet-hawks-in-east-finals-051915","odds":"/nba/odds#28944","tickets":"http://www.awin1.com/cread.php?awinmid=4292&awinaffid=143258&clickref=nba&p=http://www.ticketsnow.com/InventoryBrowse/TicketList.aspx?PID=1707140"}}]