[{"Id":28946,"GameState":2,"FinalText":"OT","SeriesText":"CLE leads ECF, 3-0","SeriesGame":3,"PlayoffRound":3,"Date":"2015-05-24 20:30","SeasonType":2,"GameType":2,"AwayTeamId":8,"AwayLeader":"J Teague 30 pts","HomeTeamId":11,"HomeLeader":"L James 37 pts","AwayRecord":"60-22","HomeRecord":"53-29","AwayScore":111,"HomeScore":114,"WinningTeamId":11,"Links":{"gametrax":"/nba/gameTrax?gameId=2015052405","boxscore":"/nba/boxscore?gameId=2015052405","recap":"http://www.foxsports.com/nba/story/lebrons-triple-double-helps-cavs-top-hawks-in-thriller-052415","preview":"http://www.foxsports.com/nba/story/cavs-irving-tests-knee-with-brace-questionable-for-game-3-052315","odds":"/nba/odds#28946","tickets":"http://www.awin1.com/cread.php?awinmid=4292&awinaffid=143258&clickref=nba&p=http://www.ticketsnow.com/InventoryBrowse/TicketList.aspx?PID=1706862"}}]