[{"Id":28878,"GameState":2,"SeriesText":"CLE wins Round 1, 4-0","SeriesGame":4,"PlayoffRound":1,"Date":"2015-04-26 13:00","SeasonType":2,"GameType":2,"AwayTeamId":11,"AwayLeader":"L James 27 pts","HomeTeamId":1,"HomeLeader":"J Sullinger 21 pts","AwayRecord":"53-29","HomeRecord":"40-42","AwayScore":101,"HomeScore":93,"WinningTeamId":11,"Links":{"gametrax":"/nba/gameTrax?gameId=2015042602","boxscore":"/nba/boxscore?gameId=2015042602","recap":"http://www.foxsports.com/nba/story/cavs-lose-love-to-injury-but-sweep-celts-with-101-93-victory-042615","preview":"http://www.foxsports.com/nba/story/cavaliers-celtics-preview-042515","odds":"/nba/odds#28878","tickets":"http://www.awin1.com/cread.php?awinmid=4292&awinaffid=143258&clickref=nba&p=http://www.ticketsnow.com/InventoryBrowse/TicketList.aspx?PID=1702932"}},{"Id":28879,"GameState":2,"SeriesText":"Round 1 tied, 2-2","SeriesGame":4,"PlayoffRound":1,"Date":"2015-04-26 15:30","SeasonType":2,"GameType":2,"AwayTeamId":22,"AwayLeader":"C Paul 34 pts","HomeTeamId":19,"HomeLeader":"K Leonard 26 pts","AwayRecord":"56-26","HomeRecord":"55-27","AwayScore":114,"HomeScore":105,"WinningTeamId":22,"Links":{"gametrax":"/nba/gameTrax?gameId=2015042624","boxscore":"/nba/boxscore?gameId=2015042624","recap":"http://www.foxsports.com/nba/story/nba-playoffs-los-angeles-clippers-beat-san-antonio-spurs-to-even-series-2-2-chris-paul-scores-34-042615","preview":"http://www.foxsports.com/nba/story/clippers-spurs-preview-042515","odds":"/nba/odds#28879","tickets":"http://www.awin1.com/cread.php?awinmid=4292&awinaffid=143258&clickref=nba&p=http://www.ticketsnow.com/InventoryBrowse/TicketList.aspx?PID=1695880"}},{"Id":28906,"GameState":2,"SeriesText":"WSH wins Round 1, 4-0","SeriesGame":4,"PlayoffRound":1,"Date":"2015-04-26 18:30","SeasonType":2,"GameType":2,"AwayTeamId":30,"AwayLeader":"K Lowry 21 pts","HomeTeamId":7,"HomeLeader":"B Beal 23 pts","AwayRecord":"49-33","HomeRecord":"46-36","AwayScore":94,"HomeScore":125,"WinningTeamId":7,"Links":{"gametrax":"/nba/gameTrax?gameId=2015042627","boxscore":"/nba/boxscore?gameId=2015042627","recap":"http://www.foxsports.com/nba/story/wall-beal-lead-wiz-past-raptors-125-94-in-game-4-for-sweep-042615","preview":"http://www.foxsports.com/nba/story/raptors-wizards-preview-042515","odds":"/nba/odds#28906","tickets":"http://www.awin1.com/cread.php?awinmid=4292&awinaffid=143258&clickref=nba&p=http://www.ticketsnow.com/InventoryBrowse/TicketList.aspx?PID=1697444"}},{"Id":28880,"GameState":2,"SeriesText":"HOU leads Round 1, 3-1","SeriesGame":4,"PlayoffRound":1,"Date":"2015-04-26 21:00","SeasonType":2,"GameType":2,"AwayTeamId":17,"AwayLeader":"J Harden 24 pts","HomeTeamId":15,"HomeLeader":"M Ellis 31 pts","AwayRecord":"56-26","HomeRecord":"50-32","AwayScore":109,"HomeScore":121,"WinningTeamId":15,"Links":{"gametrax":"/nba/gameTrax?gameId=2015042606","boxscore":"/nba/boxscore?gameId=2015042606","recap":"http://www.foxsports.com/nba/story/ellis-barea-keep-mavs-alive-with-121-109-win-over-rockets-042715","preview":"http://www.foxsports.com/nba/story/rockets-mavericks-preview-042515","odds":"/nba/odds#28880","tickets":"http://www.awin1.com/cread.php?awinmid=4292&awinaffid=143258&clickref=nba&p=http://www.ticketsnow.com/InventoryBrowse/TicketList.aspx?PID=1694155"}}]