[{"Id":28910,"GameState":2,"SeriesText":"CHI wins Round 1, 4-2","SeriesGame":6,"PlayoffRound":1,"Date":"2015-04-30 19:00","SeasonType":2,"GameType":2,"AwayTeamId":10,"AwayLeader":"M Dunleavy 20 pts","HomeTeamId":14,"HomeLeader":"Z Pachulia 8 pts","AwayRecord":"50-32","HomeRecord":"41-41","AwayScore":120,"HomeScore":66,"WinningTeamId":10,"Links":{"gametrax":"/nba/gameTrax?gameId=2015043015","boxscore":"/nba/boxscore?gameId=2015043015","recap":"http://www.foxsports.com/nba/story/dunleavy-scores-20-bulls-clobber-bucks-120-66-to-advance-043015","preview":"http://www.foxsports.com/nba/story/bulls-bucks-preview-042915","odds":"/nba/odds#28910","tickets":"http://www.awin1.com/cread.php?awinmid=4292&awinaffid=143258&clickref=nba&p=http://www.ticketsnow.com/InventoryBrowse/TicketList.aspx?PID=1707123"}},{"Id":28890,"GameState":2,"SeriesText":"Round 1 tied, 3-3","SeriesGame":6,"PlayoffRound":1,"Date":"2015-04-30 21:30","SeasonType":2,"GameType":2,"AwayTeamId":22,"AwayLeader":"B Griffin 26 pts","HomeTeamId":19,"HomeLeader":"M Belinelli 23 pts","AwayRecord":"56-26","HomeRecord":"55-27","AwayScore":102,"HomeScore":96,"WinningTeamId":22,"Links":{"gametrax":"/nba/gameTrax?gameId=2015043024","boxscore":"/nba/boxscore?gameId=2015043024","recap":"http://www.foxsports.com/nba/story/los-angeles-clippers-own-san-antonio-spurs-to-force-game-7-050115","preview":"http://www.foxsports.com/nba/story/clippers-spurs-preview-042915","odds":"/nba/odds#28890","tickets":"http://www.awin1.com/cread.php?awinmid=4292&awinaffid=143258&clickref=nba&p=http://www.ticketsnow.com/InventoryBrowse/TicketList.aspx?PID=1695881"}}]