[{"Id":28923,"GameState":2,"SeriesText":"Round 2 tied, 1-1","SeriesGame":2,"PlayoffRound":2,"Date":"2015-05-06 19:00","SeasonType":2,"GameType":2,"AwayTeamId":10,"AwayLeader":"J Butler 18 pts","HomeTeamId":11,"HomeLeader":"L James 33 pts","AwayRecord":"50-32","HomeRecord":"53-29","AwayScore":91,"HomeScore":106,"WinningTeamId":11,"Links":{"gametrax":"/nba/gameTrax?gameId=2015050605","boxscore":"/nba/boxscore?gameId=2015050605","recap":"http://www.foxsports.com/nba/story/lebrons-33-lead-cavaliers-past-bulls-106-91-in-game-2-050615","preview":"http://www.foxsports.com/nba/story/bulls-cavaliers-preview-050515","odds":"/nba/odds#28923","tickets":"http://www.awin1.com/cread.php?awinmid=4292&awinaffid=143258&clickref=nba&p=http://www.ticketsnow.com/InventoryBrowse/TicketList.aspx?PID=1706859"}},{"Id":28938,"GameState":2,"SeriesText":"Round 2 tied, 1-1","SeriesGame":2,"PlayoffRound":2,"Date":"2015-05-06 21:30","SeasonType":2,"GameType":2,"AwayTeamId":22,"AwayLeader":"B Griffin 34 pts","HomeTeamId":17,"HomeLeader":"J Harden 32 pts","AwayRecord":"56-26","HomeRecord":"56-26","AwayScore":109,"HomeScore":115,"WinningTeamId":17,"Links":{"gametrax":"/nba/gameTrax?gameId=2015050610","boxscore":"/nba/boxscore?gameId=2015050610","recap":"http://www.foxsports.com/nba/story/houston-rockets-rally-past-los-angeles-clippers-in-game-2-behind-james-harden-fourth-quarter-outburst-050715","preview":"http://www.foxsports.com/nba/story/clippers-rockets-preview-050515","odds":"/nba/odds#28938","tickets":"http://www.awin1.com/cread.php?awinmid=4292&awinaffid=143258&clickref=nba&p=http://www.ticketsnow.com/InventoryBrowse/TicketList.aspx?PID=1702002"}}]