[{"Id":28953,"GameState":2,"SeriesText":"GS leads WCF, 3-0","SeriesGame":3,"PlayoffRound":3,"Date":"2015-05-23 21:00","SeasonType":2,"GameType":2,"AwayTeamId":21,"AwayLeader":"S Curry 40 pts","HomeTeamId":17,"HomeLeader":"J Harden 17 pts","AwayRecord":"67-15","HomeRecord":"56-26","AwayScore":115,"HomeScore":80,"WinningTeamId":21,"Links":{"gametrax":"/nba/gameTrax?gameId=2015052310","boxscore":"/nba/boxscore?gameId=2015052310","recap":"http://www.foxsports.com/nba/story/curry-golden-state-rout-houston-115-80-to-take-3-0-lead-052315","preview":"#","odds":"/nba/odds#28953","tickets":"http://www.awin1.com/cread.php?awinmid=4292&awinaffid=143258&clickref=nba&p=http://www.ticketsnow.com/InventoryBrowse/TicketList.aspx?PID=1702005"}}]