[{"Id":28927,"GameState":2,"SeriesText":"CLE wins Round 2, 4-2","SeriesGame":6,"PlayoffRound":2,"Date":"2015-05-14 20:00","SeasonType":2,"GameType":2,"AwayTeamId":11,"AwayLeader":"M Dellavedova 19 pts","HomeTeamId":10,"HomeLeader":"J Butler 20 pts","AwayRecord":"53-29","HomeRecord":"50-32","AwayScore":94,"HomeScore":73,"WinningTeamId":11,"Links":{"gametrax":"/nba/gameTrax?gameId=2015051404","boxscore":"/nba/boxscore?gameId=2015051404","recap":"http://www.foxsports.com/nba/story/james-struggles-cavaliers-still-advance-past-bulls-94-73-051415","preview":"http://www.foxsports.com/nba/story/cavaliers-bulls-preview-051315","odds":"/nba/odds#28927","tickets":"http://www.awin1.com/cread.php?awinmid=4292&awinaffid=143258&clickref=nba&p=http://www.ticketsnow.com/InventoryBrowse/TicketList.aspx?PID=1695278"}},{"Id":28942,"GameState":2,"SeriesText":"Round 2 tied, 3-3","SeriesGame":6,"PlayoffRound":2,"Date":"2015-05-14 22:30","SeasonType":2,"GameType":2,"AwayTeamId":17,"AwayLeader":"J Harden 23 pts","HomeTeamId":22,"HomeLeader":"C Paul 31 pts","AwayRecord":"56-26","HomeRecord":"56-26","AwayScore":119,"HomeScore":107,"WinningTeamId":17,"Links":{"gametrax":"/nba/gameTrax?gameId=2015051412","boxscore":"/nba/boxscore?gameId=2015051412","recap":"http://www.foxsports.com/nba/story/rockets-stun-clippers-119-107-to-force-deciding-game-7-051515","preview":"http://www.foxsports.com/nba/story/rockets-clippers-preview-051315","odds":"/nba/odds#28942","tickets":"http://www.awin1.com/cread.php?awinmid=4292&awinaffid=143258&clickref=nba&p=http://www.ticketsnow.com/InventoryBrowse/TicketList.aspx?PID=1696423"}}]