[{"Id":28932,"GameState":2,"SeriesText":"Round 2 tied, 2-2","SeriesGame":4,"PlayoffRound":2,"Date":"2015-05-11 19:00","SeasonType":2,"GameType":2,"AwayTeamId":8,"AwayLeader":"J Teague 26 pts","HomeTeamId":7,"HomeLeader":"B Beal 34 pts","AwayRecord":"60-22","HomeRecord":"46-36","AwayScore":106,"HomeScore":101,"WinningTeamId":8,"Links":{"gametrax":"/nba/gameTrax?gameId=2015051127","boxscore":"/nba/boxscore?gameId=2015051127","recap":"http://www.foxsports.com/nba/story/teague-leads-hawks-past-wizards-106-101-to-tie-series-051115","preview":"http://www.foxsports.com/nba/story/hawks-wizards-preview-051015","odds":"/nba/odds#28932","tickets":"http://www.awin1.com/cread.php?awinmid=4292&awinaffid=143258&clickref=nba&p=http://www.ticketsnow.com/InventoryBrowse/TicketList.aspx?PID=1697459"}},{"Id":28918,"GameState":2,"SeriesText":"Round 2 tied, 2-2","SeriesGame":4,"PlayoffRound":2,"Date":"2015-05-11 21:30","SeasonType":2,"GameType":2,"AwayTeamId":21,"AwayLeader":"S Curry 33 pts","HomeTeamId":31,"HomeLeader":"M Gasol 19 pts","AwayRecord":"67-15","HomeRecord":"55-27","AwayScore":101,"HomeScore":84,"WinningTeamId":21,"Links":{"gametrax":"/nba/gameTrax?gameId=2015051129","boxscore":"/nba/boxscore?gameId=2015051129","recap":"http://www.foxsports.com/nba/story/golden-state-ties-their-series-at-2-2-rout-grizzlies-101-84-051215","preview":"http://www.foxsports.com/nba/story/warriors-grizzlies-preview-051015","odds":"/nba/odds#28918","tickets":"http://www.awin1.com/cread.php?awinmid=4292&awinaffid=143258&clickref=nba&p=http://www.ticketsnow.com/InventoryBrowse/TicketList.aspx?PID=1699055"}}]