[{"Id":28891,"GameState":2,"SeriesText":"ATL wins Round 1, 4-2","SeriesGame":6,"PlayoffRound":1,"Date":"2015-05-01 20:00","SeasonType":2,"GameType":2,"AwayTeamId":8,"AwayLeader":"P Millsap 25 pts","HomeTeamId":3,"HomeLeader":"B Lopez 19 pts","AwayRecord":"60-22","HomeRecord":"38-44","AwayScore":111,"HomeScore":87,"WinningTeamId":8,"Links":{"gametrax":"/nba/gameTrax?gameId=2015050117","boxscore":"/nba/boxscore?gameId=2015050117","recap":"http://www.foxsports.com/nba/story/atlanta-hawks-eliminate-brooklyn-nets-with-game-6-win-050115","preview":"http://www.foxsports.com/nba/story/hawks-nets-preview-043015","odds":"/nba/odds#28891","tickets":"http://www.awin1.com/cread.php?awinmid=4292&awinaffid=143258&clickref=nba&p=http://www.ticketsnow.com/InventoryBrowse/TicketList.aspx?PID=1695408"}}]