[{"Id":28895,"GameState":2,"SeriesText":"LAC wins Round 1, 4-3","SeriesGame":7,"PlayoffRound":1,"Date":"2015-05-02 20:00","SeasonType":2,"GameType":2,"AwayTeamId":19,"AwayLeader":"T Duncan 27 pts","HomeTeamId":22,"HomeLeader":"C Paul 27 pts","AwayRecord":"55-27","HomeRecord":"56-26","AwayScore":109,"HomeScore":111,"WinningTeamId":22,"Links":{"gametrax":"/nba/gameTrax?gameId=2015050212","boxscore":"/nba/boxscore?gameId=2015050212","recap":"http://www.foxsports.com/nba/story/paul-lifts-clippers-past-spurs-111-109-in-game-7-050215","preview":"http://www.foxsports.com/nba/story/spurs-clippers-preview-050115","odds":"/nba/odds#28895","tickets":"http://www.awin1.com/cread.php?awinmid=4292&awinaffid=143258&clickref=nba&p=http://www.ticketsnow.com/InventoryBrowse/TicketList.aspx?PID=1696420"}}]