[{"Id":28936,"GameState":2,"SeriesText":"WSH leads Round 2, 1-0","SeriesGame":1,"PlayoffRound":2,"Date":"2015-05-03 13:00","SeasonType":2,"GameType":2,"AwayTeamId":7,"AwayLeader":"B Beal 28 pts","HomeTeamId":8,"HomeLeader":"D Carroll 24 pts","AwayRecord":"46-36","HomeRecord":"60-22","AwayScore":104,"HomeScore":98,"WinningTeamId":7,"Links":{"gametrax":"/nba/gameTrax?gameId=2015050301","boxscore":"/nba/boxscore?gameId=2015050301","recap":"http://www.foxsports.com/nba/story/washington-wizards-beat-atlanta-hawks-in-game-1-050315","preview":"http://www.foxsports.com/nba/story/hawks-face-quick-turnaround-but-seem-to-have-swagger-back-050215","odds":"/nba/odds#28936","tickets":"http://www.awin1.com/cread.php?awinmid=4292&awinaffid=143258&clickref=nba&p=http://www.ticketsnow.com/InventoryBrowse/TicketList.aspx?PID=1695893"}},{"Id":28915,"GameState":2,"SeriesText":"GS leads Round 2, 1-0","SeriesGame":1,"PlayoffRound":2,"Date":"2015-05-03 15:30","SeasonType":2,"GameType":2,"AwayTeamId":31,"AwayLeader":"M Gasol 21 pts","HomeTeamId":21,"HomeLeader":"S Curry 22 pts","AwayRecord":"55-27","HomeRecord":"67-15","AwayScore":86,"HomeScore":101,"WinningTeamId":21,"Links":{"gametrax":"/nba/gameTrax?gameId=2015050309","boxscore":"/nba/boxscore?gameId=2015050309","recap":"http://www.foxsports.com/nba/story/golden-state-warriors-beat-memphis-grizzlies-stephen-curry-mike-conley-klay-thompson-050315","preview":"http://www.foxsports.com/nba/story/grizzlies-warriors-ready-to-meet-in-conference-semifinals-050215","odds":"/nba/odds#28915","tickets":"http://www.awin1.com/cread.php?awinmid=4292&awinaffid=143258&clickref=nba&p=http://www.ticketsnow.com/InventoryBrowse/TicketList.aspx?PID=1696057"}}]