[{"Id":28947,"GameState":2,"SeriesText":"CLE wins ECF, 4-0","SeriesGame":4,"PlayoffRound":3,"Date":"2015-05-26 20:30","SeasonType":2,"GameType":2,"AwayTeamId":8,"AwayLeader":"J Teague 17 pts","HomeTeamId":11,"HomeLeader":"L James 23 pts","AwayRecord":"60-22","HomeRecord":"53-29","AwayScore":88,"HomeScore":118,"WinningTeamId":11,"Links":{"gametrax":"/nba/gameTrax?gameId=2015052605","boxscore":"/nba/boxscore?gameId=2015052605","recap":"#","preview":"http://www.foxsports.com/nba/story/lebron-cavaliers-limping-their-way-toward-nba-finals-052515","odds":"/nba/odds#28947","tickets":"http://www.awin1.com/cread.php?awinmid=4292&awinaffid=143258&clickref=nba&p=http://www.ticketsnow.com/InventoryBrowse/TicketList.aspx?PID=1706863"}}]