[{"Id":28943,"GameState":2,"SeriesText":"HOU wins Round 2, 4-3","SeriesGame":7,"PlayoffRound":2,"Date":"2015-05-17 15:30","SeasonType":2,"GameType":2,"AwayTeamId":22,"AwayLeader":"B Griffin 27 pts","HomeTeamId":17,"HomeLeader":"J Harden 31 pts","AwayRecord":"56-26","HomeRecord":"56-26","AwayScore":100,"HomeScore":113,"WinningTeamId":17,"Links":{"gametrax":"/nba/gameTrax?gameId=2015051710","boxscore":"/nba/boxscore?gameId=2015051710","recap":"http://www.foxsports.com/nba/story/rockets-back-in-conference-finals-first-1st-time-since-97-051715","preview":"#","odds":"/nba/odds#28943","tickets":"http://www.awin1.com/cread.php?awinmid=4292&awinaffid=143258&clickref=nba&p=http://www.ticketsnow.com/InventoryBrowse/TicketList.aspx?PID=1702004"}}]