[{"Id":28899,"GameState":2,"FinalText":"OT","SeriesText":"WSH leads Round 1, 1-0","SeriesGame":1,"PlayoffRound":1,"Date":"2015-04-18 12:30","SeasonType":2,"GameType":2,"AwayTeamId":7,"AwayLeader":"P Pierce 20 pts","HomeTeamId":30,"HomeLeader":"A Johnson 18 pts","AwayRecord":"46-36","HomeRecord":"49-33","AwayScore":93,"HomeScore":86,"WinningTeamId":7,"Links":{"gametrax":"/nba/gameTrax?gameId=2015041828","boxscore":"/nba/boxscore?gameId=2015041828","recap":"http://www.foxsports.com/nba/story/pierce-leads-wizards-past-raptors-in-ot-in-game-1-041815","preview":"http://www.foxsports.com/nba/story/wizards-raptors-preview-041715","odds":"/nba/odds#28899"}},{"Id":28859,"GameState":2,"SeriesText":"GS leads Round 1, 1-0","SeriesGame":1,"PlayoffRound":1,"Date":"2015-04-18 15:30","SeasonType":2,"GameType":2,"AwayTeamId":9,"AwayLeader":"A Davis 35 pts","HomeTeamId":21,"HomeLeader":"S Curry 34 pts","AwayRecord":"45-37","HomeRecord":"67-15","AwayScore":99,"HomeScore":106,"WinningTeamId":21,"Links":{"gametrax":"/nba/gameTrax?gameId=2015041809","boxscore":"/nba/boxscore?gameId=2015041809","recap":"http://www.foxsports.com/nba/story/curry-scores-34-warriors-beat-pelicans-106-99-in-game-1-041815","preview":"#","odds":"/nba/odds#28859","tickets":"http://www.awin1.com/cread.php?awinmid=4292&awinaffid=143258&clickref=nba&p=http://www.ticketsnow.com/InventoryBrowse/TicketList.aspx?PID=1685607"}},{"Id":28900,"GameState":2,"SeriesText":"CHI leads Round 1, 1-0","SeriesGame":1,"PlayoffRound":1,"Date":"2015-04-18 19:00","SeasonType":2,"GameType":2,"AwayTeamId":14,"AwayLeader":"K Middleton 18 pts","HomeTeamId":10,"HomeLeader":"J Butler 25 pts","AwayRecord":"41-41","HomeRecord":"50-32","AwayScore":91,"HomeScore":103,"WinningTeamId":10,"Links":{"gametrax":"/nba/gameTrax?gameId=2015041804","boxscore":"/nba/boxscore?gameId=2015041804","recap":"http://www.foxsports.com/nba/story/chicago-bulls-top-milwaukee-bucks-in-game-1-041815","preview":"http://www.foxsports.com/nba/story/for-bulls-time-to-deliver-on-expectations-041715","odds":"/nba/odds#28900","tickets":"http://www.awin1.com/cread.php?awinmid=4292&awinaffid=143258&clickref=nba&p=http://www.ticketsnow.com/InventoryBrowse/TicketList.aspx?PID=1692852"}},{"Id":28860,"GameState":2,"SeriesText":"HOU leads Round 1, 1-0","SeriesGame":1,"PlayoffRound":1,"Date":"2015-04-18 21:30","SeasonType":2,"GameType":2,"AwayTeamId":15,"AwayLeader":"D Nowitzki 24 pts","HomeTeamId":17,"HomeLeader":"J Harden 24 pts","AwayRecord":"50-32","HomeRecord":"56-26","AwayScore":108,"HomeScore":118,"WinningTeamId":17,"Links":{"gametrax":"/nba/gameTrax?gameId=2015041810","boxscore":"/nba/boxscore?gameId=2015041810","recap":"http://www.foxsports.com/nba/story/houston-rockets-down-dallas-mavericks-in-game-1-james-harden-leads-way-041915","preview":"http://www.foxsports.com/nba/story/mavericks-rockets-preview-041715","odds":"/nba/odds#28860","tickets":"http://www.awin1.com/cread.php?awinmid=4292&awinaffid=143258&clickref=nba&p=http://www.ticketsnow.com/InventoryBrowse/TicketList.aspx?PID=1694659"}}]