[{"Id":28945,"GameState":2,"SeriesText":"CLE leads ECF, 2-0","SeriesGame":2,"PlayoffRound":3,"Date":"2015-05-22 20:30","SeasonType":2,"GameType":2,"AwayTeamId":11,"AwayLeader":"L James 30 pts","HomeTeamId":8,"HomeLeader":"D Schroder 13 pts","AwayRecord":"53-29","HomeRecord":"60-22","AwayScore":94,"HomeScore":82,"WinningTeamId":11,"Links":{"gametrax":"/nba/gameTrax?gameId=2015052201","boxscore":"/nba/boxscore?gameId=2015052201","recap":"http://www.foxsports.com/nba/story/james-leads-cavs-to-94-82-win-over-hawks-2-0-series-lead-052215","preview":"http://www.foxsports.com/nba/story/cavaliers-hawks-preview-052115","odds":"/nba/odds#28945","tickets":"http://www.awin1.com/cread.php?awinmid=4292&awinaffid=143258&clickref=nba&p=http://www.ticketsnow.com/InventoryBrowse/TicketList.aspx?PID=1707141"}}]