[{"Id":28931,"GameState":2,"SeriesText":"WSH leads Round 2, 2-1","SeriesGame":3,"PlayoffRound":2,"Date":"2015-05-09 17:00","SeasonType":2,"GameType":2,"AwayTeamId":8,"AwayLeader":"J Teague 18 pts","HomeTeamId":7,"HomeLeader":"O Porter 17 pts","AwayRecord":"60-22","HomeRecord":"46-36","AwayScore":101,"HomeScore":103,"WinningTeamId":7,"Links":{"gametrax":"/nba/gameTrax?gameId=2015050927","boxscore":"/nba/boxscore?gameId=2015050927","recap":"http://www.foxsports.com/nba/story/pierces-buzzer-beater-lifts-wiz-past-hawks-103-101-050915","preview":"http://www.foxsports.com/nba/story/hawks-wizards-preview-050815","odds":"/nba/odds#28931","tickets":"http://www.awin1.com/cread.php?awinmid=4292&awinaffid=143258&clickref=nba&p=http://www.ticketsnow.com/InventoryBrowse/TicketList.aspx?PID=1697458"}},{"Id":28917,"GameState":2,"SeriesText":"MEM leads Round 2, 2-1","SeriesGame":3,"PlayoffRound":2,"Date":"2015-05-09 20:00","SeasonType":2,"GameType":2,"AwayTeamId":21,"AwayLeader":"S Curry 23 pts","HomeTeamId":31,"HomeLeader":"Z Randolph 22 pts","AwayRecord":"67-15","HomeRecord":"55-27","AwayScore":89,"HomeScore":99,"WinningTeamId":31,"Links":{"gametrax":"/nba/gameTrax?gameId=2015050929","boxscore":"/nba/boxscore?gameId=2015050929","recap":"http://www.foxsports.com/nba/story/grizzlies-take-2-1-series-lead-over-warriors-with-99-89-win-050915","preview":"http://www.foxsports.com/nba/story/warriors-grizzlies-preview-050815","odds":"/nba/odds#28917","tickets":"http://www.awin1.com/cread.php?awinmid=4292&awinaffid=143258&clickref=nba&p=http://www.ticketsnow.com/InventoryBrowse/TicketList.aspx?PID=1699054"}}]