[{"Id":28951,"GameState":2,"SeriesText":"GS leads WCF, 1-0","SeriesGame":1,"PlayoffRound":3,"Date":"2015-05-19 21:00","SeasonType":2,"GameType":2,"AwayTeamId":17,"AwayLeader":"J Harden 28 pts","HomeTeamId":21,"HomeLeader":"S Curry 34 pts","AwayRecord":"56-26","HomeRecord":"67-15","AwayScore":106,"HomeScore":110,"WinningTeamId":21,"Links":{"gametrax":"/nba/gameTrax?gameId=2015051909","boxscore":"/nba/boxscore?gameId=2015051909","recap":"http://www.foxsports.com/nba/story/warriors-rally-past-rockets-110-106-in-game-1-of-west-finals-051915","preview":"#","odds":"/nba/odds#28951","tickets":"http://www.awin1.com/cread.php?awinmid=4292&awinaffid=143258&clickref=nba&p=http://www.ticketsnow.com/InventoryBrowse/TicketList.aspx?PID=1696061"}}]