[{"Id":28887,"GameState":2,"SeriesText":"ATL leads Round 1, 3-2","SeriesGame":5,"PlayoffRound":1,"Date":"2015-04-29 19:00","SeasonType":2,"GameType":2,"AwayTeamId":3,"AwayLeader":"A Anderson 23 pts","HomeTeamId":8,"HomeLeader":"D Carroll 24 pts","AwayRecord":"38-44","HomeRecord":"60-22","AwayScore":97,"HomeScore":107,"WinningTeamId":8,"Links":{"gametrax":"/nba/gameTrax?gameId=2015042901","boxscore":"/nba/boxscore?gameId=2015042901","recap":"http://www.foxsports.com/nba/story/horford-teague-help-hawks-hold-off-nets-107-97-for-3-2-lead-042915","preview":"http://www.foxsports.com/nba/story/nets-hawks-preview-042815","odds":"/nba/odds#28887","tickets":"http://www.awin1.com/cread.php?awinmid=4292&awinaffid=143258&clickref=nba&p=http://www.ticketsnow.com/InventoryBrowse/TicketList.aspx?PID=1695891"}},{"Id":28888,"GameState":2,"SeriesText":"MEM wins Round 1, 4-1","SeriesGame":5,"PlayoffRound":1,"Date":"2015-04-29 21:30","SeasonType":2,"GameType":2,"AwayTeamId":25,"AwayLeader":"C McCollum 33 pts","HomeTeamId":31,"HomeLeader":"M Gasol 26 pts","AwayRecord":"51-31","HomeRecord":"55-27","AwayScore":93,"HomeScore":99,"WinningTeamId":31,"Links":{"gametrax":"/nba/gameTrax?gameId=2015042929","boxscore":"/nba/boxscore?gameId=2015042929","recap":"http://www.foxsports.com/nba/story/memphis-grizzlies-eliminate-portland-trail-blazers-in-game-5-advance-043015","preview":"http://www.foxsports.com/nba/story/trail-blazers-grizzlies-preview-042815","odds":"/nba/odds#28888","tickets":"http://www.awin1.com/cread.php?awinmid=4292&awinaffid=143258&clickref=nba&p=http://www.ticketsnow.com/InventoryBrowse/TicketList.aspx?PID=1699052"}}]