[{"Id":28934,"GameState":2,"SeriesText":"ATL wins Round 2, 4-2","SeriesGame":6,"PlayoffRound":2,"Date":"2015-05-15 19:00","SeasonType":2,"GameType":2,"AwayTeamId":8,"AwayLeader":"D Carroll 25 pts","HomeTeamId":7,"HomeLeader":"B Beal 29 pts","AwayRecord":"60-22","HomeRecord":"46-36","AwayScore":94,"HomeScore":91,"WinningTeamId":8,"Links":{"gametrax":"/nba/gameTrax?gameId=2015051527","boxscore":"/nba/boxscore?gameId=2015051527","recap":"http://www.foxsports.com/nba/story/pierces-shot-too-late-hawks-hold-on-to-beat-wizards-94-91-051515","preview":"http://www.foxsports.com/nba/story/hawks-wizards-preview-051415","odds":"/nba/odds#28934","tickets":"http://www.awin1.com/cread.php?awinmid=4292&awinaffid=143258&clickref=nba&p=http://www.ticketsnow.com/InventoryBrowse/TicketList.aspx?PID=1697460"}},{"Id":28920,"GameState":2,"SeriesText":"GS wins Round 2, 4-2","SeriesGame":6,"PlayoffRound":2,"Date":"2015-05-15 21:30","SeasonType":2,"GameType":2,"AwayTeamId":21,"AwayLeader":"S Curry 32 pts","HomeTeamId":31,"HomeLeader":"M Gasol 21 pts","AwayRecord":"67-15","HomeRecord":"55-27","AwayScore":108,"HomeScore":95,"WinningTeamId":21,"Links":{"gametrax":"/nba/gameTrax?gameId=2015051529","boxscore":"/nba/boxscore?gameId=2015051529","recap":"http://www.foxsports.com/nba/story/warriors-advance-to-western-final-beating-memphis-108-95-051615","preview":"http://www.foxsports.com/nba/story/warriors-grizzlies-preview-051415","odds":"/nba/odds#28920","tickets":"http://www.awin1.com/cread.php?awinmid=4292&awinaffid=143258&clickref=nba&p=http://www.ticketsnow.com/InventoryBrowse/TicketList.aspx?PID=1699056"}}]