[{"Id":28952,"GameState":2,"SeriesText":"GS leads WCF, 2-0","SeriesGame":2,"PlayoffRound":3,"Date":"2015-05-21 21:00","SeasonType":2,"GameType":2,"AwayTeamId":17,"AwayLeader":"J Harden 38 pts","HomeTeamId":21,"HomeLeader":"S Curry 33 pts","AwayRecord":"56-26","HomeRecord":"67-15","AwayScore":98,"HomeScore":99,"WinningTeamId":21,"Links":{"gametrax":"/nba/gameTrax?gameId=2015052109","boxscore":"/nba/boxscore?gameId=2015052109","recap":"http://www.foxsports.com/nba/story/warriors-hold-off-harden-rockets-99-98-to-take-2-0-lead-052115","preview":"http://www.foxsports.com/nba/story/with-howard-hobbled-rockets-trying-to-regroup-vs-warriors-052015","odds":"/nba/odds#28952","tickets":"http://www.awin1.com/cread.php?awinmid=4292&awinaffid=143258&clickref=nba&p=http://www.ticketsnow.com/InventoryBrowse/TicketList.aspx?PID=1696062"}}]