[{"Id":28901,"GameState":2,"SeriesText":"CHI leads Round 1, 2-0","SeriesGame":2,"PlayoffRound":1,"Date":"2015-04-20 20:00","SeasonType":2,"GameType":2,"AwayTeamId":14,"AwayLeader":"K Middleton 22 pts","HomeTeamId":10,"HomeLeader":"J Butler 31 pts","AwayRecord":"41-41","HomeRecord":"50-32","AwayScore":82,"HomeScore":91,"WinningTeamId":10,"Links":{"gametrax":"/nba/gameTrax?gameId=2015042004","boxscore":"/nba/boxscore?gameId=2015042004","recap":"http://www.foxsports.com/nba/story/nba-playoffs-chicago-bulls-beat-milwaukee-bucks-for-2-0-series-lead-jimmy-butler-scores-31-042015","preview":"http://www.foxsports.com/nba/story/bucks-bulls-preview-041915","odds":"/nba/odds#28901","tickets":"http://www.awin1.com/cread.php?awinmid=4292&awinaffid=143258&clickref=nba&p=http://www.ticketsnow.com/InventoryBrowse/TicketList.aspx?PID=1692854"}},{"Id":28865,"GameState":2,"SeriesText":"GS leads Round 1, 2-0","SeriesGame":2,"PlayoffRound":1,"Date":"2015-04-20 22:30","SeasonType":2,"GameType":2,"AwayTeamId":9,"AwayLeader":"A Davis 26 pts","HomeTeamId":21,"HomeLeader":"K Thompson 26 pts","AwayRecord":"45-37","HomeRecord":"67-15","AwayScore":87,"HomeScore":97,"WinningTeamId":21,"Links":{"gametrax":"/nba/gameTrax?gameId=2015042009","boxscore":"/nba/boxscore?gameId=2015042009","recap":"http://www.foxsports.com/nba/story/warriors-beat-pelicans-97-87-to-take-2-0-series-lead-042115","preview":"http://www.foxsports.com/nba/story/pelicans-warriors-preview-041915","odds":"/nba/odds#28865","tickets":"http://www.awin1.com/cread.php?awinmid=4292&awinaffid=143258&clickref=nba&p=http://www.ticketsnow.com/InventoryBrowse/TicketList.aspx?PID=1694999"}}]