[{"Id":28933,"GameState":2,"SeriesText":"ATL leads Round 2, 3-2","SeriesGame":5,"PlayoffRound":2,"Date":"2015-05-13 20:00","SeasonType":2,"GameType":2,"AwayTeamId":7,"AwayLeader":"B Beal 23 pts","HomeTeamId":8,"HomeLeader":"A Horford 23 pts","AwayRecord":"46-36","HomeRecord":"60-22","AwayScore":81,"HomeScore":82,"WinningTeamId":8,"Links":{"gametrax":"/nba/gameTrax?gameId=2015051301","boxscore":"/nba/boxscore?gameId=2015051301","recap":"http://www.foxsports.com/nba/story/horfords-late-follow-gives-hawks-82-81-win-over-wizards-051315","preview":"http://www.foxsports.com/nba/story/wizards-hawks-preview-051215","odds":"/nba/odds#28933","tickets":"http://www.awin1.com/cread.php?awinmid=4292&awinaffid=143258&clickref=nba&p=http://www.ticketsnow.com/InventoryBrowse/TicketList.aspx?PID=1695895"}},{"Id":28919,"GameState":2,"SeriesText":"GS leads Round 2, 3-2","SeriesGame":5,"PlayoffRound":2,"Date":"2015-05-13 22:30","SeasonType":2,"GameType":2,"AwayTeamId":31,"AwayLeader":"M Gasol 18 pts","HomeTeamId":21,"HomeLeader":"K Thompson 21 pts","AwayRecord":"55-27","HomeRecord":"67-15","AwayScore":78,"HomeScore":98,"WinningTeamId":21,"Links":{"gametrax":"/nba/gameTrax?gameId=2015051309","boxscore":"/nba/boxscore?gameId=2015051309","recap":"http://www.foxsports.com/nba/story/warriors-whip-grizzlies-98-78-take-3-2-series-lead-051415","preview":"http://www.foxsports.com/nba/story/grizzlies-warriors-preview-051215","odds":"/nba/odds#28919","tickets":"http://www.awin1.com/cread.php?awinmid=4292&awinaffid=143258&clickref=nba&p=http://www.ticketsnow.com/InventoryBrowse/TicketList.aspx?PID=1696059"}}]