[{"Id":28924,"GameState":2,"SeriesText":"CHI leads Round 2, 2-1","SeriesGame":3,"PlayoffRound":2,"Date":"2015-05-08 20:00","SeasonType":2,"GameType":2,"AwayTeamId":11,"AwayLeader":"L James 27 pts","HomeTeamId":10,"HomeLeader":"D Rose 30 pts","AwayRecord":"53-29","HomeRecord":"50-32","AwayScore":96,"HomeScore":99,"WinningTeamId":10,"Links":{"gametrax":"/nba/gameTrax?gameId=2015050804","boxscore":"/nba/boxscore?gameId=2015050804","recap":"http://www.foxsports.com/nba/story/rose-banks-in-3-at-buzzer-to-lift-bulls-over-cavaliers-99-96-050815","preview":"http://www.foxsports.com/nba/story/cavaliers-bulls-preview-050715","odds":"/nba/odds#28924","tickets":"http://www.awin1.com/cread.php?awinmid=4292&awinaffid=143258&clickref=nba&p=http://www.ticketsnow.com/InventoryBrowse/TicketList.aspx?PID=1695276"}},{"Id":28939,"GameState":2,"SeriesText":"LAC leads Round 2, 2-1","SeriesGame":3,"PlayoffRound":2,"Date":"2015-05-08 22:30","SeasonType":2,"GameType":2,"AwayTeamId":17,"AwayLeader":"J Harden 25 pts","HomeTeamId":22,"HomeLeader":"J Redick 31 pts","AwayRecord":"56-26","HomeRecord":"56-26","AwayScore":99,"HomeScore":124,"WinningTeamId":22,"Links":{"gametrax":"/nba/gameTrax?gameId=2015050812","boxscore":"/nba/boxscore?gameId=2015050812","recap":"http://www.foxsports.com/nba/story/austin-rivers-propels-clippers-past-rockets-124-99-050915","preview":"http://www.foxsports.com/nba/story/rockets-clippers-preview-050715","odds":"/nba/odds#28939","tickets":"http://www.awin1.com/cread.php?awinmid=4292&awinaffid=143258&clickref=nba&p=http://www.ticketsnow.com/InventoryBrowse/TicketList.aspx?PID=1696421"}}]