[{"Id":28868,"GameState":2,"SeriesText":"ATL leads Round 1, 2-0","SeriesGame":2,"PlayoffRound":1,"Date":"2015-04-22 19:00","SeasonType":2,"GameType":2,"AwayTeamId":3,"AwayLeader":"J Jack 23 pts","HomeTeamId":8,"HomeLeader":"P Millsap 19 pts","AwayRecord":"38-44","HomeRecord":"60-22","AwayScore":91,"HomeScore":96,"WinningTeamId":8,"Links":{"gametrax":"/nba/gameTrax?gameId=2015042201","boxscore":"/nba/boxscore?gameId=2015042201","recap":"http://www.foxsports.com/nba/story/millsap-scores-19-hawks-hold-off-nets-96-91-for-2-0-lead-042215","preview":"http://www.foxsports.com/nba/story/nets-hawks-preview-042115","odds":"/nba/odds#28868","tickets":"http://www.awin1.com/cread.php?awinmid=4292&awinaffid=143258&clickref=nba&p=http://www.ticketsnow.com/InventoryBrowse/TicketList.aspx?PID=1695884"}},{"Id":28869,"GameState":2,"SeriesText":"MEM leads Round 1, 2-0","SeriesGame":2,"PlayoffRound":1,"Date":"2015-04-22 20:00","SeasonType":2,"GameType":2,"AwayTeamId":25,"AwayLeader":"L Aldridge 24 pts","HomeTeamId":31,"HomeLeader":"C Lee 18 pts","AwayRecord":"51-31","HomeRecord":"55-27","AwayScore":82,"HomeScore":97,"WinningTeamId":31,"Links":{"gametrax":"/nba/gameTrax?gameId=2015042229","boxscore":"/nba/boxscore?gameId=2015042229","recap":"http://www.foxsports.com/nba/story/grizzlies-take-2-0-series-lead-beating-trail-blazers-97-82-042315","preview":"http://www.foxsports.com/nba/story/trail-blazers-grizzlies-preview-042115","odds":"/nba/odds#28869","tickets":"http://www.awin1.com/cread.php?awinmid=4292&awinaffid=143258&clickref=nba&p=http://www.ticketsnow.com/InventoryBrowse/TicketList.aspx?PID=1699051"}},{"Id":28870,"GameState":2,"FinalText":"OT","SeriesText":"Round 1 tied, 1-1","SeriesGame":2,"PlayoffRound":1,"Date":"2015-04-22 22:30","SeasonType":2,"GameType":2,"AwayTeamId":19,"AwayLeader":"T Duncan 28 pts","HomeTeamId":22,"HomeLeader":"B Griffin 29 pts","AwayRecord":"55-27","HomeRecord":"56-26","AwayScore":111,"HomeScore":107,"WinningTeamId":19,"Links":{"gametrax":"/nba/gameTrax?gameId=2015042212","boxscore":"/nba/boxscore?gameId=2015042212","recap":"http://www.foxsports.com/nba/story/duncan-and-leonard-help-spurs-beat-clippers-111-107-in-ot-042315","preview":"http://www.foxsports.com/nba/story/spurs-clippers-preview-042115","odds":"/nba/odds#28870","tickets":"http://www.awin1.com/cread.php?awinmid=4292&awinaffid=143258&clickref=nba&p=http://www.ticketsnow.com/InventoryBrowse/TicketList.aspx?PID=1692116"}}]