[{"Id":28922,"GameState":2,"SeriesText":"CHI leads Round 2, 1-0","SeriesGame":1,"PlayoffRound":2,"Date":"2015-05-04 19:00","SeasonType":2,"GameType":2,"AwayTeamId":10,"AwayLeader":"D Rose 25 pts","HomeTeamId":11,"HomeLeader":"K Irving 30 pts","AwayRecord":"50-32","HomeRecord":"53-29","AwayScore":99,"HomeScore":92,"WinningTeamId":10,"Links":{"gametrax":"/nba/gameTrax?gameId=2015050405","boxscore":"/nba/boxscore?gameId=2015050405","recap":"http://www.foxsports.com/nba/story/rose-gasol-pace-bulls-to-99-92-win-over-cavs-in-game-1-050415","preview":"http://www.foxsports.com/nba/story/lebron-cavs-ready-to-take-on-raging-bulls-050315","odds":"/nba/odds#28922","tickets":"http://www.awin1.com/cread.php?awinmid=4292&awinaffid=143258&clickref=nba&p=http://www.ticketsnow.com/InventoryBrowse/TicketList.aspx?PID=1706858"}},{"Id":28937,"GameState":2,"SeriesText":"LAC leads Round 2, 1-0","SeriesGame":1,"PlayoffRound":2,"Date":"2015-05-04 21:30","SeasonType":2,"GameType":2,"AwayTeamId":22,"AwayLeader":"B Griffin 26 pts","HomeTeamId":17,"HomeLeader":"D Howard 22 pts","AwayRecord":"56-26","HomeRecord":"56-26","AwayScore":117,"HomeScore":101,"WinningTeamId":22,"Links":{"gametrax":"/nba/gameTrax?gameId=2015050410","boxscore":"/nba/boxscore?gameId=2015050410","recap":"http://www.foxsports.com/nba/story/blake-griffin-posts-triple-double-to-lead-los-angeles-clippers-over-houston-rockets-as-chris-paul-sits-out-game-1-of-western-conference-semifinal-series-050515","preview":"#","odds":"/nba/odds#28937","tickets":"http://www.awin1.com/cread.php?awinmid=4292&awinaffid=143258&clickref=nba&p=http://www.ticketsnow.com/InventoryBrowse/TicketList.aspx?PID=1702001"}}]