[{"Id":28871,"GameState":2,"SeriesText":"CLE leads Round 1, 3-0","SeriesGame":3,"PlayoffRound":1,"Date":"2015-04-23 19:00","SeasonType":2,"GameType":2,"AwayTeamId":11,"AwayLeader":"L James 31 pts","HomeTeamId":1,"HomeLeader":"E Turner 19 pts","AwayRecord":"53-29","HomeRecord":"40-42","AwayScore":103,"HomeScore":95,"WinningTeamId":11,"Links":{"gametrax":"/nba/gameTrax?gameId=2015042302","boxscore":"/nba/boxscore?gameId=2015042302","recap":"http://www.foxsports.com/nba/story/james-scores-31-cavs-beat-celts-103-95-for-3-0-series-lead-042315","preview":"http://www.foxsports.com/nba/story/cavaliers-celtics-preview-042215","odds":"/nba/odds#28871","tickets":"http://www.awin1.com/cread.php?awinmid=4292&awinaffid=143258&clickref=nba&p=http://www.ticketsnow.com/InventoryBrowse/TicketList.aspx?PID=1702931"}},{"Id":28903,"GameState":2,"FinalText":"2OT","SeriesText":"CHI leads Round 1, 3-0","SeriesGame":3,"PlayoffRound":1,"Date":"2015-04-23 20:00","SeasonType":2,"GameType":2,"AwayTeamId":10,"AwayLeader":"D Rose 34 pts","HomeTeamId":14,"HomeLeader":"G Antetokounmpo 25 pts","AwayRecord":"50-32","HomeRecord":"41-41","AwayScore":113,"HomeScore":106,"WinningTeamId":10,"Links":{"gametrax":"/nba/gameTrax?gameId=2015042315","boxscore":"/nba/boxscore?gameId=2015042315","recap":"http://www.foxsports.com/nba/story/rose-scores-34-bulls-hold-off-bucks-113-106-in-double-ot-042315","preview":"http://www.foxsports.com/nba/story/bulls-bucks-preview-042215","odds":"/nba/odds#28903","tickets":"http://www.awin1.com/cread.php?awinmid=4292&awinaffid=143258&clickref=nba&p=http://www.ticketsnow.com/InventoryBrowse/TicketList.aspx?PID=1707121"}},{"Id":28872,"GameState":2,"FinalText":"OT","SeriesText":"GS leads Round 1, 3-0","SeriesGame":3,"PlayoffRound":1,"Date":"2015-04-23 21:30","SeasonType":2,"GameType":2,"AwayTeamId":21,"AwayLeader":"S Curry 40 pts","HomeTeamId":9,"HomeLeader":"A Davis 29 pts","AwayRecord":"67-15","HomeRecord":"45-37","AwayScore":123,"HomeScore":119,"WinningTeamId":21,"Links":{"gametrax":"/nba/gameTrax?gameId=2015042303","boxscore":"/nba/boxscore?gameId=2015042303","recap":"http://www.foxsports.com/nba/story/warriors-erase-20-point-hole-beat-pelicans-123-119-in-ot-042415","preview":"http://www.foxsports.com/nba/story/warriors-pelicans-preview-042215","odds":"/nba/odds#28872","tickets":"http://www.awin1.com/cread.php?awinmid=4292&awinaffid=143258&clickref=nba&p=http://www.ticketsnow.com/InventoryBrowse/TicketList.aspx?PID=1713759"}}]