[{"Id":28884,"GameState":2,"SeriesText":"HOU wins Round 1, 4-1","SeriesGame":5,"PlayoffRound":1,"Date":"2015-04-28 20:00","SeasonType":2,"GameType":2,"AwayTeamId":15,"AwayLeader":"M Ellis 25 pts","HomeTeamId":17,"HomeLeader":"J Harden 28 pts","AwayRecord":"50-32","HomeRecord":"56-26","AwayScore":94,"HomeScore":103,"WinningTeamId":17,"Links":{"gametrax":"/nba/gameTrax?gameId=2015042810","boxscore":"/nba/boxscore?gameId=2015042810","recap":"http://www.foxsports.com/nba/story/houston-rockets-eliminate-dallas-mavericks-advance-to-second-round-of-nba-playoffs-042815","preview":"http://www.foxsports.com/nba/story/mavericks-rockets-preview-042715","odds":"/nba/odds#28884","tickets":"http://www.awin1.com/cread.php?awinmid=4292&awinaffid=143258&clickref=nba&p=http://www.ticketsnow.com/InventoryBrowse/TicketList.aspx?PID=1701999"}},{"Id":28886,"GameState":2,"SeriesText":"SA leads Round 1, 3-2","SeriesGame":5,"PlayoffRound":1,"Date":"2015-04-28 22:30","SeasonType":2,"GameType":2,"AwayTeamId":19,"AwayLeader":"T Duncan 21 pts","HomeTeamId":22,"HomeLeader":"B Griffin 30 pts","AwayRecord":"55-27","HomeRecord":"56-26","AwayScore":111,"HomeScore":107,"WinningTeamId":19,"Links":{"gametrax":"/nba/gameTrax?gameId=2015042812","boxscore":"/nba/boxscore?gameId=2015042812","recap":"http://www.foxsports.com/nba/story/spurs-edge-clippers-111-107-in-pivotal-game-5-on-late-call-042915","preview":"http://www.foxsports.com/nba/story/spurs-clippers-preview-042715","odds":"/nba/odds#28886","tickets":"http://www.awin1.com/cread.php?awinmid=4292&awinaffid=143258&clickref=nba&p=http://www.ticketsnow.com/InventoryBrowse/TicketList.aspx?PID=1692117"}}]