[{"Id":28866,"GameState":2,"SeriesText":"CLE leads Round 1, 2-0","SeriesGame":2,"PlayoffRound":1,"Date":"2015-04-21 19:00","SeasonType":2,"GameType":2,"AwayTeamId":1,"AwayLeader":"I Thomas 22 pts","HomeTeamId":11,"HomeLeader":"L James 30 pts","AwayRecord":"40-42","HomeRecord":"53-29","AwayScore":91,"HomeScore":99,"WinningTeamId":11,"Links":{"gametrax":"/nba/gameTrax?gameId=2015042105","boxscore":"/nba/boxscore?gameId=2015042105","recap":"http://www.foxsports.com/nba/story/cleveland-cavaliers-down-boston-celtics-in-game-2-lebron-james-scores-30-042115","preview":"http://www.foxsports.com/nba/story/celtics-cavaliers-preview-042015","odds":"/nba/odds#28866","tickets":"http://www.awin1.com/cread.php?awinmid=4292&awinaffid=143258&clickref=nba&p=http://www.ticketsnow.com/InventoryBrowse/TicketList.aspx?PID=1706026"}},{"Id":28902,"GameState":2,"SeriesText":"WSH leads Round 1, 2-0","SeriesGame":2,"PlayoffRound":1,"Date":"2015-04-21 20:00","SeasonType":2,"GameType":2,"AwayTeamId":7,"AwayLeader":"B Beal 28 pts","HomeTeamId":30,"HomeLeader":"D DeRozan 20 pts","AwayRecord":"46-36","HomeRecord":"49-33","AwayScore":117,"HomeScore":106,"WinningTeamId":7,"Links":{"gametrax":"/nba/gameTrax?gameId=2015042128","boxscore":"/nba/boxscore?gameId=2015042128","recap":"http://www.foxsports.com/nba/story/wall-has-26-points-17-assists-wizards-rout-raptors-117-106-042115","preview":"http://www.foxsports.com/nba/story/wizards-raptors-preview-042015","odds":"/nba/odds#28902"}},{"Id":28867,"GameState":2,"SeriesText":"HOU leads Round 1, 2-0","SeriesGame":2,"PlayoffRound":1,"Date":"2015-04-21 21:30","SeasonType":2,"GameType":2,"AwayTeamId":15,"AwayLeader":"M Ellis 24 pts","HomeTeamId":17,"HomeLeader":"D Howard 28 pts","AwayRecord":"50-32","HomeRecord":"56-26","AwayScore":99,"HomeScore":111,"WinningTeamId":17,"Links":{"gametrax":"/nba/gameTrax?gameId=2015042110","boxscore":"/nba/boxscore?gameId=2015042110","recap":"http://www.foxsports.com/nba/story/howard-and-harden-lead-rockets-over-mavericks-111-99-042215","preview":"http://www.foxsports.com/nba/story/mavericks-rockets-preview-042015","odds":"/nba/odds#28867","tickets":"http://www.awin1.com/cread.php?awinmid=4292&awinaffid=143258&clickref=nba&p=http://www.ticketsnow.com/InventoryBrowse/TicketList.aspx?PID=1701998"}}]