[{"Id":28873,"GameState":2,"SeriesText":"HOU leads Round 1, 3-0","SeriesGame":3,"PlayoffRound":1,"Date":"2015-04-24 19:00","SeasonType":2,"GameType":2,"AwayTeamId":17,"AwayLeader":"J Harden 42 pts","HomeTeamId":15,"HomeLeader":"D Nowitzki 34 pts","AwayRecord":"56-26","HomeRecord":"50-32","AwayScore":130,"HomeScore":128,"WinningTeamId":17,"Links":{"gametrax":"/nba/gameTrax?gameId=2015042406","boxscore":"/nba/boxscore?gameId=2015042406","recap":"http://www.foxsports.com/nba/story/harden-howard-lead-rockets-to-130-128-win-3-0-lead-on-mavs-042415","preview":"http://www.foxsports.com/nba/story/rockets-mavericks-preview-042315","odds":"/nba/odds#28873","tickets":"http://www.awin1.com/cread.php?awinmid=4292&awinaffid=143258&clickref=nba&p=http://www.ticketsnow.com/InventoryBrowse/TicketList.aspx?PID=1694154"}},{"Id":28904,"GameState":2,"SeriesText":"WSH leads Round 1, 3-0","SeriesGame":3,"PlayoffRound":1,"Date":"2015-04-24 20:00","SeasonType":2,"GameType":2,"AwayTeamId":30,"AwayLeader":"D DeRozan 32 pts","HomeTeamId":7,"HomeLeader":"M Gortat 24 pts","AwayRecord":"49-33","HomeRecord":"46-36","AwayScore":99,"HomeScore":106,"WinningTeamId":7,"Links":{"gametrax":"/nba/gameTrax?gameId=2015042427","boxscore":"/nba/boxscore?gameId=2015042427","recap":"http://www.foxsports.com/nba/story/wall-pierce-get-wiz-past-raptors-106-99-for-3-0-series-lead-042415","preview":"http://www.foxsports.com/nba/story/raptors-wizards-preview-042315","odds":"/nba/odds#28904","tickets":"http://www.awin1.com/cread.php?awinmid=4292&awinaffid=143258&clickref=nba&p=http://www.ticketsnow.com/InventoryBrowse/TicketList.aspx?PID=1697443"}},{"Id":28874,"GameState":2,"SeriesText":"SA leads Round 1, 2-1","SeriesGame":3,"PlayoffRound":1,"Date":"2015-04-24 21:30","SeasonType":2,"GameType":2,"AwayTeamId":22,"AwayLeader":"B Griffin 14 pts","HomeTeamId":19,"HomeLeader":"K Leonard 32 pts","AwayRecord":"56-26","HomeRecord":"55-27","AwayScore":73,"HomeScore":100,"WinningTeamId":19,"Links":{"gametrax":"/nba/gameTrax?gameId=2015042424","boxscore":"/nba/boxscore?gameId=2015042424","recap":"http://www.foxsports.com/nba/story/leonard-leads-spurs-to-100-73-win-over-spurs-and-2-1-lead-042515","preview":"http://www.foxsports.com/nba/story/clippers-spurs-preview-042315","odds":"/nba/odds#28874","tickets":"http://www.awin1.com/cread.php?awinmid=4292&awinaffid=143258&clickref=nba&p=http://www.ticketsnow.com/InventoryBrowse/TicketList.aspx?PID=1695879"}}]