[{"Id":28925,"GameState":2,"SeriesText":"Round 2 tied, 2-2","SeriesGame":4,"PlayoffRound":2,"Date":"2015-05-10 15:30","SeasonType":2,"GameType":2,"AwayTeamId":11,"AwayLeader":"L James 25 pts","HomeTeamId":10,"HomeLeader":"D Rose 31 pts","AwayRecord":"53-29","HomeRecord":"50-32","AwayScore":86,"HomeScore":84,"WinningTeamId":11,"Links":{"gametrax":"/nba/gameTrax?gameId=2015051004","boxscore":"/nba/boxscore?gameId=2015051004","recap":"http://www.foxsports.com/nba/story/james-hits-jumper-at-buzzer-lifts-cavaliers-over-bulls-051015","preview":"http://www.foxsports.com/nba/story/cavaliers-bulls-preview-050915","odds":"/nba/odds#28925","tickets":"http://www.awin1.com/cread.php?awinmid=4292&awinaffid=143258&clickref=nba&p=http://www.ticketsnow.com/InventoryBrowse/TicketList.aspx?PID=1695277"}},{"Id":28940,"GameState":2,"SeriesText":"LAC leads Round 2, 3-1","SeriesGame":4,"PlayoffRound":2,"Date":"2015-05-10 20:30","SeasonType":2,"GameType":2,"AwayTeamId":17,"AwayLeader":"J Harden 21 pts","HomeTeamId":22,"HomeLeader":"D Jordan 26 pts","AwayRecord":"56-26","HomeRecord":"56-26","AwayScore":95,"HomeScore":128,"WinningTeamId":22,"Links":{"gametrax":"/nba/gameTrax?gameId=2015051012","boxscore":"/nba/boxscore?gameId=2015051012","recap":"http://www.foxsports.com/nba/story/clippers-rout-rockets-128-95-to-take-3-1-series-lead-051015","preview":"http://www.foxsports.com/nba/story/rockets-clippers-preview-050915","odds":"/nba/odds#28940","tickets":"http://www.awin1.com/cread.php?awinmid=4292&awinaffid=143258&clickref=nba&p=http://www.ticketsnow.com/InventoryBrowse/TicketList.aspx?PID=1696422"}}]