[{"Id":28881,"GameState":2,"FinalText":"OT","SeriesText":"Round 1 tied, 2-2","SeriesGame":4,"PlayoffRound":1,"Date":"2015-04-27 19:00","SeasonType":2,"GameType":2,"AwayTeamId":8,"AwayLeader":"D Carroll 20 pts","HomeTeamId":3,"HomeLeader":"D Williams 35 pts","AwayRecord":"60-22","HomeRecord":"38-44","AwayScore":115,"HomeScore":120,"WinningTeamId":3,"Links":{"gametrax":"/nba/gameTrax?gameId=2015042717","boxscore":"/nba/boxscore?gameId=2015042717","recap":"http://www.foxsports.com/nba/story/nba-playoffs-brooklyn-nets-all-square-with-atlanta-hawks-after-deron-williams-scores-35-points-in-game-4-042715","preview":"http://www.foxsports.com/nba/story/hawks-nets-preview-042615","odds":"/nba/odds#28881","tickets":"http://www.awin1.com/cread.php?awinmid=4292&awinaffid=143258&clickref=nba&p=http://www.ticketsnow.com/InventoryBrowse/TicketList.aspx?PID=1695407"}},{"Id":28907,"GameState":2,"SeriesText":"CHI leads Round 1, 3-2","SeriesGame":5,"PlayoffRound":1,"Date":"2015-04-27 20:00","SeasonType":2,"GameType":2,"AwayTeamId":14,"AwayLeader":"M Carter-Williams 22 pts","HomeTeamId":10,"HomeLeader":"P Gasol 25 pts","AwayRecord":"41-41","HomeRecord":"50-32","AwayScore":94,"HomeScore":88,"WinningTeamId":14,"Links":{"gametrax":"/nba/gameTrax?gameId=2015042704","boxscore":"/nba/boxscore?gameId=2015042704","recap":"http://www.foxsports.com/nba/story/bucks-avoid-elimination-again-beat-bulls-94-88-in-game-5-042715","preview":"http://www.foxsports.com/nba/story/bucks-bulls-preview-042615","odds":"/nba/odds#28907","tickets":"http://www.awin1.com/cread.php?awinmid=4292&awinaffid=143258&clickref=nba&p=http://www.ticketsnow.com/InventoryBrowse/TicketList.aspx?PID=1692853"}},{"Id":28882,"GameState":2,"SeriesText":"MEM leads Round 1, 3-1","SeriesGame":4,"PlayoffRound":1,"Date":"2015-04-27 22:30","SeasonType":2,"GameType":2,"AwayTeamId":31,"AwayLeader":"M Gasol 21 pts","HomeTeamId":25,"HomeLeader":"D Lillard 32 pts","AwayRecord":"55-27","HomeRecord":"51-31","AwayScore":92,"HomeScore":99,"WinningTeamId":25,"Links":{"gametrax":"/nba/gameTrax?gameId=2015042722","boxscore":"/nba/boxscore?gameId=2015042722","recap":"http://www.foxsports.com/nba/story/blazers-stave-off-elimination-with-99-92-win-over-memphis-042815","preview":"http://www.foxsports.com/nba/story/grizzlies-trail-blazers-preview-042615","odds":"/nba/odds#28882","tickets":"http://www.awin1.com/cread.php?awinmid=4292&awinaffid=143258&clickref=nba&p=http://www.ticketsnow.com/InventoryBrowse/TicketList.aspx?PID=1694283"}}]