[{"Id":28875,"GameState":2,"SeriesText":"ATL leads Round 1, 2-1","SeriesGame":3,"PlayoffRound":1,"Date":"2015-04-25 15:00","SeasonType":2,"GameType":2,"AwayTeamId":8,"AwayLeader":"D Carroll 22 pts","HomeTeamId":3,"HomeLeader":"B Lopez 22 pts","AwayRecord":"60-22","HomeRecord":"38-44","AwayScore":83,"HomeScore":91,"WinningTeamId":3,"Links":{"gametrax":"/nba/gameTrax?gameId=2015042517","boxscore":"/nba/boxscore?gameId=2015042517","recap":"http://www.foxsports.com/nba/story/brooklyn-nets-beat-atlanta-hawks-in-game-3-042515","preview":"http://www.foxsports.com/nba/story/hawks-nets-preview-042415","odds":"/nba/odds#28875","tickets":"http://www.awin1.com/cread.php?awinmid=4292&awinaffid=143258&clickref=nba&p=http://www.ticketsnow.com/InventoryBrowse/TicketList.aspx?PID=1695406"}},{"Id":28905,"GameState":2,"SeriesText":"CHI leads Round 1, 3-1","SeriesGame":4,"PlayoffRound":1,"Date":"2015-04-25 17:30","SeasonType":2,"GameType":2,"AwayTeamId":10,"AwayLeader":"J Butler 33 pts","HomeTeamId":14,"HomeLeader":"O Mayo 18 pts","AwayRecord":"50-32","HomeRecord":"41-41","AwayScore":90,"HomeScore":92,"WinningTeamId":14,"Links":{"gametrax":"/nba/gameTrax?gameId=2015042515","boxscore":"/nba/boxscore?gameId=2015042515","recap":"http://www.foxsports.com/nba/story/bayless-layup-at-buzzer-gives-bucks-92-90-win-over-bulls-042515","preview":"http://www.foxsports.com/nba/story/bulls-bucks-preview-042415","odds":"/nba/odds#28905","tickets":"http://www.awin1.com/cread.php?awinmid=4292&awinaffid=143258&clickref=nba&p=http://www.ticketsnow.com/InventoryBrowse/TicketList.aspx?PID=1707122"}},{"Id":28876,"GameState":2,"SeriesText":"GS wins Round 1, 4-0","SeriesGame":4,"PlayoffRound":1,"Date":"2015-04-25 20:00","SeasonType":2,"GameType":2,"AwayTeamId":21,"AwayLeader":"S Curry 39 pts","HomeTeamId":9,"HomeLeader":"A Davis 36 pts","AwayRecord":"67-15","HomeRecord":"45-37","AwayScore":109,"HomeScore":98,"WinningTeamId":21,"Links":{"gametrax":"/nba/gameTrax?gameId=2015042503","boxscore":"/nba/boxscore?gameId=2015042503","recap":"http://www.foxsports.com/nba/story/golden-state-warriors-down-new-orleans-pelicans-to-complete-sweep-stephen-curry-scores-39-042515","preview":"http://www.foxsports.com/nba/story/warriors-pelicans-preview-042415","odds":"/nba/odds#28876","tickets":"http://www.awin1.com/cread.php?awinmid=4292&awinaffid=143258&clickref=nba&p=http://www.ticketsnow.com/InventoryBrowse/TicketList.aspx?PID=1713752"}},{"Id":28877,"GameState":2,"SeriesText":"MEM leads Round 1, 3-0","SeriesGame":3,"PlayoffRound":1,"Date":"2015-04-25 22:30","SeasonType":2,"GameType":2,"AwayTeamId":31,"AwayLeader":"M Gasol 25 pts","HomeTeamId":25,"HomeLeader":"N Batum 27 pts","AwayRecord":"55-27","HomeRecord":"51-31","AwayScore":115,"HomeScore":109,"WinningTeamId":31,"Links":{"gametrax":"/nba/gameTrax?gameId=2015042522","boxscore":"/nba/boxscore?gameId=2015042522","recap":"http://www.foxsports.com/nba/story/grizzlies-hold-off-a-late-trail-blazers-rally-to-go-up-3-0-042615","preview":"http://www.foxsports.com/nba/story/grizzlies-trail-blazers-preview-042415","odds":"/nba/odds#28877","tickets":"http://www.awin1.com/cread.php?awinmid=4292&awinaffid=143258&clickref=nba&p=http://www.ticketsnow.com/InventoryBrowse/TicketList.aspx?PID=1694282"}}]