[{"Id":28930,"GameState":2,"SeriesText":"Round 2 tied, 1-1","SeriesGame":2,"PlayoffRound":2,"Date":"2015-05-05 20:00","SeasonType":2,"GameType":2,"AwayTeamId":7,"AwayLeader":"R Sessions 21 pts","HomeTeamId":8,"HomeLeader":"D Carroll 22 pts","AwayRecord":"46-36","HomeRecord":"60-22","AwayScore":90,"HomeScore":106,"WinningTeamId":8,"Links":{"gametrax":"/nba/gameTrax?gameId=2015050501","boxscore":"/nba/boxscore?gameId=2015050501","recap":"http://www.foxsports.com/nba/story/with-wall-out-hawks-beat-wizards-106-90-to-even-series-1-1-050515","preview":"http://www.foxsports.com/nba/story/wizards-hawks-preview-050415","odds":"/nba/odds#28930","tickets":"http://www.awin1.com/cread.php?awinmid=4292&awinaffid=143258&clickref=nba&p=http://www.ticketsnow.com/InventoryBrowse/TicketList.aspx?PID=1695894"}},{"Id":28916,"GameState":2,"SeriesText":"Round 2 tied, 1-1","SeriesGame":2,"PlayoffRound":2,"Date":"2015-05-05 22:30","SeasonType":2,"GameType":2,"AwayTeamId":31,"AwayLeader":"M Conley 22 pts","HomeTeamId":21,"HomeLeader":"S Curry 19 pts","AwayRecord":"55-27","HomeRecord":"67-15","AwayScore":97,"HomeScore":90,"WinningTeamId":31,"Links":{"gametrax":"/nba/gameTrax?gameId=2015050509","boxscore":"/nba/boxscore?gameId=2015050509","recap":"http://www.foxsports.com/nba/story/conley-comes-back-leads-grizzlies-past-warriors-97-90-050615","preview":"http://www.foxsports.com/nba/story/grizzlies-warriors-preview-050415","odds":"/nba/odds#28916","tickets":"http://www.awin1.com/cread.php?awinmid=4292&awinaffid=143258&clickref=nba&p=http://www.ticketsnow.com/InventoryBrowse/TicketList.aspx?PID=1696058"}}]