[{"Id":28954,"GameState":2,"SeriesText":"GS leads WCF, 3-1","SeriesGame":4,"PlayoffRound":3,"Date":"2015-05-25 21:00","SeasonType":2,"GameType":2,"AwayTeamId":21,"AwayLeader":"K Thompson 24 pts","HomeTeamId":17,"HomeLeader":"J Harden 45 pts","AwayRecord":"67-15","HomeRecord":"56-26","AwayScore":115,"HomeScore":128,"WinningTeamId":17,"Links":{"gametrax":"/nba/gameTrax?gameId=2015052510","boxscore":"/nba/boxscore?gameId=2015052510","recap":"http://www.foxsports.com/nba/story/harden-helps-rockets-stay-alive-beat-warriors-128-115-052515","preview":"http://www.foxsports.com/nba/story/warriors-rockets-preview-052415","odds":"/nba/odds#28954","tickets":"http://www.awin1.com/cread.php?awinmid=4292&awinaffid=143258&clickref=nba&p=http://www.ticketsnow.com/InventoryBrowse/TicketList.aspx?PID=1702006"}}]