[{"Id":27542,"GameState":2,"Date":"2015-02-01 13:00","SeasonType":1,"GameType":1,"AwayTeamId":2,"AwayLeader":"H Whiteside 20 pts","HomeTeamId":1,"HomeLeader":"T Zeller 17 pts","AwayRecord":"21-26","HomeRecord":"16-30","AwayScore":83,"HomeScore":75,"WinningTeamId":2,"Links":{"gametrax":"/nba/gameTrax?gameId=2015020102","boxscore":"/nba/boxscore?gameId=2015020102","recap":"http://www.foxsports.com/nba/story/miami-heat-hassan-whiteside-scores-20-in-win-over-boston-celtics-020115","preview":"http://www.foxsports.com/nba/story/heat-celtics-preview-013115","odds":"/nba/odds#27542","tickets":"http://www.awin1.com/cread.php?awinmid=4292&awinaffid=143258&clickref=nba&p=http://www.ticketsnow.com/InventoryBrowse/TicketList.aspx?PID=1605884"}},{"Id":27789,"GameState":2,"Date":"2015-02-01 14:00","SeasonType":1,"GameType":1,"AwayTeamId":23,"AwayLeader":"C Boozer 19 pts","HomeTeamId":4,"HomeLeader":"C Anthony 31 pts","AwayRecord":"13-35","HomeRecord":"10-38","AwayScore":80,"HomeScore":92,"WinningTeamId":4,"Links":{"gametrax":"/nba/gameTrax?gameId=2015020118","boxscore":"/nba/boxscore?gameId=2015020118","recap":"http://www.foxsports.com/nba/story/ny-knicks-carmelo-anthony-scores-31-in-win-over-los-angeles-lakers-020115","preview":"http://www.foxsports.com/nba/story/lakers-knicks-preview-013115","odds":"/nba/odds#27789","tickets":"http://www.awin1.com/cread.php?awinmid=4292&awinaffid=143258&clickref=nba&p=http://www.ticketsnow.com/InventoryBrowse/TicketList.aspx?PID=1607038"}}]