[{"Id":27527,"GameState":2,"Date":"2014-11-30 13:00","SeasonType":1,"GameType":1,"AwayTeamId":19,"AwayLeader":"D Green 18 pts","HomeTeamId":1,"HomeLeader":"J Green 16 pts","AwayRecord":"12-4","HomeRecord":"4-10","AwayScore":111,"HomeScore":89,"WinningTeamId":19,"Links":{"gametrax":"/nba/gameTrax?gameId=2014113002","boxscore":"/nba/boxscore?gameId=2014113002","recap":"#","preview":"http://www.foxsports.com/nba/story/spurs-celtics-preview-113014","odds":"/nba/odds#27527","tickets":"http://www.awin1.com/cread.php?awinmid=4292&awinaffid=143258&clickref=nba&p=http://www.ticketsnow.com/InventoryBrowse/TicketList.aspx?PID=1605870"}},{"Id":28714,"GameState":2,"Date":"2014-11-30 15:00","SeasonType":1,"GameType":1,"AwayTeamId":10,"AwayLeader":"J Butler 26 pts","HomeTeamId":3,"HomeLeader":"B Bogdanovic 13 pts","AwayRecord":"11-6","HomeRecord":"6-9","AwayScore":102,"HomeScore":84,"WinningTeamId":10,"Links":{"gametrax":"/nba/gameTrax?gameId=2014113017","boxscore":"/nba/boxscore?gameId=2014113017","recap":"http://www.foxsports.com/nba/story/jimmy-butler-scores-26-points-in-chicago-bulls-win-over-brooklyn-nets-113014","preview":"http://www.foxsports.com/nba/story/bulls-nets-preview-113014","odds":"/nba/odds#28714","tickets":"http://www.awin1.com/cread.php?awinmid=4292&awinaffid=143258&clickref=nba&p=http://www.ticketsnow.com/InventoryBrowse/TicketList.aspx?PID=1605443"}},{"Id":27732,"GameState":2,"Date":"2014-11-30 15:30","SeasonType":1,"GameType":1,"AwayTeamId":21,"AwayLeader":"D Green 20 pts","HomeTeamId":12,"HomeLeader":"K Caldwell-Pope 23 pts","AwayRecord":"14-2","HomeRecord":"3-14","AwayScore":104,"HomeScore":93,"WinningTeamId":21,"Links":{"gametrax":"/nba/gameTrax?gameId=2014113008","boxscore":"/nba/boxscore?gameId=2014113008","recap":"http://www.foxsports.com/nba/story/warriors-win-9th-straight-beat-pistons-104-93-113014","preview":"http://www.foxsports.com/nba/story/warriors-pistons-preview-112914","odds":"/nba/odds#27732","tickets":"http://www.awin1.com/cread.php?awinmid=4292&awinaffid=143258&clickref=nba&p=http://www.ticketsnow.com/InventoryBrowse/TicketList.aspx?PID=1606156"}},{"Id":27854,"GameState":2,"Date":"2014-11-30 18:00","SeasonType":1,"GameType":1,"AwayTeamId":31,"AwayLeader":"Z Randolph 22 pts","HomeTeamId":26,"HomeLeader":"R Gay 20 pts","AwayRecord":"15-2","HomeRecord":"9-8","AwayScore":97,"HomeScore":85,"WinningTeamId":31,"Links":{"gametrax":"/nba/gameTrax?gameId=2014113023","boxscore":"/nba/boxscore?gameId=2014113023","recap":"http://www.foxsports.com/nba/story/memphis-grizzlies-beat-sacramento-kings-for-fifth-straight-victory-113014","preview":"http://www.foxsports.com/nba/story/grizzlies-kings-preview-112914","odds":"/nba/odds#27854","tickets":"http://www.awin1.com/cread.php?awinmid=4292&awinaffid=143258&clickref=nba&p=http://www.ticketsnow.com/InventoryBrowse/TicketList.aspx?PID=1607292"}},{"Id":27773,"GameState":2,"Date":"2014-11-30 19:30","SeasonType":1,"GameType":1,"AwayTeamId":2,"AwayLeader":"D Wade 27 pts","HomeTeamId":4,"HomeLeader":"C Anthony 31 pts","AwayRecord":"9-7","HomeRecord":"4-14","AwayScore":86,"HomeScore":79,"WinningTeamId":2,"Links":{"gametrax":"/nba/gameTrax?gameId=2014113018","boxscore":"/nba/boxscore?gameId=2014113018","recap":"http://www.foxsports.com/nba/story/dwyane-wade-returns-leads-miami-heat-over-new-york-knicks-who-get-carmelo-anthony-back-113014","preview":"http://www.foxsports.com/nba/story/heat-knicks-preview-113014","odds":"/nba/odds#27773","tickets":"http://www.awin1.com/cread.php?awinmid=4292&awinaffid=143258&clickref=nba&p=http://www.ticketsnow.com/InventoryBrowse/TicketList.aspx?PID=1607021"}},{"Id":27815,"GameState":2,"Date":"2014-11-30 20:00","SeasonType":1,"GameType":1,"AwayTeamId":5,"AwayLeader":"T Harris 21 pts","HomeTeamId":24,"HomeLeader":"G Dragic 22 pts","AwayRecord":"7-12","HomeRecord":"10-8","AwayScore":93,"HomeScore":90,"WinningTeamId":5,"Links":{"gametrax":"/nba/gameTrax?gameId=2014113021","boxscore":"/nba/boxscore?gameId=2014113021","recap":"http://www.foxsports.com/nba/story/orlando-magic-beat-phoenix-suns-snap-4-game-losing-streak-113014","preview":"http://www.foxsports.com/nba/story/magic-suns-preview-112914","odds":"/nba/odds#27815","tickets":"http://www.awin1.com/cread.php?awinmid=4292&awinaffid=143258&clickref=nba&p=http://www.ticketsnow.com/InventoryBrowse/TicketList.aspx?PID=1607245"}},{"Id":28021,"GameState":2,"Date":"2014-11-30 21:00","SeasonType":1,"GameType":1,"AwayTeamId":18,"AwayLeader":"S Muhammad 28 pts","HomeTeamId":25,"HomeLeader":"L Aldridge 26 pts","AwayRecord":"4-11","HomeRecord":"13-4","AwayScore":93,"HomeScore":107,"WinningTeamId":25,"Links":{"gametrax":"/nba/gameTrax?gameId=2014113022","boxscore":"/nba/boxscore?gameId=2014113022","recap":"http://www.foxsports.com/nba/story/lamarcus-aldridge-portland-trail-blazers-push-around-outmanned-minnesota-timberwolves-113014","preview":"http://www.foxsports.com/nba/story/timberwolves-trail-blazers-preview-113014","odds":"/nba/odds#28021","tickets":"http://www.awin1.com/cread.php?awinmid=4292&awinaffid=143258&clickref=nba&p=http://www.ticketsnow.com/InventoryBrowse/TicketList.aspx?PID=1607660"}},{"Id":28224,"GameState":2,"FinalText":"OT","Date":"2014-11-30 21:30","SeasonType":1,"GameType":1,"AwayTeamId":30,"AwayLeader":"K Lowry 29 pts","HomeTeamId":23,"HomeLeader":"K Bryant 31 pts","AwayRecord":"13-4","HomeRecord":"4-13","AwayScore":122,"HomeScore":129,"WinningTeamId":23,"Links":{"gametrax":"/nba/gameTrax?gameId=2014113013","boxscore":"/nba/boxscore?gameId=2014113013","recap":"http://www.foxsports.com/nba/story/bryant-leads-lakers-over-toronto-129-122-in-ot-120114","preview":"http://www.foxsports.com/nba/story/raptors-lakers-preview-112914","odds":"/nba/odds#28224","tickets":"http://www.awin1.com/cread.php?awinmid=4292&awinaffid=143258&clickref=nba&p=http://www.ticketsnow.com/InventoryBrowse/TicketList.aspx?PID=1606381"}}]