[{"Id":27734,"GameState":2,"FinalText":"OT","Date":"2014-12-06 19:30","SeasonType":1,"GameType":1,"AwayTeamId":6,"AwayLeader":"R Covington 25 pts","HomeTeamId":12,"HomeLeader":"J Smith 23 pts","AwayRecord":"2-18","HomeRecord":"3-17","AwayScore":108,"HomeScore":101,"WinningTeamId":6,"Links":{"gametrax":"/nba/gameTrax?gameId=2014120608","boxscore":"/nba/boxscore?gameId=2014120608","recap":"#","preview":"http://www.foxsports.com/nba/story/76ers-pistons-preview-120514","odds":"/nba/odds#27734","tickets":"http://www.awin1.com/cread.php?awinmid=4292&awinaffid=143258&clickref=nba&p=http://www.ticketsnow.com/InventoryBrowse/TicketList.aspx?PID=1606158"}},{"Id":27976,"GameState":2,"Date":"2014-12-06 20:00","SeasonType":1,"GameType":1,"AwayTeamId":21,"AwayLeader":"D Green 31 pts","HomeTeamId":10,"HomeLeader":"J Butler 24 pts","AwayRecord":"17-2","HomeRecord":"12-8","AwayScore":112,"HomeScore":102,"WinningTeamId":21,"Links":{"gametrax":"/nba/gameTrax?gameId=2014120604","boxscore":"/nba/boxscore?gameId=2014120604","recap":"http://www.foxsports.com/nba/story/warriors-winning-streak-rises-to-12-with-win-over-bulls-120614","preview":"http://www.foxsports.com/nba/story/warriors-bulls-preview-120514","odds":"/nba/odds#27976","tickets":"http://www.awin1.com/cread.php?awinmid=4292&awinaffid=143258&clickref=nba&p=http://www.ticketsnow.com/InventoryBrowse/TicketList.aspx?PID=1605968"}},{"Id":28512,"GameState":2,"Date":"2014-12-06 20:00","SeasonType":1,"GameType":1,"AwayTeamId":24,"AwayLeader":"E Bledsoe 23 pts","HomeTeamId":17,"HomeLeader":"T Ariza 19 pts","AwayRecord":"12-9","HomeRecord":"16-4","AwayScore":95,"HomeScore":100,"WinningTeamId":17,"Links":{"gametrax":"/nba/gameTrax?gameId=2014120610","boxscore":"/nba/boxscore?gameId=2014120610","recap":"http://www.foxsports.com/nba/story/rockets-continue-to-scrape-by-without-dwight-howard-beat-suns-120614","preview":"http://www.foxsports.com/nba/story/suns-rockets-preview-120614","odds":"/nba/odds#28512","tickets":"http://www.awin1.com/cread.php?awinmid=4292&awinaffid=143258&clickref=nba&p=http://www.ticketsnow.com/InventoryBrowse/TicketList.aspx?PID=1607529"}},{"Id":28468,"GameState":2,"Date":"2014-12-06 20:30","SeasonType":1,"GameType":1,"AwayTeamId":18,"AwayLeader":"Z LaVine 22 pts","HomeTeamId":19,"HomeLeader":"M Belinelli 20 pts","AwayRecord":"4-15","HomeRecord":"15-5","AwayScore":101,"HomeScore":123,"WinningTeamId":19,"Links":{"gametrax":"/nba/gameTrax?gameId=2014120624","boxscore":"/nba/boxscore?gameId=2014120624","recap":"http://www.foxsports.com/nba/story/spurs-crush-reeling-timberwolves-120614","preview":"http://www.foxsports.com/nba/story/timberwolves-spurs-preview-120614","odds":"/nba/odds#28468","tickets":"http://www.awin1.com/cread.php?awinmid=4292&awinaffid=143258&clickref=nba&p=http://www.ticketsnow.com/InventoryBrowse/TicketList.aspx?PID=1607337"}},{"Id":27857,"GameState":2,"Date":"2014-12-06 22:00","SeasonType":1,"GameType":1,"AwayTeamId":5,"AwayLeader":"T Harris 27 pts","HomeTeamId":26,"HomeLeader":"D Collison 22 pts","AwayRecord":"9-14","HomeRecord":"10-10","AwayScore":105,"HomeScore":96,"WinningTeamId":5,"Links":{"gametrax":"/nba/gameTrax?gameId=2014120623","boxscore":"/nba/boxscore?gameId=2014120623","recap":"http://www.foxsports.com/nba/story/magic-end-four-game-losing-streak-to-kings-120714","preview":"http://www.foxsports.com/nba/story/magic-kings-preview-120614","odds":"/nba/odds#27857","tickets":"http://www.awin1.com/cread.php?awinmid=4292&awinaffid=143258&clickref=nba&p=http://www.ticketsnow.com/InventoryBrowse/TicketList.aspx?PID=1607295"}},{"Id":28183,"GameState":2,"Date":"2014-12-06 22:30","SeasonType":1,"GameType":1,"AwayTeamId":9,"AwayLeader":"A Davis 26 pts","HomeTeamId":22,"HomeLeader":"B Griffin 30 pts","AwayRecord":"8-10","HomeRecord":"14-5","AwayScore":100,"HomeScore":120,"WinningTeamId":22,"Links":{"gametrax":"/nba/gameTrax?gameId=2014120612","boxscore":"/nba/boxscore?gameId=2014120612","recap":"http://www.foxsports.com/nba/story/clippers-beat-pelicans-to-stretch-winning-streak-to-seven-games-120714","preview":"http://www.foxsports.com/nba/story/pelicans-clippers-preview-120514","odds":"/nba/odds#28183","tickets":"http://www.awin1.com/cread.php?awinmid=4292&awinaffid=143258&clickref=nba&p=http://www.ticketsnow.com/InventoryBrowse/TicketList.aspx?PID=1607780"}}]