[{"Id":27943,"GameState":2,"Date":"2015-01-01 20:00","SeasonType":1,"GameType":1,"AwayTeamId":26,"AwayLeader":"R Gay 21 pts","HomeTeamId":18,"HomeLeader":"A Wiggins 27 pts","AwayRecord":"14-19","HomeRecord":"5-26","AwayScore":110,"HomeScore":107,"WinningTeamId":26,"Links":{"gametrax":"/nba/gameTrax?gameId=2015010116","boxscore":"/nba/boxscore?gameId=2015010116","recap":"http://www.foxsports.com/nba/story/sacramento-kings-deal-minnesota-timberwolves-10th-straight-loss-010115","preview":"http://www.foxsports.com/nba/story/kings-timberwolves-preview-010115","odds":"/nba/odds#27943","tickets":"http://www.awin1.com/cread.php?awinmid=4292&awinaffid=143258&clickref=nba&p=http://www.ticketsnow.com/InventoryBrowse/TicketList.aspx?PID=1606752"}},{"Id":27984,"GameState":2,"Date":"2015-01-01 20:00","SeasonType":1,"GameType":1,"AwayTeamId":16,"AwayLeader":"W Chandler 22 pts","HomeTeamId":10,"HomeLeader":"J Butler 26 pts","AwayRecord":"13-20","HomeRecord":"23-10","AwayScore":101,"HomeScore":106,"WinningTeamId":10,"Links":{"gametrax":"/nba/gameTrax?gameId=2015010104","boxscore":"/nba/boxscore?gameId=2015010104","recap":"http://www.foxsports.com/nba/story/chicago-bulls-beat-denver-nuggets-as-derrick-rose-finishes-strong-010115","preview":"http://www.foxsports.com/nba/story/nuggets-bulls-preview-123114","odds":"/nba/odds#27984","tickets":"http://www.awin1.com/cread.php?awinmid=4292&awinaffid=143258&clickref=nba&p=http://www.ticketsnow.com/InventoryBrowse/TicketList.aspx?PID=1605976"}}]