[{"Id":28690,"GameState":2,"Date":"2015-02-11 19:00","SeasonType":1,"GameType":1,"AwayTeamId":4,"AwayLeader":"J Smith 25 pts","HomeTeamId":5,"HomeLeader":"N Vucevic 28 pts","AwayRecord":"10-43","HomeRecord":"17-39","AwayScore":83,"HomeScore":89,"WinningTeamId":5,"Links":{"gametrax":"/nba/gameTrax?gameId=2015021119","boxscore":"/nba/boxscore?gameId=2015021119","recap":"http://www.foxsports.com/nba/story/carmelo-anthony-rests-knee-new-york-knicks-fall-to-orlando-magic-021115","preview":"http://www.foxsports.com/nba/story/knicks-magic-preview-021015","odds":"/nba/odds#28690","tickets":"http://www.awin1.com/cread.php?awinmid=4292&awinaffid=143258&clickref=nba&p=http://www.ticketsnow.com/InventoryBrowse/TicketList.aspx?PID=1607193"}},{"Id":27545,"GameState":2,"Date":"2015-02-11 19:30","SeasonType":1,"GameType":1,"AwayTeamId":8,"AwayLeader":"A Horford 22 pts","HomeTeamId":1,"HomeLeader":"J Sullinger 17 pts","AwayRecord":"43-11","HomeRecord":"20-31","AwayScore":88,"HomeScore":89,"WinningTeamId":1,"Links":{"gametrax":"/nba/gameTrax?gameId=2015021102","boxscore":"/nba/boxscore?gameId=2015021102","recap":"http://www.foxsports.com/nba/story/boston-celtics-rally-past-atlanta-hawks-win-on-evan-turner-buzzer-beater-021115","preview":"http://www.foxsports.com/nba/story/hawks-celtics-preview-021115","odds":"/nba/odds#27545","tickets":"http://www.awin1.com/cread.php?awinmid=4292&awinaffid=143258&clickref=nba&p=http://www.ticketsnow.com/InventoryBrowse/TicketList.aspx?PID=1605887"}},{"Id":27751,"GameState":2,"Date":"2015-02-11 19:30","SeasonType":1,"GameType":1,"AwayTeamId":19,"AwayLeader":"D Green 19 pts","HomeTeamId":12,"HomeLeader":"D Augustin 22 pts","AwayRecord":"34-19","HomeRecord":"21-33","AwayScore":104,"HomeScore":87,"WinningTeamId":19,"Links":{"gametrax":"/nba/gameTrax?gameId=2015021108","boxscore":"/nba/boxscore?gameId=2015021108","recap":"http://www.foxsports.com/nba/story/san-antonio-spurs-cruise-past-detroit-pistons-following-coach-gregg-popovich-s-milestone-021115","preview":"#","odds":"/nba/odds#27751","tickets":"http://www.awin1.com/cread.php?awinmid=4292&awinaffid=143258&clickref=nba&p=http://www.ticketsnow.com/InventoryBrowse/TicketList.aspx?PID=1606175"}},{"Id":28121,"GameState":2,"Date":"2015-02-11 19:30","SeasonType":1,"GameType":1,"AwayTeamId":7,"AwayLeader":"J Wall 21 pts","HomeTeamId":30,"HomeLeader":"L Williams 27 pts","AwayRecord":"33-21","HomeRecord":"36-17","AwayScore":93,"HomeScore":95,"WinningTeamId":30,"Links":{"gametrax":"/nba/gameTrax?gameId=2015021128","boxscore":"/nba/boxscore?gameId=2015021128","recap":"http://www.foxsports.com/nba/story/demar-derozan-hits-winner-in-toronto-raptors-victory-over-washington-wizards-021115","preview":"http://www.foxsports.com/nba/story/wizards-raptors-preview-021015","odds":"/nba/odds#28121"}},{"Id":27918,"GameState":2,"Date":"2015-02-11 20:00","SeasonType":1,"GameType":1,"AwayTeamId":2,"AwayLeader":"M Chalmers 18 pts","HomeTeamId":11,"HomeLeader":"T Mozgov 20 pts","AwayRecord":"22-30","HomeRecord":"33-21","AwayScore":93,"HomeScore":113,"WinningTeamId":11,"Links":{"gametrax":"/nba/gameTrax?gameId=2015021105","boxscore":"/nba/boxscore?gameId=2015021105","recap":"http://www.foxsports.com/nba/story/lebron-cavs-overpower-heat-113-93-for-14th-win-in-15-games-021115","preview":"http://www.foxsports.com/nba/story/heat-cavaliers-preview-021015","odds":"/nba/odds#27918","tickets":"http://www.awin1.com/cread.php?awinmid=4292&awinaffid=143258&clickref=nba&p=http://www.ticketsnow.com/InventoryBrowse/TicketList.aspx?PID=1607450"}},{"Id":27955,"GameState":2,"Date":"2015-02-11 20:00","SeasonType":1,"GameType":1,"AwayTeamId":21,"AwayLeader":"S Curry 25 pts","HomeTeamId":18,"HomeLeader":"K Martin 21 pts","AwayRecord":"42-9","HomeRecord":"11-42","AwayScore":94,"HomeScore":91,"WinningTeamId":21,"Links":{"gametrax":"/nba/gameTrax?gameId=2015021116","boxscore":"/nba/boxscore?gameId=2015021116","recap":"http://www.foxsports.com/nba/story/reserves-help-golden-state-warriors-survive-against-minnesota-timberwolves-021115","preview":"http://www.foxsports.com/nba/story/warriors-timberwolves-preview-021115","odds":"/nba/odds#27955","tickets":"http://www.awin1.com/cread.php?awinmid=4292&awinaffid=143258&clickref=nba&p=http://www.ticketsnow.com/InventoryBrowse/TicketList.aspx?PID=1606764"}},{"Id":28075,"GameState":2,"Date":"2015-02-11 20:00","SeasonType":1,"GameType":1,"AwayTeamId":26,"AwayLeader":"D Cousins 28 pts","HomeTeamId":14,"HomeLeader":"O Mayo 21 pts","AwayRecord":"18-34","HomeRecord":"30-23","AwayScore":103,"HomeScore":111,"WinningTeamId":14,"Links":{"gametrax":"/nba/gameTrax?gameId=2015021115","boxscore":"/nba/boxscore?gameId=2015021115","recap":"http://www.foxsports.com/nba/story/brandon-knight-scores-20-to-lead-milwaukee-bucks-over-sacramento-kings-021115","preview":"http://www.foxsports.com/nba/story/kings-bucks-preview-021115","odds":"/nba/odds#28075","tickets":"http://www.awin1.com/cread.php?awinmid=4292&awinaffid=143258&clickref=nba&p=http://www.ticketsnow.com/InventoryBrowse/TicketList.aspx?PID=1606540"}},{"Id":28446,"GameState":2,"Date":"2015-02-11 20:00","SeasonType":1,"GameType":1,"AwayTeamId":13,"AwayLeader":"D West 17 pts","HomeTeamId":9,"HomeLeader":"L Babbitt 15 pts","AwayRecord":"21-33","HomeRecord":"27-26","AwayScore":106,"HomeScore":93,"WinningTeamId":13,"Links":{"gametrax":"/nba/gameTrax?gameId=2015021103","boxscore":"/nba/boxscore?gameId=2015021103","recap":"http://www.foxsports.com/nba/story/west-hill-each-score-17-and-pacers-pound-pelicans-106-93-021115","preview":"http://www.foxsports.com/nba/story/pacers-pelicans-preview-021015","odds":"/nba/odds#28446","tickets":"http://www.awin1.com/cread.php?awinmid=4292&awinaffid=143258&clickref=nba&p=http://www.ticketsnow.com/InventoryBrowse/TicketList.aspx?PID=1606877"}},{"Id":28607,"GameState":2,"Date":"2015-02-11 20:00","SeasonType":1,"GameType":1,"AwayTeamId":31,"AwayLeader":"Z Randolph 16 pts","HomeTeamId":27,"HomeLeader":"K Durant 26 pts","AwayRecord":"39-14","HomeRecord":"28-25","AwayScore":89,"HomeScore":105,"WinningTeamId":27,"Links":{"gametrax":"/nba/gameTrax?gameId=2015021125","boxscore":"/nba/boxscore?gameId=2015021125","recap":"http://www.foxsports.com/nba/story/kevin-durant-russell-westbrook-carry-oklahoma-city-thunder-over-memphis-grizzlies-021115","preview":"http://www.foxsports.com/nba/story/grizzlies-thunder-preview-021115","odds":"/nba/odds#28607","tickets":"http://www.awin1.com/cread.php?awinmid=4292&awinaffid=143258&clickref=nba&p=http://www.ticketsnow.com/InventoryBrowse/TicketList.aspx?PID=1607143"}},{"Id":28404,"GameState":2,"Date":"2015-02-11 20:30","SeasonType":1,"GameType":1,"AwayTeamId":20,"AwayLeader":"T Burke 16 pts","HomeTeamId":15,"HomeLeader":"J Barea 22 pts","AwayRecord":"19-34","HomeRecord":"36-19","AwayScore":82,"HomeScore":87,"WinningTeamId":15,"Links":{"gametrax":"/nba/gameTrax?gameId=2015021106","boxscore":"/nba/boxscore?gameId=2015021106","recap":"http://www.foxsports.com/nba/story/jj-barea-scores-22-for-dallas-maverics-in-ragged-win-over-utah-jazz-021115","preview":"#","odds":"/nba/odds#28404","tickets":"http://www.awin1.com/cread.php?awinmid=4292&awinaffid=143258&clickref=nba&p=http://www.ticketsnow.com/InventoryBrowse/TicketList.aspx?PID=1606034"}},{"Id":28038,"GameState":2,"Date":"2015-02-11 22:00","SeasonType":1,"GameType":1,"AwayTeamId":23,"AwayLeader":"J Clarkson 17 pts","HomeTeamId":25,"HomeLeader":"W Matthews 20 pts","AwayRecord":"13-40","HomeRecord":"36-17","AwayScore":86,"HomeScore":102,"WinningTeamId":25,"Links":{"gametrax":"/nba/gameTrax?gameId=2015021122","boxscore":"/nba/boxscore?gameId=2015021122","recap":"http://www.foxsports.com/nba/story/blazers-hand-lakers-11th-straight-road-loss-with-102-86-win-021215","preview":"http://www.foxsports.com/nba/story/lakers-trail-blazers-preview-021115","odds":"/nba/odds#28038","tickets":"http://www.awin1.com/cread.php?awinmid=4292&awinaffid=143258&clickref=nba&p=http://www.ticketsnow.com/InventoryBrowse/TicketList.aspx?PID=1607677"}},{"Id":28201,"GameState":2,"Date":"2015-02-11 22:30","SeasonType":1,"GameType":1,"AwayTeamId":17,"AwayLeader":"C Brewer 22 pts","HomeTeamId":22,"HomeLeader":"D Jordan 24 pts","AwayRecord":"36-17","HomeRecord":"35-19","AwayScore":95,"HomeScore":110,"WinningTeamId":22,"Links":{"gametrax":"/nba/gameTrax?gameId=2015021112","boxscore":"/nba/boxscore?gameId=2015021112","recap":"http://www.foxsports.com/nba/story/jordans-24-points-20-rebounds-lead-clippers-over-rockets-021215","preview":"http://www.foxsports.com/nba/story/rockets-clippers-preview-021115","odds":"/nba/odds#28201","tickets":"http://www.awin1.com/cread.php?awinmid=4292&awinaffid=143258&clickref=nba&p=http://www.ticketsnow.com/InventoryBrowse/TicketList.aspx?PID=1606327"}}]