[{"Id":27995,"GameState":2,"Date":"2015-02-12 20:00","SeasonType":1,"GameType":1,"AwayTeamId":11,"AwayLeader":"L James 31 pts","HomeTeamId":10,"HomeLeader":"D Rose 30 pts","AwayRecord":"33-22","HomeRecord":"34-20","AwayScore":98,"HomeScore":113,"WinningTeamId":10,"Links":{"gametrax":"/nba/gameTrax?gameId=2015021204","boxscore":"/nba/boxscore?gameId=2015021204","recap":"http://www.foxsports.com/nba/story/rose-scores-30-bulls-beat-cavaliers-113-98-021215","preview":"http://www.foxsports.com/nba/story/cavaliers-bulls-preview-021215","odds":"/nba/odds#27995","tickets":"http://www.awin1.com/cread.php?awinmid=4292&awinaffid=143258&clickref=nba&p=http://www.ticketsnow.com/InventoryBrowse/TicketList.aspx?PID=1605987"}}]