[{"Id":28298,"GameState":2,"Date":"2014-10-31 19:00","SeasonType":1,"GameType":1,"AwayTeamId":31,"AwayLeader":"Z Randolph 22 pts","HomeTeamId":13,"HomeLeader":"C Copeland 16 pts","AwayRecord":"2-0","HomeRecord":"1-1","AwayScore":97,"HomeScore":89,"WinningTeamId":31,"Links":{"gametrax":"/nba/gameTrax?gameId=2014103111","boxscore":"/nba/boxscore?gameId=2014103111","recap":"http://www.foxsports.com/nba/story/zach-randolph-leads-grizzlies-over-pacers-103114","preview":"http://www.foxsports.com/nba/story/grizzlies-pacers-preview-103014","odds":"/nba/odds#28298","tickets":"http://www.awin1.com/cread.php?awinmid=4292&awinaffid=143258&clickref=nba&p=http://www.ticketsnow.com/InventoryBrowse/TicketList.aspx?PID=1606248"}},{"Id":27970,"GameState":2,"FinalText":"OT","Date":"2014-10-31 20:00","SeasonType":1,"GameType":1,"AwayTeamId":11,"AwayLeader":"L James 36 pts","HomeTeamId":10,"HomeLeader":"D Rose 20 pts","AwayRecord":"1-1","HomeRecord":"1-1","AwayScore":114,"HomeScore":108,"WinningTeamId":11,"Links":{"gametrax":"/nba/gameTrax?gameId=2014103104","boxscore":"/nba/boxscore?gameId=2014103104","recap":"http://www.foxsports.com/nba/story/lebron-james-leads-cavaliers-past-bulls-derrick-rose-injured-103114","preview":"http://www.foxsports.com/nba/story/cavaliers-bulls-preview-103114","odds":"/nba/odds#27970","tickets":"http://www.awin1.com/cread.php?awinmid=4292&awinaffid=143258&clickref=nba&p=http://www.ticketsnow.com/InventoryBrowse/TicketList.aspx?PID=1605962"}},{"Id":28052,"GameState":2,"Date":"2014-10-31 20:30","SeasonType":1,"GameType":1,"AwayTeamId":6,"AwayLeader":"H Thompson 15 pts","HomeTeamId":14,"HomeLeader":"O Mayo 25 pts","AwayRecord":"0-2","HomeRecord":"1-1","AwayScore":81,"HomeScore":93,"WinningTeamId":14,"Links":{"gametrax":"/nba/gameTrax?gameId=2014103115","boxscore":"/nba/boxscore?gameId=2014103115","recap":"http://www.foxsports.com/nba/story/o-j-mayo-s-25-points-carry-bucks-to-win-over-sixers-103114","preview":"http://www.foxsports.com/nba/story/76ers-bucks-preview-103014","odds":"/nba/odds#28052","tickets":"http://www.awin1.com/cread.php?awinmid=4292&awinaffid=143258&clickref=nba&p=http://www.ticketsnow.com/InventoryBrowse/TicketList.aspx?PID=1606513"}},{"Id":27808,"GameState":2,"Date":"2014-10-31 22:00","SeasonType":1,"GameType":1,"AwayTeamId":19,"AwayLeader":"T Parker 19 pts","HomeTeamId":24,"HomeLeader":"I Thomas 23 pts","AwayRecord":"1-1","HomeRecord":"2-0","AwayScore":89,"HomeScore":94,"WinningTeamId":24,"Links":{"gametrax":"/nba/gameTrax?gameId=2014103121","boxscore":"/nba/boxscore?gameId=2014103121","recap":"http://www.foxsports.com/nba/story/isaiah-thomas-markieff-morris-lead-suns-past-spurs-110114","preview":"http://www.foxsports.com/nba/story/spurs-suns-preview-103014","odds":"/nba/odds#27808","tickets":"http://www.awin1.com/cread.php?awinmid=4292&awinaffid=143258&clickref=nba&p=http://www.ticketsnow.com/InventoryBrowse/TicketList.aspx?PID=1607238"}},{"Id":27849,"GameState":2,"Date":"2014-10-31 22:00","SeasonType":1,"GameType":1,"AwayTeamId":25,"AwayLeader":"L Aldridge 22 pts","HomeTeamId":26,"HomeLeader":"R Gay 40 pts","AwayRecord":"1-1","HomeRecord":"1-1","AwayScore":94,"HomeScore":103,"WinningTeamId":26,"Links":{"gametrax":"/nba/gameTrax?gameId=2014103123","boxscore":"/nba/boxscore?gameId=2014103123","recap":"http://www.foxsports.com/nba/story/rudy-gay-leads-kings-past-trail-blazers-110114","preview":"#","odds":"/nba/odds#27849","tickets":"http://www.awin1.com/cread.php?awinmid=4292&awinaffid=143258&clickref=nba&p=http://www.ticketsnow.com/InventoryBrowse/TicketList.aspx?PID=1607287"}},{"Id":28216,"GameState":2,"Date":"2014-10-31 22:30","SeasonType":1,"GameType":1,"AwayTeamId":22,"AwayLeader":"B Griffin 39 pts","HomeTeamId":23,"HomeLeader":"J Hill 23 pts","AwayRecord":"2-0","HomeRecord":"0-3","AwayScore":118,"HomeScore":111,"WinningTeamId":22,"Links":{"gametrax":"/nba/gameTrax?gameId=2014103113","boxscore":"/nba/boxscore?gameId=2014103113","recap":"http://www.foxsports.com/nba/story/griffin-scores-39-clippers-beat-lakers-118-111-110114","preview":"http://www.foxsports.com/nba/story/clippers-lakers-preview-103114","odds":"/nba/odds#28216","tickets":"http://www.awin1.com/cread.php?awinmid=4292&awinaffid=143258&clickref=nba&p=http://www.ticketsnow.com/InventoryBrowse/TicketList.aspx?PID=1606373"}}]