[{"Id":28119,"GameState":2,"Date":"2015-02-06 19:00","SeasonType":1,"GameType":1,"AwayTeamId":22,"AwayLeader":"B Griffin 26 pts","HomeTeamId":30,"HomeLeader":"D DeRozan 24 pts","AwayRecord":"33-18","HomeRecord":"34-17","AwayScore":107,"HomeScore":123,"WinningTeamId":30,"Links":{"gametrax":"/nba/gameTrax?gameId=2015020628","boxscore":"/nba/boxscore?gameId=2015020628","recap":"http://www.foxsports.com/nba/story/toronto-raptors-defeat-los-angeles-clippers-020615","preview":"http://www.foxsports.com/nba/story/clippers-raptors-preview-020615","odds":"/nba/odds#28119"}},{"Id":28320,"GameState":2,"Date":"2015-02-06 19:00","SeasonType":1,"GameType":1,"AwayTeamId":11,"AwayLeader":"K Irving 29 pts","HomeTeamId":13,"HomeLeader":"C Miles 26 pts","AwayRecord":"31-21","HomeRecord":"19-32","AwayScore":99,"HomeScore":103,"WinningTeamId":13,"Links":{"gametrax":"/nba/gameTrax?gameId=2015020611","boxscore":"/nba/boxscore?gameId=2015020611","recap":"http://www.foxsports.com/nba/story/indiana-pacers-get-past-cleveland-cavaliers-020615","preview":"#","odds":"/nba/odds#28320","tickets":"http://www.awin1.com/cread.php?awinmid=4292&awinaffid=143258&clickref=nba&p=http://www.ticketsnow.com/InventoryBrowse/TicketList.aspx?PID=1606271"}},{"Id":28688,"GameState":2,"FinalText":"OT","Date":"2015-02-06 19:00","SeasonType":1,"GameType":1,"AwayTeamId":23,"AwayLeader":"R Kelly 20 pts","HomeTeamId":5,"HomeLeader":"T Harris 34 pts","AwayRecord":"13-37","HomeRecord":"16-37","AwayScore":97,"HomeScore":103,"WinningTeamId":5,"Links":{"gametrax":"/nba/gameTrax?gameId=2015020619","boxscore":"/nba/boxscore?gameId=2015020619","recap":"http://www.foxsports.com/nba/story/orlando-magic-down-los-angeles-lakers-020615","preview":"http://www.foxsports.com/nba/story/lakers-magic-preview-020515","odds":"/nba/odds#28688","tickets":"http://www.awin1.com/cread.php?awinmid=4292&awinaffid=143258&clickref=nba&p=http://www.ticketsnow.com/InventoryBrowse/TicketList.aspx?PID=1607191"}},{"Id":28733,"GameState":2,"Date":"2015-02-06 19:00","SeasonType":1,"GameType":1,"AwayTeamId":4,"AwayLeader":"C Anthony 21 pts","HomeTeamId":3,"HomeLeader":"B Lopez 22 pts","AwayRecord":"10-40","HomeRecord":"21-28","AwayScore":88,"HomeScore":92,"WinningTeamId":3,"Links":{"gametrax":"/nba/gameTrax?gameId=2015020617","boxscore":"/nba/boxscore?gameId=2015020617","recap":"http://www.foxsports.com/nba/story/brooklyn-nets-beat-new-york-knicks-win-crosstown-season-series-020615","preview":"http://www.foxsports.com/nba/story/knicks-nets-preview-020515","odds":"/nba/odds#28733","tickets":"http://www.awin1.com/cread.php?awinmid=4292&awinaffid=143258&clickref=nba&p=http://www.ticketsnow.com/InventoryBrowse/TicketList.aspx?PID=1605461"}},{"Id":27544,"GameState":2,"Date":"2015-02-06 19:30","SeasonType":1,"GameType":1,"AwayTeamId":6,"AwayLeader":"L Mbah a Moute 18 pts","HomeTeamId":1,"HomeLeader":"J Sullinger 22 pts","AwayRecord":"11-40","HomeRecord":"19-30","AwayScore":96,"HomeScore":107,"WinningTeamId":1,"Links":{"gametrax":"/nba/gameTrax?gameId=2015020602","boxscore":"/nba/boxscore?gameId=2015020602","recap":"http://www.foxsports.com/nba/story/boston-celtics-beat-philadelphia-76ers-020615","preview":"http://www.foxsports.com/nba/story/76ers-celtics-preview-020515","odds":"/nba/odds#27544","tickets":"http://www.awin1.com/cread.php?awinmid=4292&awinaffid=143258&clickref=nba&p=http://www.ticketsnow.com/InventoryBrowse/TicketList.aspx?PID=1605886"}},{"Id":27749,"GameState":2,"Date":"2015-02-06 19:30","SeasonType":1,"GameType":1,"AwayTeamId":16,"AwayLeader":"T Lawson 20 pts","HomeTeamId":12,"HomeLeader":"D Augustin 22 pts","AwayRecord":"19-32","HomeRecord":"20-31","AwayScore":88,"HomeScore":98,"WinningTeamId":12,"Links":{"gametrax":"/nba/gameTrax?gameId=2015020608","boxscore":"/nba/boxscore?gameId=2015020608","recap":"http://www.foxsports.com/nba/story/detroit-pistons-down-denver-nuggets-020615","preview":"http://www.foxsports.com/nba/story/nuggets-pistons-preview-020515","odds":"/nba/odds#27749","tickets":"http://www.awin1.com/cread.php?awinmid=4292&awinaffid=143258&clickref=nba&p=http://www.ticketsnow.com/InventoryBrowse/TicketList.aspx?PID=1606173"}},{"Id":28283,"GameState":2,"Date":"2015-02-06 19:30","SeasonType":1,"GameType":1,"AwayTeamId":21,"AwayLeader":"K Thompson 29 pts","HomeTeamId":8,"HomeLeader":"J Teague 23 pts","AwayRecord":"39-9","HomeRecord":"42-9","AwayScore":116,"HomeScore":124,"WinningTeamId":8,"Links":{"gametrax":"/nba/gameTrax?gameId=2015020601","boxscore":"/nba/boxscore?gameId=2015020601","recap":"http://www.foxsports.com/nba/story/atlanta-hawks-win-vs-golden-state-warriors-020615","preview":"http://www.foxsports.com/nba/story/warriors-hawks-preview-020515","odds":"/nba/odds#28283","tickets":"http://www.awin1.com/cread.php?awinmid=4292&awinaffid=143258&clickref=nba&p=http://www.ticketsnow.com/InventoryBrowse/TicketList.aspx?PID=1605840"}},{"Id":27953,"GameState":2,"Date":"2015-02-06 20:00","SeasonType":1,"GameType":1,"AwayTeamId":31,"AwayLeader":"M Conley 15 pts","HomeTeamId":18,"HomeLeader":"A Wiggins 18 pts","AwayRecord":"37-13","HomeRecord":"10-40","AwayScore":89,"HomeScore":90,"WinningTeamId":18,"Links":{"gametrax":"/nba/gameTrax?gameId=2015020616","boxscore":"/nba/boxscore?gameId=2015020616","recap":"http://www.foxsports.com/nba/story/minnesota-timberwolves-edge-memphis-grizzlies-020615","preview":"http://www.foxsports.com/nba/story/grizzlies-timberwolves-preview-020515","odds":"/nba/odds#27953","tickets":"http://www.awin1.com/cread.php?awinmid=4292&awinaffid=143258&clickref=nba&p=http://www.ticketsnow.com/InventoryBrowse/TicketList.aspx?PID=1606762"}},{"Id":28526,"GameState":2,"Date":"2015-02-06 20:00","SeasonType":1,"GameType":1,"AwayTeamId":14,"AwayLeader":"G Antetokounmpo 27 pts","HomeTeamId":17,"HomeLeader":"J Harden 33 pts","AwayRecord":"27-23","HomeRecord":"35-15","AwayScore":111,"HomeScore":117,"WinningTeamId":17,"Links":{"gametrax":"/nba/gameTrax?gameId=2015020610","boxscore":"/nba/boxscore?gameId=2015020610","recap":"http://www.foxsports.com/nba/story/houston-rockets-outshoot-milwaukee-bucks-020615","preview":"http://www.foxsports.com/nba/story/bucks-rockets-preview-020515","odds":"/nba/odds#28526","tickets":"http://www.awin1.com/cread.php?awinmid=4292&awinaffid=143258&clickref=nba&p=http://www.ticketsnow.com/InventoryBrowse/TicketList.aspx?PID=1607543"}},{"Id":28605,"GameState":2,"Date":"2015-02-06 20:00","SeasonType":1,"GameType":1,"AwayTeamId":9,"AwayLeader":"A Davis 41 pts","HomeTeamId":27,"HomeLeader":"R Westbrook 48 pts","AwayRecord":"27-23","HomeRecord":"25-25","AwayScore":116,"HomeScore":113,"WinningTeamId":9,"Links":{"gametrax":"/nba/gameTrax?gameId=2015020625","boxscore":"/nba/boxscore?gameId=2015020625","recap":"http://www.foxsports.com/nba/story/new-orleans-pelicans-edge-oklahoma-city-thunder-on-anthony-davis-buzzer-beater-020615","preview":"http://www.foxsports.com/nba/story/pelicans-thunder-preview-020515","odds":"/nba/odds#28605","tickets":"http://www.awin1.com/cread.php?awinmid=4292&awinaffid=143258&clickref=nba&p=http://www.ticketsnow.com/InventoryBrowse/TicketList.aspx?PID=1607141"}},{"Id":27832,"GameState":2,"Date":"2015-02-06 21:00","SeasonType":1,"GameType":1,"AwayTeamId":20,"AwayLeader":"G Hayward 24 pts","HomeTeamId":24,"HomeLeader":"M Morris 34 pts","AwayRecord":"17-33","HomeRecord":"29-23","AwayScore":93,"HomeScore":100,"WinningTeamId":24,"Links":{"gametrax":"/nba/gameTrax?gameId=2015020621","boxscore":"/nba/boxscore?gameId=2015020621","recap":"http://www.foxsports.com/nba/story/phoenix-suns-top-utah-jazz-marcus-morris-scores-34-020615","preview":"http://www.foxsports.com/nba/story/jazz-suns-preview-020615","odds":"/nba/odds#27832","tickets":"http://www.awin1.com/cread.php?awinmid=4292&awinaffid=143258&clickref=nba&p=http://www.ticketsnow.com/InventoryBrowse/TicketList.aspx?PID=1607262"}},{"Id":28487,"GameState":2,"Date":"2015-02-06 21:30","SeasonType":1,"GameType":1,"AwayTeamId":2,"AwayLeader":"T Johnson 18 pts","HomeTeamId":19,"HomeLeader":"K Leonard 24 pts","AwayRecord":"21-29","HomeRecord":"32-18","AwayScore":85,"HomeScore":98,"WinningTeamId":19,"Links":{"gametrax":"/nba/gameTrax?gameId=2015020624","boxscore":"/nba/boxscore?gameId=2015020624","recap":"http://www.foxsports.com/nba/story/san-antonio-spurs-beat-miami-heat-in-finals-rematch-020715","preview":"http://www.foxsports.com/nba/story/heat-spurs-preview-020515","odds":"/nba/odds#28487","tickets":"http://www.awin1.com/cread.php?awinmid=4292&awinaffid=143258&clickref=nba&p=http://www.ticketsnow.com/InventoryBrowse/TicketList.aspx?PID=1607356"}}]