[{"Id":28311,"GameState":2,"Date":"2014-12-29 19:00","SeasonType":1,"GameType":1,"AwayTeamId":10,"AwayLeader":"J Butler 27 pts","HomeTeamId":13,"HomeLeader":"C Copeland 17 pts","AwayRecord":"22-9","HomeRecord":"11-21","AwayScore":92,"HomeScore":90,"WinningTeamId":10,"Links":{"gametrax":"/nba/gameTrax?gameId=2014122911","boxscore":"/nba/boxscore?gameId=2014122911","recap":"http://www.foxsports.com/nba/story/jimmy-butler-leads-chicago-bulls-over-indiana-pacers-122914","preview":"#","odds":"/nba/odds#28311","tickets":"http://www.awin1.com/cread.php?awinmid=4292&awinaffid=143258&clickref=nba&p=http://www.ticketsnow.com/InventoryBrowse/TicketList.aspx?PID=1606261"}},{"Id":28642,"GameState":2,"FinalText":"OT","Date":"2014-12-29 19:00","SeasonType":1,"GameType":1,"AwayTeamId":14,"AwayLeader":"B Knight 18 pts","HomeTeamId":32,"HomeLeader":"K Walker 28 pts","AwayRecord":"16-16","HomeRecord":"10-22","AwayScore":104,"HomeScore":94,"WinningTeamId":14,"Links":{"gametrax":"/nba/gameTrax?gameId=2014122930","boxscore":"/nba/boxscore?gameId=2014122930","recap":"http://www.foxsports.com/nba/story/milwaukee-bucks-pull-away-from-charlotte-hornets-in-overtime-122914","preview":"http://www.foxsports.com/nba/story/bucks-hornets-preview-122814","odds":"/nba/odds#28642","tickets":"http://www.awin1.com/cread.php?awinmid=4292&awinaffid=143258&clickref=nba&p=http://www.ticketsnow.com/InventoryBrowse/TicketList.aspx?PID=1605934"}},{"Id":28355,"GameState":2,"Date":"2014-12-29 19:30","SeasonType":1,"GameType":1,"AwayTeamId":5,"AwayLeader":"N Vucevic 26 pts","HomeTeamId":2,"HomeLeader":"D Wade 25 pts","AwayRecord":"13-21","HomeRecord":"14-18","AwayScore":102,"HomeScore":101,"WinningTeamId":5,"Links":{"gametrax":"/nba/gameTrax?gameId=2014122914","boxscore":"/nba/boxscore?gameId=2014122914","recap":"http://www.foxsports.com/nba/story/orlando-magic-hold-off-miami-heat-despite-return-of-chris-bosh-122914","preview":"http://www.foxsports.com/nba/story/magic-heat-preview-122814","odds":"/nba/odds#28355","tickets":"http://www.awin1.com/cread.php?awinmid=4292&awinaffid=143258&clickref=nba&p=http://www.ticketsnow.com/InventoryBrowse/TicketList.aspx?PID=1606480"}},{"Id":28723,"GameState":2,"Date":"2014-12-29 19:30","SeasonType":1,"GameType":1,"AwayTeamId":26,"AwayLeader":"R Gay 25 pts","HomeTeamId":3,"HomeLeader":"M Plumlee 22 pts","AwayRecord":"13-18","HomeRecord":"14-16","AwayScore":99,"HomeScore":107,"WinningTeamId":3,"Links":{"gametrax":"/nba/gameTrax?gameId=2014122917","boxscore":"/nba/boxscore?gameId=2014122917","recap":"http://www.foxsports.com/nba/story/brooklyn-nets-top-sacramento-kings-behind-22-points-from-mason-plumlee-122914","preview":"http://www.foxsports.com/nba/story/kings-nets-preview-122814","odds":"/nba/odds#28723","tickets":"http://www.awin1.com/cread.php?awinmid=4292&awinaffid=143258&clickref=nba&p=http://www.ticketsnow.com/InventoryBrowse/TicketList.aspx?PID=1605452"}},{"Id":28517,"GameState":2,"Date":"2014-12-29 20:00","SeasonType":1,"GameType":1,"AwayTeamId":7,"AwayLeader":"B Beal 33 pts","HomeTeamId":17,"HomeLeader":"J Harden 33 pts","AwayRecord":"22-8","HomeRecord":"21-9","AwayScore":104,"HomeScore":103,"WinningTeamId":7,"Links":{"gametrax":"/nba/gameTrax?gameId=2014122910","boxscore":"/nba/boxscore?gameId=2014122910","recap":"http://www.foxsports.com/nba/story/bradley-beal-scores-33-to-help-washington-wizards-edge-houston-rockets-122914","preview":"http://www.foxsports.com/nba/story/wizards-rockets-preview-122914","odds":"/nba/odds#28517","tickets":"http://www.awin1.com/cread.php?awinmid=4292&awinaffid=143258&clickref=nba&p=http://www.ticketsnow.com/InventoryBrowse/TicketList.aspx?PID=1607534"}},{"Id":28190,"GameState":2,"Date":"2014-12-29 22:30","SeasonType":1,"GameType":1,"AwayTeamId":20,"AwayLeader":"G Hayward 22 pts","HomeTeamId":22,"HomeLeader":"B Griffin 24 pts","AwayRecord":"10-21","HomeRecord":"21-11","AwayScore":97,"HomeScore":101,"WinningTeamId":22,"Links":{"gametrax":"/nba/gameTrax?gameId=2014122912","boxscore":"/nba/boxscore?gameId=2014122912","recap":"http://www.foxsports.com/nba/story/clippers-beat-jazz-for-12th-straight-time-101-97-123014","preview":"http://www.foxsports.com/nba/story/jazz-clippers-preview-122814","odds":"/nba/odds#28190","tickets":"http://www.awin1.com/cread.php?awinmid=4292&awinaffid=143258&clickref=nba&p=http://www.ticketsnow.com/InventoryBrowse/TicketList.aspx?PID=1606316"}}]