[{"Id":27603,"GameState":2,"Date":"2014-11-12 19:00","SeasonType":1,"GameType":1,"AwayTeamId":12,"AwayLeader":"B Jennings 32 pts","HomeTeamId":7,"HomeLeader":"J Wall 27 pts","AwayRecord":"2-6","HomeRecord":"6-2","AwayScore":103,"HomeScore":107,"WinningTeamId":7,"Links":{"gametrax":"/nba/gameTrax?gameId=2014111227","boxscore":"/nba/boxscore?gameId=2014111227","recap":"http://www.foxsports.com/nba/story/john-wall-scores-26-points-leads-washington-wizards-over-detroit-pistons-111214","preview":"http://www.foxsports.com/nba/story/pistons-wizards-preview-111114","odds":"/nba/odds#27603","tickets":"http://www.awin1.com/cread.php?awinmid=4292&awinaffid=143258&clickref=nba&p=http://www.ticketsnow.com/InventoryBrowse/TicketList.aspx?PID=1607375"}},{"Id":27522,"GameState":2,"Date":"2014-11-12 19:30","SeasonType":1,"GameType":1,"AwayTeamId":27,"AwayLeader":"A Morrow 28 pts","HomeTeamId":1,"HomeLeader":"R Rondo 20 pts","AwayRecord":"3-6","HomeRecord":"3-4","AwayScore":109,"HomeScore":94,"WinningTeamId":27,"Links":{"gametrax":"/nba/gameTrax?gameId=2014111202","boxscore":"/nba/boxscore?gameId=2014111202","recap":"http://www.foxsports.com/nba/story/reggie-jackson-carries-oklahoma-city-thunder-past-boston-celtics-111214","preview":"http://www.foxsports.com/nba/story/thunder-celtics-preview-111214","odds":"/nba/odds#27522","tickets":"http://www.awin1.com/cread.php?awinmid=4292&awinaffid=143258&clickref=nba&p=http://www.ticketsnow.com/InventoryBrowse/TicketList.aspx?PID=1605865"}},{"Id":27769,"GameState":2,"Date":"2014-11-12 19:30","SeasonType":1,"GameType":1,"AwayTeamId":5,"AwayLeader":"E Fournier 28 pts","HomeTeamId":4,"HomeLeader":"C Anthony 27 pts","AwayRecord":"3-6","HomeRecord":"2-7","AwayScore":97,"HomeScore":95,"WinningTeamId":5,"Links":{"gametrax":"/nba/gameTrax?gameId=2014111218","boxscore":"/nba/boxscore?gameId=2014111218","recap":"http://www.foxsports.com/nba/story/orlando-magic-send-new-york-knicks-to-6th-straight-loss-behind-evan-fournier-s-career-high-28-points-111214","preview":"http://www.foxsports.com/nba/story/magic-knicks-preview-111214","odds":"/nba/odds#27769","tickets":"http://www.awin1.com/cread.php?awinmid=4292&awinaffid=143258&clickref=nba&p=http://www.ticketsnow.com/InventoryBrowse/TicketList.aspx?PID=1607017"}},{"Id":28258,"GameState":2,"Date":"2014-11-12 19:30","SeasonType":1,"GameType":1,"AwayTeamId":20,"AwayLeader":"A Burks 22 pts","HomeTeamId":8,"HomeLeader":"P Millsap 30 pts","AwayRecord":"3-6","HomeRecord":"4-3","AwayScore":97,"HomeScore":100,"WinningTeamId":8,"Links":{"gametrax":"/nba/gameTrax?gameId=2014111201","boxscore":"/nba/boxscore?gameId=2014111201","recap":"http://www.foxsports.com/nba/story/kyle-korver-late-3-pointer-lifts-atlanta-hawks-over-utah-jazz-111214","preview":"http://www.foxsports.com/nba/story/jazz-hawks-preview-111114","odds":"/nba/odds#28258","tickets":"http://www.awin1.com/cread.php?awinmid=4292&awinaffid=143258&clickref=nba&p=http://www.ticketsnow.com/InventoryBrowse/TicketList.aspx?PID=1605814"}},{"Id":28342,"GameState":2,"Date":"2014-11-12 19:30","SeasonType":1,"GameType":1,"AwayTeamId":13,"AwayLeader":"C Copeland 17 pts","HomeTeamId":2,"HomeLeader":"D Wade 20 pts","AwayRecord":"3-6","HomeRecord":"5-3","AwayScore":81,"HomeScore":75,"WinningTeamId":13,"Links":{"gametrax":"/nba/gameTrax?gameId=2014111214","boxscore":"/nba/boxscore?gameId=2014111214","recap":"http://www.foxsports.com/nba/story/chris-copeland-scores-17-points-to-lead-indiana-pacers-over-miami-heat-111214","preview":"http://www.foxsports.com/nba/story/miami-heat-indiana-pacers-rivalry-lacks-bite-because-of-injuries-defections-111114","odds":"/nba/odds#28342","tickets":"http://www.awin1.com/cread.php?awinmid=4292&awinaffid=143258&clickref=nba&p=http://www.ticketsnow.com/InventoryBrowse/TicketList.aspx?PID=1606468"}},{"Id":28423,"GameState":2,"Date":"2014-11-12 20:00","SeasonType":1,"GameType":1,"AwayTeamId":23,"AwayLeader":"K Bryant 33 pts","HomeTeamId":9,"HomeLeader":"A Davis 25 pts","AwayRecord":"1-7","HomeRecord":"4-3","AwayScore":102,"HomeScore":109,"WinningTeamId":9,"Links":{"gametrax":"/nba/gameTrax?gameId=2014111203","boxscore":"/nba/boxscore?gameId=2014111203","recap":"http://www.foxsports.com/nba/story/kobe-bryant-shoots-10-for-28-in-los-angeles-lakers-loss-to-new-orleans-pelicans-111214","preview":"http://www.foxsports.com/nba/story/lakers-pelicans-preview-111214","odds":"/nba/odds#28423","tickets":"http://www.awin1.com/cread.php?awinmid=4292&awinaffid=143258&clickref=nba&p=http://www.ticketsnow.com/InventoryBrowse/TicketList.aspx?PID=1606855"}},{"Id":27812,"GameState":2,"Date":"2014-11-12 21:00","SeasonType":1,"GameType":1,"AwayTeamId":3,"AwayLeader":"J Johnson 21 pts","HomeTeamId":24,"HomeLeader":"G Green 28 pts","AwayRecord":"4-3","HomeRecord":"5-3","AwayScore":104,"HomeScore":112,"WinningTeamId":24,"Links":{"gametrax":"/nba/gameTrax?gameId=2014111221","boxscore":"/nba/boxscore?gameId=2014111221","recap":"http://www.foxsports.com/nba/story/gerald-green-leads-suns-over-nets-111214","preview":"http://www.foxsports.com/nba/story/nets-suns-preview-111214","odds":"/nba/odds#27812","tickets":"http://www.awin1.com/cread.php?awinmid=4292&awinaffid=143258&clickref=nba&p=http://www.ticketsnow.com/InventoryBrowse/TicketList.aspx?PID=1607242"}},{"Id":28136,"GameState":2,"Date":"2014-11-12 21:00","SeasonType":1,"GameType":1,"AwayTeamId":25,"AwayLeader":"D Lillard 27 pts","HomeTeamId":16,"HomeLeader":"T Lawson 32 pts","AwayRecord":"6-3","HomeRecord":"1-6","AwayScore":130,"HomeScore":113,"WinningTeamId":25,"Links":{"gametrax":"/nba/gameTrax?gameId=2014111207","boxscore":"/nba/boxscore?gameId=2014111207","recap":"http://www.foxsports.com/nba/story/portland-trail-blazers-score-84-in-first-half-coast-to-win-over-denver-nuggets-111214","preview":"http://www.foxsports.com/nba/story/trail-blazers-nuggets-preview-111214","odds":"/nba/odds#28136","tickets":"http://www.awin1.com/cread.php?awinmid=4292&awinaffid=143258&clickref=nba&p=http://www.ticketsnow.com/InventoryBrowse/TicketList.aspx?PID=1607471"}},{"Id":28749,"GameState":2,"Date":"2014-11-12 22:00","SeasonType":1,"GameType":1,"AwayTeamId":17,"AwayLeader":"J Harden 23 pts","HomeTeamId":18,"HomeLeader":"C Brewer 18 pts","AwayRecord":"7-1","HomeRecord":"2-5","AwayScore":113,"HomeScore":101,"WinningTeamId":17,"Links":{"gametrax":"/nba/gameTrax?gameId=2014111216","boxscore":"/nba/boxscore?gameId=2014111216","recap":"http://www.foxsports.com/nba/story/dwight-howard-james-harden-lead-rockets-over-timberwolves-in-mexico-111314","preview":"http://www.foxsports.com/nba/story/houston-rockets-expect-dwight-howard-back-vs-minnesota-timberwolves-111114","odds":"/nba/odds#28749"}}]