[{"Id":27626,"GameState":2,"Date":"2015-02-02 19:00","SeasonType":1,"GameType":1,"AwayTeamId":32,"AwayLeader":"A Jefferson 18 pts","HomeTeamId":7,"HomeLeader":"B Beal 18 pts","AwayRecord":"21-27","HomeRecord":"31-18","AwayScore":92,"HomeScore":88,"WinningTeamId":32,"Links":{"gametrax":"/nba/gameTrax?gameId=2015020227","boxscore":"/nba/boxscore?gameId=2015020227","recap":"http://www.foxsports.com/nba/story/jefferson-has-18-and-12-hornets-stay-hot-top-wizards-92-88-020215","preview":"http://www.foxsports.com/nba/story/hornets-wizards-preview-020215","odds":"/nba/odds#27626","tickets":"http://www.awin1.com/cread.php?awinmid=4292&awinaffid=143258&clickref=nba&p=http://www.ticketsnow.com/InventoryBrowse/TicketList.aspx?PID=1607398"}},{"Id":27915,"GameState":2,"Date":"2015-02-02 19:00","SeasonType":1,"GameType":1,"AwayTeamId":6,"AwayLeader":"J Grant 18 pts","HomeTeamId":11,"HomeLeader":"K Irving 24 pts","AwayRecord":"10-39","HomeRecord":"30-20","AwayScore":84,"HomeScore":97,"WinningTeamId":11,"Links":{"gametrax":"/nba/gameTrax?gameId=2015020205","boxscore":"/nba/boxscore?gameId=2015020205","recap":"http://www.foxsports.com/nba/story/cavs-stumble-to-11th-straight-win-97-84-over-scrappy-sixers-020215","preview":"http://www.foxsports.com/nba/story/76ers-cavaliers-preview-020115","odds":"/nba/odds#27915","tickets":"http://www.awin1.com/cread.php?awinmid=4292&awinaffid=143258&clickref=nba&p=http://www.ticketsnow.com/InventoryBrowse/TicketList.aspx?PID=1607447"}},{"Id":28117,"GameState":2,"Date":"2015-02-02 19:30","SeasonType":1,"GameType":1,"AwayTeamId":14,"AwayLeader":"K Middleton 25 pts","HomeTeamId":30,"HomeLeader":"D DeRozan 16 pts","AwayRecord":"26-22","HomeRecord":"33-16","AwayScore":82,"HomeScore":75,"WinningTeamId":14,"Links":{"gametrax":"/nba/gameTrax?gameId=2015020228","boxscore":"/nba/boxscore?gameId=2015020228","recap":"http://www.foxsports.com/nba/story/middleton-scores-25-bucks-beat-raptors-82-75-020215","preview":"http://www.foxsports.com/nba/story/bucks-raptors-preview-020115","odds":"/nba/odds#28117"}},{"Id":28732,"GameState":2,"Date":"2015-02-02 19:30","SeasonType":1,"GameType":1,"AwayTeamId":22,"AwayLeader":"D Jordan 22 pts","HomeTeamId":3,"HomeLeader":"B Lopez 24 pts","AwayRecord":"33-16","HomeRecord":"19-28","AwayScore":100,"HomeScore":102,"WinningTeamId":3,"Links":{"gametrax":"/nba/gameTrax?gameId=2015020217","boxscore":"/nba/boxscore?gameId=2015020217","recap":"http://www.foxsports.com/nba/story/jacks-jumper-completes-rally-nets-beat-clippers-102-100-020215","preview":"http://www.foxsports.com/nba/story/clippers-nets-preview-020115","odds":"/nba/odds#28732","tickets":"http://www.awin1.com/cread.php?awinmid=4292&awinaffid=143258&clickref=nba&p=http://www.ticketsnow.com/InventoryBrowse/TicketList.aspx?PID=1605460"}},{"Id":28442,"GameState":2,"Date":"2015-02-02 20:00","SeasonType":1,"GameType":1,"AwayTeamId":8,"AwayLeader":"J Teague 21 pts","HomeTeamId":9,"HomeLeader":"A Davis 29 pts","AwayRecord":"40-9","HomeRecord":"26-22","AwayScore":100,"HomeScore":115,"WinningTeamId":9,"Links":{"gametrax":"/nba/gameTrax?gameId=2015020203","boxscore":"/nba/boxscore?gameId=2015020203","recap":"http://www.foxsports.com/nba/story/pelicans-snap-hawks-19-game-winning-streak-115-100-020215","preview":"http://www.foxsports.com/nba/story/hawks-pelicans-preview-020115","odds":"/nba/odds#28442","tickets":"http://www.awin1.com/cread.php?awinmid=4292&awinaffid=143258&clickref=nba&p=http://www.ticketsnow.com/InventoryBrowse/TicketList.aspx?PID=1606873"}},{"Id":28604,"GameState":2,"Date":"2015-02-02 20:00","SeasonType":1,"GameType":1,"AwayTeamId":5,"AwayLeader":"V Oladipo 22 pts","HomeTeamId":27,"HomeLeader":"R Westbrook 25 pts","AwayRecord":"15-36","HomeRecord":"24-24","AwayScore":97,"HomeScore":104,"WinningTeamId":27,"Links":{"gametrax":"/nba/gameTrax?gameId=2015020225","boxscore":"/nba/boxscore?gameId=2015020225","recap":"http://www.foxsports.com/nba/story/westbrooks-triple-double-leads-thunder-past-magic-104-97-020215","preview":"http://www.foxsports.com/nba/story/magic-thunder-preview-020115","odds":"/nba/odds#28604","tickets":"http://www.awin1.com/cread.php?awinmid=4292&awinaffid=143258&clickref=nba&p=http://www.ticketsnow.com/InventoryBrowse/TicketList.aspx?PID=1607140"}},{"Id":28401,"GameState":2,"Date":"2015-02-02 20:30","SeasonType":1,"GameType":1,"AwayTeamId":18,"AwayLeader":"K Martin 19 pts","HomeTeamId":15,"HomeLeader":"M Ellis 23 pts","AwayRecord":"8-40","HomeRecord":"33-17","AwayScore":94,"HomeScore":100,"WinningTeamId":15,"Links":{"gametrax":"/nba/gameTrax?gameId=2015020206","boxscore":"/nba/boxscore?gameId=2015020206","recap":"http://www.foxsports.com/nba/story/mavs-win-100-94-without-rondo-in-rubios-return-to-wolves-020215","preview":"http://www.foxsports.com/nba/story/timberwolves-mavericks-preview-020215","odds":"/nba/odds#28401","tickets":"http://www.awin1.com/cread.php?awinmid=4292&awinaffid=143258&clickref=nba&p=http://www.ticketsnow.com/InventoryBrowse/TicketList.aspx?PID=1606031"}},{"Id":27831,"GameState":2,"Date":"2015-02-02 21:00","SeasonType":1,"GameType":1,"AwayTeamId":31,"AwayLeader":"M Conley 23 pts","HomeTeamId":24,"HomeLeader":"I Thomas 24 pts","AwayRecord":"36-12","HomeRecord":"28-22","AwayScore":102,"HomeScore":101,"WinningTeamId":31,"Links":{"gametrax":"/nba/gameTrax?gameId=2015020221","boxscore":"/nba/boxscore?gameId=2015020221","recap":"http://www.foxsports.com/nba/story/grizzlies-rally-at-end-beat-suns-for-7th-time-in-a-row-020215","preview":"http://www.foxsports.com/nba/story/grizzlies-suns-preview-020115","odds":"/nba/odds#27831","tickets":"http://www.awin1.com/cread.php?awinmid=4292&awinaffid=143258&clickref=nba&p=http://www.ticketsnow.com/InventoryBrowse/TicketList.aspx?PID=1607261"}}]