[{"Id":27637,"GameState":2,"FinalText":"2OT","Date":"2015-03-27 19:00","SeasonType":1,"GameType":1,"AwayTeamId":32,"AwayLeader":"A Jefferson 31 pts","HomeTeamId":7,"HomeLeader":"J Wall 32 pts","AwayRecord":"30-41","HomeRecord":"41-32","AwayScore":107,"HomeScore":110,"WinningTeamId":7,"Links":{"gametrax":"/nba/gameTrax?gameId=2015032727","boxscore":"/nba/boxscore?gameId=2015032727","recap":"http://www.foxsports.com/nba/story/washington-wizards-edge-charlotte-hornets-in-2ot-032715","preview":"http://www.foxsports.com/nba/story/hornets-wizards-preview-032615","odds":"/nba/odds#27637","tickets":"http://www.awin1.com/cread.php?awinmid=4292&awinaffid=143258&clickref=nba&p=http://www.ticketsnow.com/InventoryBrowse/TicketList.aspx?PID=1607409"}},{"Id":27678,"GameState":2,"Date":"2015-03-27 19:00","SeasonType":1,"GameType":1,"AwayTeamId":22,"AwayLeader":"C Paul 25 pts","HomeTeamId":6,"HomeLeader":"N Noel 30 pts","AwayRecord":"48-25","HomeRecord":"18-55","AwayScore":119,"HomeScore":98,"WinningTeamId":22,"Links":{"gametrax":"/nba/gameTrax?gameId=2015032720","boxscore":"/nba/boxscore?gameId=2015032720","recap":"http://www.foxsports.com/nba/story/paul-jordan-lead-clippers-in-119-98-rout-of-76ers-032715","preview":"http://www.foxsports.com/nba/story/clippers-76ers-preview-032615","odds":"/nba/odds#27678","tickets":"http://www.awin1.com/cread.php?awinmid=4292&awinaffid=143258&clickref=nba&p=http://www.ticketsnow.com/InventoryBrowse/TicketList.aspx?PID=1607602"}},{"Id":28702,"GameState":2,"Date":"2015-03-27 19:00","SeasonType":1,"GameType":1,"AwayTeamId":12,"AwayLeader":"R Jackson 26 pts","HomeTeamId":5,"HomeLeader":"T Harris 21 pts","AwayRecord":"28-44","HomeRecord":"22-52","AwayScore":111,"HomeScore":97,"WinningTeamId":12,"Links":{"gametrax":"/nba/gameTrax?gameId=2015032719","boxscore":"/nba/boxscore?gameId=2015032719","recap":"http://www.foxsports.com/nba/story/jackson-has-triple-double-leads-pistons-over-magic-111-97-032715","preview":"http://www.foxsports.com/nba/story/pistons-magic-preview-032615","odds":"/nba/odds#28702","tickets":"http://www.awin1.com/cread.php?awinmid=4292&awinaffid=143258&clickref=nba&p=http://www.ticketsnow.com/InventoryBrowse/TicketList.aspx?PID=1607205"}},{"Id":27801,"GameState":2,"Date":"2015-03-27 19:30","SeasonType":1,"GameType":1,"AwayTeamId":1,"AwayLeader":"I Thomas 18 pts","HomeTeamId":4,"HomeLeader":"A Bargnani 25 pts","AwayRecord":"32-40","HomeRecord":"14-59","AwayScore":96,"HomeScore":92,"WinningTeamId":1,"Links":{"gametrax":"/nba/gameTrax?gameId=2015032718","boxscore":"/nba/boxscore?gameId=2015032718","recap":"http://www.foxsports.com/nba/story/boston-celtics-hold-off-new-york-knicks-032715","preview":"http://www.foxsports.com/nba/story/celtics-knicks-preview-032615","odds":"/nba/odds#27801","tickets":"http://www.awin1.com/cread.php?awinmid=4292&awinaffid=143258&clickref=nba&p=http://www.ticketsnow.com/InventoryBrowse/TicketList.aspx?PID=1607049"}},{"Id":28129,"GameState":2,"Date":"2015-03-27 19:30","SeasonType":1,"GameType":1,"AwayTeamId":23,"AwayLeader":"J Lin 18 pts","HomeTeamId":30,"HomeLeader":"J Valanciunas 19 pts","AwayRecord":"19-52","HomeRecord":"43-30","AwayScore":83,"HomeScore":94,"WinningTeamId":30,"Links":{"gametrax":"/nba/gameTrax?gameId=2015032728","boxscore":"/nba/boxscore?gameId=2015032728","recap":"http://www.foxsports.com/nba/story/toronto-raptors-beat-los-angeles-lakers-clinch-atlantic-title-032715","preview":"http://www.foxsports.com/nba/story/lakers-raptors-preview-032615","odds":"/nba/odds#28129"}},{"Id":28291,"GameState":2,"Date":"2015-03-27 19:30","SeasonType":1,"GameType":1,"AwayTeamId":2,"AwayLeader":"L Deng 17 pts","HomeTeamId":8,"HomeLeader":"D Carroll 24 pts","AwayRecord":"33-39","HomeRecord":"55-17","AwayScore":86,"HomeScore":99,"WinningTeamId":8,"Links":{"gametrax":"/nba/gameTrax?gameId=2015032701","boxscore":"/nba/boxscore?gameId=2015032701","recap":"http://www.foxsports.com/nba/story/atlanta-hawks-top-miami-heat-clinch-top-seed-in-east-032715","preview":"http://www.foxsports.com/nba/story/heat-hawks-preview-032615","odds":"/nba/odds#28291","tickets":"http://www.awin1.com/cread.php?awinmid=4292&awinaffid=143258&clickref=nba&p=http://www.ticketsnow.com/InventoryBrowse/TicketList.aspx?PID=1605848"}},{"Id":28741,"GameState":2,"Date":"2015-03-27 19:30","SeasonType":1,"GameType":1,"AwayTeamId":11,"AwayLeader":"K Irving 26 pts","HomeTeamId":3,"HomeLeader":"B Lopez 20 pts","AwayRecord":"47-27","HomeRecord":"31-40","AwayScore":98,"HomeScore":106,"WinningTeamId":3,"Links":{"gametrax":"/nba/gameTrax?gameId=2015032717","boxscore":"/nba/boxscore?gameId=2015032717","recap":"http://www.foxsports.com/nba/story/brooklyn-nets-top-cleveland-cavaliers-032715","preview":"http://www.foxsports.com/nba/story/cavaliers-nets-preview-032615","odds":"/nba/odds#28741","tickets":"http://www.awin1.com/cread.php?awinmid=4292&awinaffid=143258&clickref=nba&p=http://www.ticketsnow.com/InventoryBrowse/TicketList.aspx?PID=1605471"}},{"Id":28456,"GameState":2,"Date":"2015-03-27 20:00","SeasonType":1,"GameType":1,"AwayTeamId":26,"AwayLeader":"D Cousins 39 pts","HomeTeamId":9,"HomeLeader":"T Evans 25 pts","AwayRecord":"26-46","HomeRecord":"38-34","AwayScore":88,"HomeScore":102,"WinningTeamId":9,"Links":{"gametrax":"/nba/gameTrax?gameId=2015032703","boxscore":"/nba/boxscore?gameId=2015032703","recap":"http://www.foxsports.com/nba/story/new-orleans-pelicans-top-sacramento-kings-to-end-skid-032715","preview":"http://www.foxsports.com/nba/story/kings-pelicans-preview-032715","odds":"/nba/odds#28456","tickets":"http://www.awin1.com/cread.php?awinmid=4292&awinaffid=143258&clickref=nba&p=http://www.ticketsnow.com/InventoryBrowse/TicketList.aspx?PID=1606887"}},{"Id":28538,"GameState":2,"Date":"2015-03-27 20:00","SeasonType":1,"GameType":1,"AwayTeamId":18,"AwayLeader":"A Wiggins 31 pts","HomeTeamId":17,"HomeLeader":"J Harden 33 pts","AwayRecord":"16-56","HomeRecord":"49-23","AwayScore":110,"HomeScore":120,"WinningTeamId":17,"Links":{"gametrax":"/nba/gameTrax?gameId=2015032710","boxscore":"/nba/boxscore?gameId=2015032710","recap":"http://www.foxsports.com/nba/story/houston-rockets-top-minnesota-timberwolves-clinch-playoff-spot-032715","preview":"http://www.foxsports.com/nba/story/timberwolves-rockets-preview-032615","odds":"/nba/odds#28538","tickets":"http://www.awin1.com/cread.php?awinmid=4292&awinaffid=143258&clickref=nba&p=http://www.ticketsnow.com/InventoryBrowse/TicketList.aspx?PID=1607555"}},{"Id":28578,"GameState":2,"Date":"2015-03-27 20:00","SeasonType":1,"GameType":1,"AwayTeamId":21,"AwayLeader":"S Curry 38 pts","HomeTeamId":31,"HomeLeader":"J Green 16 pts","AwayRecord":"59-13","HomeRecord":"50-23","AwayScore":107,"HomeScore":84,"WinningTeamId":21,"Links":{"gametrax":"/nba/gameTrax?gameId=2015032729","boxscore":"/nba/boxscore?gameId=2015032729","recap":"http://www.foxsports.com/nba/story/golden-state-warriors-trounce-memphis-grizzlies-032715","preview":"http://www.foxsports.com/nba/story/warriors-grizzlies-preview-032615","odds":"/nba/odds#28578","tickets":"http://www.awin1.com/cread.php?awinmid=4292&awinaffid=143258&clickref=nba&p=http://www.ticketsnow.com/InventoryBrowse/TicketList.aspx?PID=1606453"}},{"Id":28496,"GameState":2,"Date":"2015-03-27 20:30","SeasonType":1,"GameType":1,"AwayTeamId":15,"AwayLeader":"T Chandler 10 pts","HomeTeamId":19,"HomeLeader":"B Diaw 19 pts","AwayRecord":"45-28","HomeRecord":"46-26","AwayScore":76,"HomeScore":94,"WinningTeamId":19,"Links":{"gametrax":"/nba/gameTrax?gameId=2015032724","boxscore":"/nba/boxscore?gameId=2015032724","recap":"http://www.foxsports.com/nba/story/san-antonio-spurs-pound-dallas-mavericks-032715","preview":"http://www.foxsports.com/nba/story/mavericks-spurs-preview-032615","odds":"/nba/odds#28496","tickets":"http://www.awin1.com/cread.php?awinmid=4292&awinaffid=143258&clickref=nba&p=http://www.ticketsnow.com/InventoryBrowse/TicketList.aspx?PID=1607365"}},{"Id":28169,"GameState":2,"Date":"2015-03-27 21:00","SeasonType":1,"GameType":1,"AwayTeamId":20,"AwayLeader":"G Hayward 24 pts","HomeTeamId":16,"HomeLeader":"T Lawson 18 pts","AwayRecord":"31-41","HomeRecord":"28-45","AwayScore":91,"HomeScore":107,"WinningTeamId":16,"Links":{"gametrax":"/nba/gameTrax?gameId=2015032707","boxscore":"/nba/boxscore?gameId=2015032707","recap":"http://www.foxsports.com/nba/story/denver-nuggets-deal-utah-jazz-4th-straight-loss-032715","preview":"http://www.foxsports.com/nba/story/jazz-nuggets-preview-032615","odds":"/nba/odds#28169","tickets":"http://www.awin1.com/cread.php?awinmid=4292&awinaffid=143258&clickref=nba&p=http://www.ticketsnow.com/InventoryBrowse/TicketList.aspx?PID=1607504"}},{"Id":27844,"GameState":2,"Date":"2015-03-27 22:00","SeasonType":1,"GameType":1,"AwayTeamId":25,"AwayLeader":"L Aldridge 27 pts","HomeTeamId":24,"HomeLeader":"M Morris 19 pts","AwayRecord":"46-25","HomeRecord":"38-35","AwayScore":87,"HomeScore":81,"WinningTeamId":25,"Links":{"gametrax":"/nba/gameTrax?gameId=2015032721","boxscore":"/nba/boxscore?gameId=2015032721","recap":"http://www.foxsports.com/nba/story/aldridge-leads-trail-blazers-to-87-81-win-over-suns-032815","preview":"http://www.foxsports.com/nba/story/trail-blazers-suns-preview-032615","odds":"/nba/odds#27844","tickets":"http://www.awin1.com/cread.php?awinmid=4292&awinaffid=143258&clickref=nba&p=http://www.ticketsnow.com/InventoryBrowse/TicketList.aspx?PID=1607274"}}]