[{"Id":27538,"GameState":2,"Date":"2015-01-12 19:30","SeasonType":1,"GameType":1,"AwayTeamId":9,"AwayLeader":"A Davis 34 pts","HomeTeamId":1,"HomeLeader":"J Sullinger 27 pts","AwayRecord":"18-19","HomeRecord":"13-23","AwayScore":100,"HomeScore":108,"WinningTeamId":1,"Links":{"gametrax":"/nba/gameTrax?gameId=2015011202","boxscore":"/nba/boxscore?gameId=2015011202","recap":"http://www.foxsports.com/nba/story/sullinger-smart-lead-celtics-to-108-100-win-over-pelicans-011215","preview":"http://www.foxsports.com/nba/story/pelicans-celtics-preview-011115","odds":"/nba/odds#27538","tickets":"http://www.awin1.com/cread.php?awinmid=4292&awinaffid=143258&clickref=nba&p=http://www.ticketsnow.com/InventoryBrowse/TicketList.aspx?PID=1605880"}},{"Id":28111,"GameState":2,"Date":"2015-01-12 19:30","SeasonType":1,"GameType":1,"AwayTeamId":12,"AwayLeader":"B Jennings 34 pts","HomeTeamId":30,"HomeLeader":"J Valanciunas 31 pts","AwayRecord":"14-24","HomeRecord":"25-12","AwayScore":114,"HomeScore":111,"WinningTeamId":12,"Links":{"gametrax":"/nba/gameTrax?gameId=2015011228","boxscore":"/nba/boxscore?gameId=2015011228","recap":"http://www.foxsports.com/nba/story/brandon-jennings-scores-34-to-lead-detroit-pistons-over-toronto-raptors-011215","preview":"http://www.foxsports.com/nba/story/pistons-raptors-preview-011215","odds":"/nba/odds#28111"}},{"Id":28727,"GameState":2,"Date":"2015-01-12 19:30","SeasonType":1,"GameType":1,"AwayTeamId":17,"AwayLeader":"J Harden 30 pts","HomeTeamId":3,"HomeLeader":"M Plumlee 24 pts","AwayRecord":"27-11","HomeRecord":"16-22","AwayScore":113,"HomeScore":99,"WinningTeamId":17,"Links":{"gametrax":"/nba/gameTrax?gameId=2015011217","boxscore":"/nba/boxscore?gameId=2015011217","recap":"#","preview":"http://www.foxsports.com/nba/story/rockets-nets-preview-011215","odds":"/nba/odds#28727","tickets":"http://www.awin1.com/cread.php?awinmid=4292&awinaffid=143258&clickref=nba&p=http://www.ticketsnow.com/InventoryBrowse/TicketList.aspx?PID=1605455"}},{"Id":27989,"GameState":2,"Date":"2015-01-12 20:00","SeasonType":1,"GameType":1,"AwayTeamId":5,"AwayLeader":"N Vucevic 33 pts","HomeTeamId":10,"HomeLeader":"P Gasol 28 pts","AwayRecord":"14-27","HomeRecord":"26-13","AwayScore":121,"HomeScore":114,"WinningTeamId":5,"Links":{"gametrax":"/nba/gameTrax?gameId=2015011204","boxscore":"/nba/boxscore?gameId=2015011204","recap":"http://www.foxsports.com/nba/story/orlando-magic-shoot-59-percent-in-victory-over-chicago-bulls-011215","preview":"http://www.foxsports.com/nba/story/magic-bulls-preview-011115","odds":"/nba/odds#27989","tickets":"http://www.awin1.com/cread.php?awinmid=4292&awinaffid=143258&clickref=nba&p=http://www.ticketsnow.com/InventoryBrowse/TicketList.aspx?PID=1605981"}}]