[{"Id":28420,"GameState":2,"Date":"2014-10-28 20:00","SeasonType":1,"GameType":1,"AwayTeamId":5,"AwayLeader":"T Harris 25 pts","HomeTeamId":9,"HomeLeader":"A Davis 26 pts","AwayRecord":"0-1","HomeRecord":"1-0","AwayScore":84,"HomeScore":101,"WinningTeamId":9,"Links":{"gametrax":"/nba/gameTrax?gameId=2014102803","boxscore":"/nba/boxscore?gameId=2014102803","recap":"http://www.foxsports.com/nba/story/anthony-davis-just-misses-triple-double-as-new-orleans-pelicans-open-with-rout-of-orlando-magic-102814","preview":"http://www.foxsports.com/nba/story/magic-pelicans-preview-102714","odds":"/nba/odds#28420","tickets":"http://www.awin1.com/cread.php?awinmid=4292&awinaffid=143258&clickref=nba&p=http://www.ticketsnow.com/InventoryBrowse/TicketList.aspx?PID=1606851"}},{"Id":28461,"GameState":2,"Date":"2014-10-28 20:00","SeasonType":1,"GameType":1,"AwayTeamId":15,"AwayLeader":"M Ellis 26 pts","HomeTeamId":19,"HomeLeader":"T Parker 23 pts","AwayRecord":"0-1","HomeRecord":"1-0","AwayScore":100,"HomeScore":101,"WinningTeamId":19,"Links":{"gametrax":"/nba/gameTrax?gameId=2014102824","boxscore":"/nba/boxscore?gameId=2014102824","recap":"http://www.foxsports.com/nba/story/defending-champion-san-antonio-spurs-edge-dallas-mavericks-to-open-season-102814","preview":"http://www.foxsports.com/nba/story/mavericks-spurs-preview-102714","odds":"/nba/odds#28461","tickets":"http://www.awin1.com/cread.php?awinmid=4292&awinaffid=143258&clickref=nba&p=http://www.ticketsnow.com/InventoryBrowse/TicketList.aspx?PID=1607330"}},{"Id":28215,"GameState":2,"Date":"2014-10-28 22:30","SeasonType":1,"GameType":1,"AwayTeamId":17,"AwayLeader":"J Harden 32 pts","HomeTeamId":23,"HomeLeader":"K Bryant 19 pts","AwayRecord":"1-0","HomeRecord":"0-1","AwayScore":108,"HomeScore":90,"WinningTeamId":17,"Links":{"gametrax":"/nba/gameTrax?gameId=2014102813","boxscore":"/nba/boxscore?gameId=2014102813","recap":"http://www.foxsports.com/nba/story/kobe-bryant-returns-gets-in-shouting-match-with-dwight-howard-in-los-angeles-lakers-loss-to-houston-rockets-102914","preview":"http://www.foxsports.com/nba/story/rockets-lakers-preview-102714","odds":"/nba/odds#28215","tickets":"http://www.awin1.com/cread.php?awinmid=4292&awinaffid=143258&clickref=nba&p=http://www.ticketsnow.com/InventoryBrowse/TicketList.aspx?PID=1606372"}}]