[{"Id":28177,"GameState":2,"Date":"2014-11-08 15:30","SeasonType":1,"GameType":1,"AwayTeamId":25,"AwayLeader":"D Lillard 25 pts","HomeTeamId":22,"HomeLeader":"J Redick 30 pts","AwayRecord":"3-3","HomeRecord":"4-2","AwayScore":102,"HomeScore":106,"WinningTeamId":22,"Links":{"gametrax":"/nba/gameTrax?gameId=2014110812","boxscore":"/nba/boxscore?gameId=2014110812","recap":"http://www.foxsports.com/nba/story/clippers-hang-on-to-beat-trail-blazers-110814","preview":"http://www.foxsports.com/nba/story/trail-blazers-clippers-preview-110714","odds":"/nba/odds#28177","tickets":"http://www.awin1.com/cread.php?awinmid=4292&awinaffid=143258&clickref=nba&p=http://www.ticketsnow.com/InventoryBrowse/TicketList.aspx?PID=1607778"}},{"Id":28300,"GameState":2,"Date":"2014-11-08 19:00","SeasonType":1,"GameType":1,"AwayTeamId":7,"AwayLeader":"J Wall 18 pts","HomeTeamId":13,"HomeLeader":"S Hill 28 pts","AwayRecord":"5-2","HomeRecord":"1-6","AwayScore":97,"HomeScore":90,"WinningTeamId":7,"Links":{"gametrax":"/nba/gameTrax?gameId=2014110811","boxscore":"/nba/boxscore?gameId=2014110811","recap":"http://www.foxsports.com/nba/story/john-wall-nene-lead-wizards-to-win-over-injury-plagued-pacers-110814","preview":"http://www.foxsports.com/nba/story/wizards-pacers-preview-110814","odds":"/nba/odds#28300","tickets":"http://www.awin1.com/cread.php?awinmid=4292&awinaffid=143258&clickref=nba&p=http://www.ticketsnow.com/InventoryBrowse/TicketList.aspx?PID=1606250"}},{"Id":28257,"GameState":2,"Date":"2014-11-08 19:30","SeasonType":1,"GameType":1,"AwayTeamId":4,"AwayLeader":"C Anthony 20 pts","HomeTeamId":8,"HomeLeader":"K Korver 27 pts","AwayRecord":"2-5","HomeRecord":"2-3","AwayScore":96,"HomeScore":103,"WinningTeamId":8,"Links":{"gametrax":"/nba/gameTrax?gameId=2014110801","boxscore":"/nba/boxscore?gameId=2014110801","recap":"http://www.foxsports.com/nba/story/kyle-korver-leads-hawks-to-comeback-win-over-knicks-110814","preview":"#","odds":"/nba/odds#28257","tickets":"http://www.awin1.com/cread.php?awinmid=4292&awinaffid=143258&clickref=nba&p=http://www.ticketsnow.com/InventoryBrowse/TicketList.aspx?PID=1605813"}},{"Id":28341,"GameState":2,"Date":"2014-11-08 19:30","SeasonType":1,"GameType":1,"AwayTeamId":18,"AwayLeader":"N Pekovic 19 pts","HomeTeamId":2,"HomeLeader":"D Wade 25 pts","AwayRecord":"2-4","HomeRecord":"4-2","AwayScore":92,"HomeScore":102,"WinningTeamId":2,"Links":{"gametrax":"/nba/gameTrax?gameId=2014110814","boxscore":"/nba/boxscore?gameId=2014110814","recap":"http://www.foxsports.com/nba/story/dwyane-wade-s-big-night-leads-heat-past-timberwolves-110814","preview":"http://www.foxsports.com/nba/story/timberwolves-heat-preview-110814","odds":"/nba/odds#28341","tickets":"http://www.awin1.com/cread.php?awinmid=4292&awinaffid=143258&clickref=nba&p=http://www.ticketsnow.com/InventoryBrowse/TicketList.aspx?PID=1606467"}},{"Id":27972,"GameState":2,"Date":"2014-11-08 20:00","SeasonType":1,"GameType":1,"AwayTeamId":1,"AwayLeader":"E Turner 19 pts","HomeTeamId":10,"HomeLeader":"A Brooks 26 pts","AwayRecord":"3-3","HomeRecord":"5-2","AwayScore":106,"HomeScore":101,"WinningTeamId":1,"Links":{"gametrax":"/nba/gameTrax?gameId=2014110804","boxscore":"/nba/boxscore?gameId=2014110804","recap":"http://www.foxsports.com/nba/story/turner-scores-19-bulls-beat-celtics-106-101-110814","preview":"http://www.foxsports.com/nba/story/celtics-bulls-preview-110814","odds":"/nba/odds#27972","tickets":"http://www.awin1.com/cread.php?awinmid=4292&awinaffid=143258&clickref=nba&p=http://www.ticketsnow.com/InventoryBrowse/TicketList.aspx?PID=1605964"}},{"Id":28504,"GameState":2,"Date":"2014-11-08 20:00","SeasonType":1,"GameType":1,"AwayTeamId":21,"AwayLeader":"S Curry 34 pts","HomeTeamId":17,"HomeLeader":"J Harden 22 pts","AwayRecord":"5-0","HomeRecord":"6-1","AwayScore":98,"HomeScore":87,"WinningTeamId":21,"Links":{"gametrax":"/nba/gameTrax?gameId=2014110810","boxscore":"/nba/boxscore?gameId=2014110810","recap":"http://www.foxsports.com/nba/story/stephen-curry-warriors-hand-rockets-first-loss-of-season-110814","preview":"http://www.foxsports.com/nba/story/warriors-rockets-preview-110714","odds":"/nba/odds#28504","tickets":"http://www.awin1.com/cread.php?awinmid=4292&awinaffid=143258&clickref=nba&p=http://www.ticketsnow.com/InventoryBrowse/TicketList.aspx?PID=1607521"}},{"Id":28054,"GameState":2,"Date":"2014-11-08 20:30","SeasonType":1,"GameType":1,"AwayTeamId":31,"AwayLeader":"Z Randolph 22 pts","HomeTeamId":14,"HomeLeader":"G Antetokounmpo 18 pts","AwayRecord":"6-1","HomeRecord":"3-4","AwayScore":92,"HomeScore":93,"WinningTeamId":14,"Links":{"gametrax":"/nba/gameTrax?gameId=2014110815","boxscore":"/nba/boxscore?gameId=2014110815","recap":"http://www.foxsports.com/nba/story/bucks-hand-grizzlies-first-loss-of-season-110814","preview":"http://www.foxsports.com/nba/story/grizzlies-bucks-preview-110814","odds":"/nba/odds#28054","tickets":"http://www.awin1.com/cread.php?awinmid=4292&awinaffid=143258&clickref=nba&p=http://www.ticketsnow.com/InventoryBrowse/TicketList.aspx?PID=1606519"}},{"Id":28463,"GameState":2,"Date":"2014-11-08 20:30","SeasonType":1,"GameType":1,"AwayTeamId":9,"AwayLeader":"A Davis 27 pts","HomeTeamId":19,"HomeLeader":"T Parker 28 pts","AwayRecord":"3-2","HomeRecord":"2-3","AwayScore":100,"HomeScore":99,"WinningTeamId":9,"Links":{"gametrax":"/nba/gameTrax?gameId=2014110824","boxscore":"/nba/boxscore?gameId=2014110824","recap":"http://www.foxsports.com/nba/story/anthony-davis-hits-game-winner-to-end-monster-night-and-beat-spurs-110814","preview":"http://www.foxsports.com/nba/story/pelicans-spurs-preview-110714","odds":"/nba/odds#28463","tickets":"http://www.awin1.com/cread.php?awinmid=4292&awinaffid=143258&clickref=nba&p=http://www.ticketsnow.com/InventoryBrowse/TicketList.aspx?PID=1607332"}}]