[{"Id":27919,"GameState":2,"Date":"2015-02-26 20:00","SeasonType":1,"GameType":1,"AwayTeamId":21,"AwayLeader":"D Lee 19 pts","HomeTeamId":11,"HomeLeader":"L James 42 pts","AwayRecord":"44-11","HomeRecord":"37-22","AwayScore":99,"HomeScore":110,"WinningTeamId":11,"Links":{"gametrax":"/nba/gameTrax?gameId=2015022605","boxscore":"/nba/boxscore?gameId=2015022605","recap":"http://www.foxsports.com/nba/story/lebron-scores-42-cavs-beat-warriors-for-18th-win-in-last-20-022615","preview":"http://www.foxsports.com/nba/story/warriors-cavaliers-preview-022515","odds":"/nba/odds#27919","tickets":"http://www.awin1.com/cread.php?awinmid=4292&awinaffid=143258&clickref=nba&p=http://www.ticketsnow.com/InventoryBrowse/TicketList.aspx?PID=1607451"}},{"Id":27835,"GameState":2,"FinalText":"OT","Date":"2015-02-26 22:30","SeasonType":1,"GameType":1,"AwayTeamId":27,"AwayLeader":"R Westbrook 39 pts","HomeTeamId":24,"HomeLeader":"M Morris 29 pts","AwayRecord":"32-26","HomeRecord":"31-28","AwayScore":113,"HomeScore":117,"WinningTeamId":24,"Links":{"gametrax":"/nba/gameTrax?gameId=2015022621","boxscore":"/nba/boxscore?gameId=2015022621","recap":"http://www.foxsports.com/nba/story/westbrook-gets-triple-double-but-suns-beat-thunder-117-113-022715","preview":"http://www.foxsports.com/nba/story/thunder-suns-preview-022615","odds":"/nba/odds#27835","tickets":"http://www.awin1.com/cread.php?awinmid=4292&awinaffid=143258&clickref=nba&p=http://www.ticketsnow.com/InventoryBrowse/TicketList.aspx?PID=1607265"}}]