[{"Id":28260,"GameState":2,"Date":"2014-11-18 19:30","SeasonType":1,"GameType":1,"AwayTeamId":23,"AwayLeader":"K Bryant 28 pts","HomeTeamId":8,"HomeLeader":"P Millsap 29 pts","AwayRecord":"2-9","HomeRecord":"5-5","AwayScore":114,"HomeScore":109,"WinningTeamId":23,"Links":{"gametrax":"/nba/gameTrax?gameId=2014111801","boxscore":"/nba/boxscore?gameId=2014111801","recap":"http://www.foxsports.com/nba/story/kobe-bryant-scores-28-as-los-angeles-lakers-beat-atlanta-hawks-for-second-win-of-season-111814","preview":"http://www.foxsports.com/nba/story/lakers-hawks-preview-111714","odds":"/nba/odds#28260","tickets":"http://www.awin1.com/cread.php?awinmid=4292&awinaffid=143258&clickref=nba&p=http://www.ticketsnow.com/InventoryBrowse/TicketList.aspx?PID=1605816"}},{"Id":28056,"GameState":2,"Date":"2014-11-18 20:00","SeasonType":1,"GameType":1,"AwayTeamId":4,"AwayLeader":"C Anthony 26 pts","HomeTeamId":14,"HomeLeader":"E Ilyasova 20 pts","AwayRecord":"3-9","HomeRecord":"6-5","AwayScore":113,"HomeScore":117,"WinningTeamId":14,"Links":{"gametrax":"/nba/gameTrax?gameId=2014111815","boxscore":"/nba/boxscore?gameId=2014111815","recap":"http://www.foxsports.com/nba/story/milwaukee-bucks-hold-off-new-york-knicks-to-climb-above-500-mark-111814","preview":"http://www.foxsports.com/nba/story/knicks-bucks-preview-111714","odds":"/nba/odds#28056","tickets":"http://www.awin1.com/cread.php?awinmid=4292&awinaffid=143258&clickref=nba&p=http://www.ticketsnow.com/InventoryBrowse/TicketList.aspx?PID=1606521"}},{"Id":27564,"GameState":2,"Date":"2014-11-18 21:00","SeasonType":1,"GameType":1,"AwayTeamId":27,"AwayLeader":"J Lamb 19 pts","HomeTeamId":20,"HomeLeader":"A Burks 20 pts","AwayRecord":"3-9","HomeRecord":"5-7","AwayScore":81,"HomeScore":98,"WinningTeamId":20,"Links":{"gametrax":"/nba/gameTrax?gameId=2014111826","boxscore":"/nba/boxscore?gameId=2014111826","recap":"http://www.foxsports.com/nba/story/alec-burks-has-20-points-career-high-14-rebounds-in-utah-jazz-victory-over-oklahoma-city-thunder-111814","preview":"http://www.foxsports.com/nba/story/thunder-jazz-preview-111714","odds":"/nba/odds#27564","tickets":"http://www.awin1.com/cread.php?awinmid=4292&awinaffid=143258&clickref=nba&p=http://www.ticketsnow.com/InventoryBrowse/TicketList.aspx?PID=1607614"}},{"Id":27852,"GameState":2,"Date":"2014-11-18 22:00","SeasonType":1,"GameType":1,"AwayTeamId":9,"AwayLeader":"A Davis 28 pts","HomeTeamId":26,"HomeLeader":"D Cousins 24 pts","AwayRecord":"6-4","HomeRecord":"6-5","AwayScore":106,"HomeScore":100,"WinningTeamId":9,"Links":{"gametrax":"/nba/gameTrax?gameId=2014111823","boxscore":"/nba/boxscore?gameId=2014111823","recap":"http://www.foxsports.com/nba/story/anthony-davis-scores-28-to-lead-new-orleans-pelicans-over-sacramento-kings-111914","preview":"http://www.foxsports.com/nba/story/pelicans-kings-preview-111814","odds":"/nba/odds#27852","tickets":"http://www.awin1.com/cread.php?awinmid=4292&awinaffid=143258&clickref=nba&p=http://www.ticketsnow.com/InventoryBrowse/TicketList.aspx?PID=1607290"}}]