[{"Id":27665,"GameState":2,"Date":"2015-02-03 19:00","SeasonType":1,"GameType":1,"AwayTeamId":16,"AwayLeader":"D Gallinari 22 pts","HomeTeamId":6,"HomeLeader":"H Thompson 23 pts","AwayRecord":"19-30","HomeRecord":"11-39","AwayScore":98,"HomeScore":105,"WinningTeamId":6,"Links":{"gametrax":"/nba/gameTrax?gameId=2015020320","boxscore":"/nba/boxscore?gameId=2015020320","recap":"http://www.foxsports.com/nba/story/hollis-thompson-has-career-high-23-points-in-philadelphia-76ers-victory-over-denver-nuggets-020315","preview":"http://www.foxsports.com/nba/story/nuggets-76ers-preview-020315","odds":"/nba/odds#27665","tickets":"http://www.awin1.com/cread.php?awinmid=4292&awinaffid=143258&clickref=nba&p=http://www.ticketsnow.com/InventoryBrowse/TicketList.aspx?PID=1607589"}},{"Id":27748,"GameState":2,"Date":"2015-02-03 19:30","SeasonType":1,"GameType":1,"AwayTeamId":2,"AwayLeader":"C Bosh 34 pts","HomeTeamId":12,"HomeLeader":"D Augustin 25 pts","AwayRecord":"21-27","HomeRecord":"19-30","AwayScore":91,"HomeScore":108,"WinningTeamId":12,"Links":{"gametrax":"/nba/gameTrax?gameId=2015020308","boxscore":"/nba/boxscore?gameId=2015020308","recap":"http://www.foxsports.com/nba/story/detroit-pistons-ride-25-1-run-to-victory-over-miami-heat-020315","preview":"http://www.foxsports.com/nba/story/heat-pistons-preview-020315","odds":"/nba/odds#27748","tickets":"http://www.awin1.com/cread.php?awinmid=4292&awinaffid=143258&clickref=nba&p=http://www.ticketsnow.com/InventoryBrowse/TicketList.aspx?PID=1606172"}},{"Id":27790,"GameState":2,"Date":"2015-02-03 19:30","SeasonType":1,"GameType":1,"AwayTeamId":1,"AwayLeader":"A Bradley 26 pts","HomeTeamId":4,"HomeLeader":"C Anthony 21 pts","AwayRecord":"17-30","HomeRecord":"10-39","AwayScore":108,"HomeScore":97,"WinningTeamId":1,"Links":{"gametrax":"/nba/gameTrax?gameId=2015020318","boxscore":"/nba/boxscore?gameId=2015020318","recap":"http://www.foxsports.com/nba/story/lineup-change-helps-celtics-beat-knicks-snap-3-game-skid-020315","preview":"http://www.foxsports.com/nba/story/celtics-knicks-preview-020215","odds":"/nba/odds#27790","tickets":"http://www.awin1.com/cread.php?awinmid=4292&awinaffid=143258&clickref=nba&p=http://www.ticketsnow.com/InventoryBrowse/TicketList.aspx?PID=1607039"}},{"Id":27873,"GameState":2,"Date":"2015-02-03 22:00","SeasonType":1,"GameType":1,"AwayTeamId":21,"AwayLeader":"S Curry 23 pts","HomeTeamId":26,"HomeLeader":"D Cousins 26 pts","AwayRecord":"38-8","HomeRecord":"17-30","AwayScore":121,"HomeScore":96,"WinningTeamId":21,"Links":{"gametrax":"/nba/gameTrax?gameId=2015020323","boxscore":"/nba/boxscore?gameId=2015020323","recap":"http://www.foxsports.com/nba/story/golden-state-warriors-go-on-23-0-run-en-route-to-victory-over-sacramento-kings-020415","preview":"http://www.foxsports.com/nba/story/warriors-kings-preview-020215","odds":"/nba/odds#27873","tickets":"http://www.awin1.com/cread.php?awinmid=4292&awinaffid=143258&clickref=nba&p=http://www.ticketsnow.com/InventoryBrowse/TicketList.aspx?PID=1607311"}},{"Id":28036,"GameState":2,"Date":"2015-02-03 22:00","SeasonType":1,"GameType":1,"AwayTeamId":20,"AwayLeader":"G Hayward 27 pts","HomeTeamId":25,"HomeLeader":"D Lillard 25 pts","AwayRecord":"17-31","HomeRecord":"33-16","AwayScore":102,"HomeScore":103,"WinningTeamId":25,"Links":{"gametrax":"/nba/gameTrax?gameId=2015020322","boxscore":"/nba/boxscore?gameId=2015020322","recap":"http://www.foxsports.com/nba/story/portland-trail-blazers-get-robin-lopez-back-edge-utah-jazz-020415","preview":"http://www.foxsports.com/nba/story/jazz-trail-blazers-preview-020215","odds":"/nba/odds#28036","tickets":"http://www.awin1.com/cread.php?awinmid=4292&awinaffid=143258&clickref=nba&p=http://www.ticketsnow.com/InventoryBrowse/TicketList.aspx?PID=1607675"}}]