[{"Id":27979,"GameState":2,"Date":"2014-12-18 20:00","SeasonType":1,"GameType":1,"AwayTeamId":4,"AwayLeader":"T Hardaway Jr. 23 pts","HomeTeamId":10,"HomeLeader":"J Butler 35 pts","AwayRecord":"5-23","HomeRecord":"16-9","AwayScore":97,"HomeScore":103,"WinningTeamId":10,"Links":{"gametrax":"/nba/gameTrax?gameId=2014121804","boxscore":"/nba/boxscore?gameId=2014121804","recap":"http://www.foxsports.com/nba/story/jimmy-butler-scores-35-chicago-bulls-top-new-york-knicks-as-derrick-rose-carmelo-anthony-both-sit-out-121814","preview":"http://www.foxsports.com/nba/story/knicks-bulls-preview-121714","odds":"/nba/odds#27979","tickets":"http://www.awin1.com/cread.php?awinmid=4292&awinaffid=143258&clickref=nba&p=http://www.ticketsnow.com/InventoryBrowse/TicketList.aspx?PID=1605971"}},{"Id":28514,"GameState":2,"Date":"2014-12-18 20:30","SeasonType":1,"GameType":1,"AwayTeamId":9,"AwayLeader":"A Davis 30 pts","HomeTeamId":17,"HomeLeader":"J Harden 21 pts","AwayRecord":"13-12","HomeRecord":"19-6","AwayScore":99,"HomeScore":90,"WinningTeamId":9,"Links":{"gametrax":"/nba/gameTrax?gameId=2014121810","boxscore":"/nba/boxscore?gameId=2014121810","recap":"http://www.foxsports.com/nba/story/anthony-davis-scores-30-points-to-lead-new-orleans-pelicans-over-houston-rockets-121814","preview":"http://www.foxsports.com/nba/story/pelicans-rockets-preview-121814","odds":"/nba/odds#28514","tickets":"http://www.awin1.com/cread.php?awinmid=4292&awinaffid=143258&clickref=nba&p=http://www.ticketsnow.com/InventoryBrowse/TicketList.aspx?PID=1607531"}},{"Id":27862,"GameState":2,"Date":"2014-12-18 22:00","SeasonType":1,"GameType":1,"AwayTeamId":14,"AwayLeader":"B Knight 20 pts","HomeTeamId":26,"HomeLeader":"D Cousins 27 pts","AwayRecord":"14-13","HomeRecord":"11-15","AwayScore":108,"HomeScore":107,"WinningTeamId":14,"Links":{"gametrax":"/nba/gameTrax?gameId=2014121823","boxscore":"/nba/boxscore?gameId=2014121823","recap":"http://www.foxsports.com/nba/story/milwaukee-bucks-beat-sacramento-kings-despite-demarcus-cousins-return-121914","preview":"http://www.foxsports.com/nba/story/bucks-kings-preview-121814","odds":"/nba/odds#27862","tickets":"http://www.awin1.com/cread.php?awinmid=4292&awinaffid=143258&clickref=nba&p=http://www.ticketsnow.com/InventoryBrowse/TicketList.aspx?PID=1607300"}},{"Id":27692,"GameState":2,"Date":"2014-12-18 22:30","SeasonType":1,"GameType":1,"AwayTeamId":27,"AwayLeader":"R Westbrook 33 pts","HomeTeamId":21,"HomeLeader":"S Curry 34 pts","AwayRecord":"12-14","HomeRecord":"22-3","AwayScore":109,"HomeScore":114,"WinningTeamId":21,"Links":{"gametrax":"/nba/gameTrax?gameId=2014121809","boxscore":"/nba/boxscore?gameId=2014121809","recap":"http://www.foxsports.com/nba/story/kevin-durant-injured-as-oklahoma-city-thunder-lose-to-golden-state-warriors-121914","preview":"http://www.foxsports.com/nba/story/thunder-warriors-preview-121714","odds":"/nba/odds#27692","tickets":"http://www.awin1.com/cread.php?awinmid=4292&awinaffid=143258&clickref=nba&p=http://www.ticketsnow.com/InventoryBrowse/TicketList.aspx?PID=1606208"}}]