[{"Id":27631,"GameState":2,"Date":"2015-02-28 19:00","SeasonType":1,"GameType":1,"AwayTeamId":12,"AwayLeader":"G Monroe 21 pts","HomeTeamId":7,"HomeLeader":"J Wall 22 pts","AwayRecord":"23-36","HomeRecord":"34-26","AwayScore":95,"HomeScore":99,"WinningTeamId":7,"Links":{"gametrax":"/nba/gameTrax?gameId=2015022827","boxscore":"/nba/boxscore?gameId=2015022827","recap":"http://www.foxsports.com/nba/story/wizards-end-losing-streak-with-99-95-win-over-pistons-022815","preview":"http://www.foxsports.com/nba/story/pistons-wizards-preview-022815","odds":"/nba/odds#27631","tickets":"http://www.awin1.com/cread.php?awinmid=4292&awinaffid=143258&clickref=nba&p=http://www.ticketsnow.com/InventoryBrowse/TicketList.aspx?PID=1607403"}},{"Id":27795,"GameState":2,"Date":"2015-02-28 19:30","SeasonType":1,"GameType":1,"AwayTeamId":30,"AwayLeader":"L Williams 22 pts","HomeTeamId":4,"HomeLeader":"T Hardaway Jr. 22 pts","AwayRecord":"37-22","HomeRecord":"12-46","AwayScore":98,"HomeScore":103,"WinningTeamId":4,"Links":{"gametrax":"/nba/gameTrax?gameId=2015022818","boxscore":"/nba/boxscore?gameId=2015022818","recap":"http://www.foxsports.com/nba/story/new-york-knicks-beat-toronto-raptors-022815","preview":"http://www.foxsports.com/nba/story/raptors-knicks-preview-022815","odds":"/nba/odds#27795","tickets":"http://www.awin1.com/cread.php?awinmid=4292&awinaffid=143258&clickref=nba&p=http://www.ticketsnow.com/InventoryBrowse/TicketList.aspx?PID=1607043"}},{"Id":28364,"GameState":2,"Date":"2015-02-28 19:30","SeasonType":1,"GameType":1,"AwayTeamId":8,"AwayLeader":"P Millsap 22 pts","HomeTeamId":2,"HomeLeader":"D Wade 22 pts","AwayRecord":"47-12","HomeRecord":"25-33","AwayScore":93,"HomeScore":91,"WinningTeamId":8,"Links":{"gametrax":"/nba/gameTrax?gameId=2015022814","boxscore":"/nba/boxscore?gameId=2015022814","recap":"http://www.foxsports.com/nba/story/atlanta-hawks-top-miami-heat-despite-resting-players-022815","preview":"http://www.foxsports.com/nba/story/hawks-heat-preview-022815","odds":"/nba/odds#28364","tickets":"http://www.awin1.com/cread.php?awinmid=4292&awinaffid=143258&clickref=nba&p=http://www.ticketsnow.com/InventoryBrowse/TicketList.aspx?PID=1606493"}},{"Id":27958,"GameState":2,"Date":"2015-02-28 20:00","SeasonType":1,"GameType":1,"AwayTeamId":31,"AwayLeader":"M Gasol 27 pts","HomeTeamId":18,"HomeLeader":"A Wiggins 25 pts","AwayRecord":"42-16","HomeRecord":"13-45","AwayScore":101,"HomeScore":97,"WinningTeamId":31,"Links":{"gametrax":"/nba/gameTrax?gameId=2015022816","boxscore":"/nba/boxscore?gameId=2015022816","recap":"http://www.foxsports.com/nba/story/memphis-grizzlies-hold-off-minnesota-timberwolves-022815","preview":"http://www.foxsports.com/nba/story/grizzlies-timberwolves-preview-022815","odds":"/nba/odds#27958","tickets":"http://www.awin1.com/cread.php?awinmid=4292&awinaffid=143258&clickref=nba&p=http://www.ticketsnow.com/InventoryBrowse/TicketList.aspx?PID=1606767"}},{"Id":28408,"GameState":2,"Date":"2015-02-28 20:30","SeasonType":1,"GameType":1,"AwayTeamId":3,"AwayLeader":"D Williams 23 pts","HomeTeamId":15,"HomeLeader":"D Nowitzki 20 pts","AwayRecord":"24-33","HomeRecord":"39-22","AwayScore":104,"HomeScore":94,"WinningTeamId":3,"Links":{"gametrax":"/nba/gameTrax?gameId=2015022806","boxscore":"/nba/boxscore?gameId=2015022806","recap":"http://www.foxsports.com/nba/story/brooklyn-nets-handle-dallas-mavericks-022815","preview":"http://www.foxsports.com/nba/story/nets-mavericks-preview-022815","odds":"/nba/odds#28408","tickets":"http://www.awin1.com/cread.php?awinmid=4292&awinaffid=143258&clickref=nba&p=http://www.ticketsnow.com/InventoryBrowse/TicketList.aspx?PID=1606038"}},{"Id":27588,"GameState":2,"Date":"2015-02-28 21:00","SeasonType":1,"GameType":1,"AwayTeamId":14,"AwayLeader":"K Middleton 18 pts","HomeTeamId":20,"HomeLeader":"T Burke 23 pts","AwayRecord":"32-27","HomeRecord":"23-35","AwayScore":75,"HomeScore":82,"WinningTeamId":20,"Links":{"gametrax":"/nba/gameTrax?gameId=2015022826","boxscore":"/nba/boxscore?gameId=2015022826","recap":"http://www.foxsports.com/nba/story/utah-jazz-hold-off-milwaukee-bucks-022815","preview":"http://www.foxsports.com/nba/story/bucks-jazz-preview-022815","odds":"/nba/odds#27588","tickets":"http://www.awin1.com/cread.php?awinmid=4292&awinaffid=143258&clickref=nba&p=http://www.ticketsnow.com/InventoryBrowse/TicketList.aspx?PID=1607638"}},{"Id":27836,"GameState":2,"Date":"2015-02-28 21:00","SeasonType":1,"GameType":1,"AwayTeamId":19,"AwayLeader":"K Leonard 22 pts","HomeTeamId":24,"HomeLeader":"M Morris 19 pts","AwayRecord":"36-23","HomeRecord":"31-29","AwayScore":101,"HomeScore":74,"WinningTeamId":19,"Links":{"gametrax":"/nba/gameTrax?gameId=2015022821","boxscore":"/nba/boxscore?gameId=2015022821","recap":"http://www.foxsports.com/nba/story/san-antonio-spurs-rout-phoenix-suns-022815","preview":"http://www.foxsports.com/nba/story/spurs-suns-preview-022815","odds":"/nba/odds#27836","tickets":"http://www.awin1.com/cread.php?awinmid=4292&awinaffid=143258&clickref=nba&p=http://www.ticketsnow.com/InventoryBrowse/TicketList.aspx?PID=1607266"}}]