[{"Id":27673,"GameState":2,"FinalText":"OT","Date":"2015-03-11 19:00","SeasonType":1,"GameType":1,"AwayTeamId":10,"AwayLeader":"A Brooks 31 pts","HomeTeamId":6,"HomeLeader":"I Smith 23 pts","AwayRecord":"40-26","HomeRecord":"14-50","AwayScore":104,"HomeScore":95,"WinningTeamId":10,"Links":{"gametrax":"/nba/gameTrax?gameId=2015031120","boxscore":"/nba/boxscore?gameId=2015031120","recap":"http://www.foxsports.com/nba/story/chicago-bulls-top-philadelphia-76ers-in-overtime-aaron-brooks-scores-season-high-31-points-031115","preview":"http://www.foxsports.com/nba/story/bulls-76ers-preview-031015","odds":"/nba/odds#27673","tickets":"http://www.awin1.com/cread.php?awinmid=4292&awinaffid=143258&clickref=nba&p=http://www.ticketsnow.com/InventoryBrowse/TicketList.aspx?PID=1607597"}},{"Id":28657,"GameState":2,"Date":"2015-03-11 19:00","SeasonType":1,"GameType":1,"AwayTeamId":26,"AwayLeader":"B McLemore 27 pts","HomeTeamId":32,"HomeLeader":"M Kidd-Gilchrist 23 pts","AwayRecord":"22-41","HomeRecord":"28-35","AwayScore":113,"HomeScore":106,"WinningTeamId":26,"Links":{"gametrax":"/nba/gameTrax?gameId=2015031130","boxscore":"/nba/boxscore?gameId=2015031130","recap":"http://www.foxsports.com/nba/story/kemba-walker-returns-but-charlotte-horners-fall-to-sacramento-kings-031115","preview":"http://www.foxsports.com/nba/story/kings-hornets-preview-031015","odds":"/nba/odds#28657","tickets":"http://www.awin1.com/cread.php?awinmid=4292&awinaffid=143258&clickref=nba&p=http://www.ticketsnow.com/InventoryBrowse/TicketList.aspx?PID=1605952"}},{"Id":27550,"GameState":2,"Date":"2015-03-11 19:30","SeasonType":1,"GameType":1,"AwayTeamId":31,"AwayLeader":"M Conley 20 pts","HomeTeamId":1,"HomeLeader":"A Bradley 17 pts","AwayRecord":"45-19","HomeRecord":"27-36","AwayScore":92,"HomeScore":95,"WinningTeamId":1,"Links":{"gametrax":"/nba/gameTrax?gameId=2015031102","boxscore":"/nba/boxscore?gameId=2015031102","recap":"http://www.foxsports.com/nba/story/smart-bradley-help-celtics-edge-grizzlies-95-92-031115","preview":"http://www.foxsports.com/nba/story/grizzlies-celtics-preview-031015","odds":"/nba/odds#27550","tickets":"http://www.awin1.com/cread.php?awinmid=4292&awinaffid=143258&clickref=nba&p=http://www.ticketsnow.com/InventoryBrowse/TicketList.aspx?PID=1605892"}},{"Id":28369,"GameState":2,"Date":"2015-03-11 19:30","SeasonType":1,"GameType":1,"AwayTeamId":3,"AwayLeader":"J Jack 18 pts","HomeTeamId":2,"HomeLeader":"D Wade 28 pts","AwayRecord":"25-38","HomeRecord":"29-35","AwayScore":98,"HomeScore":104,"WinningTeamId":2,"Links":{"gametrax":"/nba/gameTrax?gameId=2015031114","boxscore":"/nba/boxscore?gameId=2015031114","recap":"http://www.foxsports.com/nba/story/heat-start-fast-and-finish-off-season-sweep-of-nets-104-98-031115","preview":"http://www.foxsports.com/nba/story/nets-heat-preview-031115","odds":"/nba/odds#28369","tickets":"http://www.awin1.com/cread.php?awinmid=4292&awinaffid=143258&clickref=nba&p=http://www.ticketsnow.com/InventoryBrowse/TicketList.aspx?PID=1606498"}},{"Id":28081,"GameState":2,"Date":"2015-03-11 20:00","SeasonType":1,"GameType":1,"AwayTeamId":5,"AwayLeader":"N Vucevic 19 pts","HomeTeamId":14,"HomeLeader":"K Middleton 30 pts","AwayRecord":"21-45","HomeRecord":"34-30","AwayScore":91,"HomeScore":97,"WinningTeamId":14,"Links":{"gametrax":"/nba/gameTrax?gameId=2015031115","boxscore":"/nba/boxscore?gameId=2015031115","recap":"http://www.foxsports.com/nba/story/milwaukee-bucks-beat-orlando-magic-khris-middleton-scores-30-points-031115","preview":"http://www.foxsports.com/nba/story/magic-bucks-preview-031115","odds":"/nba/odds#28081","tickets":"http://www.awin1.com/cread.php?awinmid=4292&awinaffid=143258&clickref=nba&p=http://www.ticketsnow.com/InventoryBrowse/TicketList.aspx?PID=1606546"}},{"Id":28613,"GameState":2,"Date":"2015-03-11 20:00","SeasonType":1,"GameType":1,"AwayTeamId":22,"AwayLeader":"C Paul 33 pts","HomeTeamId":27,"HomeLeader":"A Morrow 26 pts","AwayRecord":"42-23","HomeRecord":"35-29","AwayScore":120,"HomeScore":108,"WinningTeamId":22,"Links":{"gametrax":"/nba/gameTrax?gameId=2015031125","boxscore":"/nba/boxscore?gameId=2015031125","recap":"http://www.foxsports.com/nba/story/paul-has-33-outplays-westbrook-as-clippers-beat-thunder-031115","preview":"http://www.foxsports.com/nba/story/clippers-thunder-preview-031015","odds":"/nba/odds#28613","tickets":"http://www.awin1.com/cread.php?awinmid=4292&awinaffid=143258&clickref=nba&p=http://www.ticketsnow.com/InventoryBrowse/TicketList.aspx?PID=1607149"}},{"Id":28166,"GameState":2,"Date":"2015-03-11 21:00","SeasonType":1,"GameType":1,"AwayTeamId":8,"AwayLeader":"K Korver 18 pts","HomeTeamId":16,"HomeLeader":"D Gallinari 23 pts","AwayRecord":"50-14","HomeRecord":"24-41","AwayScore":102,"HomeScore":115,"WinningTeamId":16,"Links":{"gametrax":"/nba/gameTrax?gameId=2015031107","boxscore":"/nba/boxscore?gameId=2015031107","recap":"http://www.foxsports.com/nba/story/nuggets-beat-eastern-conference-leading-hawks-115-102-031115","preview":"http://www.foxsports.com/nba/story/hawks-nuggets-preview-031015","odds":"/nba/odds#28166","tickets":"http://www.awin1.com/cread.php?awinmid=4292&awinaffid=143258&clickref=nba&p=http://www.ticketsnow.com/InventoryBrowse/TicketList.aspx?PID=1607501"}},{"Id":27838,"GameState":2,"Date":"2015-03-11 22:00","SeasonType":1,"GameType":1,"AwayTeamId":18,"AwayLeader":"K Martin 16 pts","HomeTeamId":24,"HomeLeader":"M Morris 24 pts","AwayRecord":"14-49","HomeRecord":"34-32","AwayScore":97,"HomeScore":106,"WinningTeamId":24,"Links":{"gametrax":"/nba/gameTrax?gameId=2015031121","boxscore":"/nba/boxscore?gameId=2015031121","recap":"http://www.foxsports.com/nba/story/phoenix-suns-top-minnesota-timberwolves-as-kevin-garnett-sits-out-031215","preview":"http://www.foxsports.com/nba/story/timberwolves-suns-preview-031015","odds":"/nba/odds#27838","tickets":"http://www.awin1.com/cread.php?awinmid=4292&awinaffid=143258&clickref=nba&p=http://www.ticketsnow.com/InventoryBrowse/TicketList.aspx?PID=1607268"}},{"Id":27712,"GameState":2,"Date":"2015-03-11 22:30","SeasonType":1,"GameType":1,"AwayTeamId":12,"AwayLeader":"A Drummond 22 pts","HomeTeamId":21,"HomeLeader":"K Thompson 27 pts","AwayRecord":"23-41","HomeRecord":"51-12","AwayScore":98,"HomeScore":105,"WinningTeamId":21,"Links":{"gametrax":"/nba/gameTrax?gameId=2015031109","boxscore":"/nba/boxscore?gameId=2015031109","recap":"http://www.foxsports.com/nba/story/golden-state-warriors-hold-off-detroit-pistons-for-fifth-straight-victory-031215","preview":"http://www.foxsports.com/nba/story/pistons-warriors-preview-031115","odds":"/nba/odds#27712","tickets":"http://www.awin1.com/cread.php?awinmid=4292&awinaffid=143258&clickref=nba&p=http://www.ticketsnow.com/InventoryBrowse/TicketList.aspx?PID=1606228"}},{"Id":28043,"GameState":2,"Date":"2015-03-11 22:30","SeasonType":1,"GameType":1,"AwayTeamId":17,"AwayLeader":"C Brewer 23 pts","HomeTeamId":25,"HomeLeader":"L Aldridge 26 pts","AwayRecord":"43-21","HomeRecord":"42-20","AwayScore":100,"HomeScore":105,"WinningTeamId":25,"Links":{"gametrax":"/nba/gameTrax?gameId=2015031122","boxscore":"/nba/boxscore?gameId=2015031122","recap":"http://www.foxsports.com/nba/story/portland-trail-blazers-hold-james-harden-to-18-points-beat-houston-rockets-031215","preview":"http://www.foxsports.com/nba/story/rockets-trail-blazers-preview-031015","odds":"/nba/odds#28043","tickets":"http://www.awin1.com/cread.php?awinmid=4292&awinaffid=143258&clickref=nba&p=http://www.ticketsnow.com/InventoryBrowse/TicketList.aspx?PID=1607682"}}]