[{"Id":27619,"GameState":2,"Date":"2015-01-07 19:00","SeasonType":1,"GameType":1,"AwayTeamId":4,"AwayLeader":"J Calderon 17 pts","HomeTeamId":7,"HomeLeader":"N Hilario 20 pts","AwayRecord":"5-33","HomeRecord":"24-11","AwayScore":91,"HomeScore":101,"WinningTeamId":7,"Links":{"gametrax":"/nba/gameTrax?gameId=2015010727","boxscore":"/nba/boxscore?gameId=2015010727","recap":"http://www.foxsports.com/nba/story/new-york-knicks-fall-to-washington-wizards-set-new-franchise-record-with-13th-straight-loss-010715","preview":"http://www.foxsports.com/nba/story/knicks-wizards-preview-010615","odds":"/nba/odds#27619","tickets":"http://www.awin1.com/cread.php?awinmid=4292&awinaffid=143258&clickref=nba&p=http://www.ticketsnow.com/InventoryBrowse/TicketList.aspx?PID=1607391"}},{"Id":27657,"GameState":2,"Date":"2015-01-07 19:00","SeasonType":1,"GameType":1,"AwayTeamId":14,"AwayLeader":"B Knight 18 pts","HomeTeamId":6,"HomeLeader":"K McDaniels 14 pts","AwayRecord":"19-18","HomeRecord":"5-29","AwayScore":97,"HomeScore":77,"WinningTeamId":14,"Links":{"gametrax":"/nba/gameTrax?gameId=2015010720","boxscore":"/nba/boxscore?gameId=2015010720","recap":"http://www.foxsports.com/nba/story/knight-helps-bucks-beat-76ers-97-77-010715","preview":"http://www.foxsports.com/nba/story/bucks-76ers-preview-010715","odds":"/nba/odds#27657","tickets":"http://www.awin1.com/cread.php?awinmid=4292&awinaffid=143258&clickref=nba&p=http://www.ticketsnow.com/InventoryBrowse/TicketList.aspx?PID=1607581"}},{"Id":27908,"GameState":2,"Date":"2015-01-07 19:00","SeasonType":1,"GameType":1,"AwayTeamId":17,"AwayLeader":"J Harden 21 pts","HomeTeamId":11,"HomeLeader":"K Irving 38 pts","AwayRecord":"24-11","HomeRecord":"19-17","AwayScore":105,"HomeScore":93,"WinningTeamId":17,"Links":{"gametrax":"/nba/gameTrax?gameId=2015010705","boxscore":"/nba/boxscore?gameId=2015010705","recap":"http://www.foxsports.com/nba/story/jr-smith-scoreless-in-cleveland-cavaliers-debut-houston-rockets-win-behind-dwight-howard-s-17-points-19-rebounds-010715","preview":"http://www.foxsports.com/nba/story/rockets-cavaliers-preview-010715","odds":"/nba/odds#27908","tickets":"http://www.awin1.com/cread.php?awinmid=4292&awinaffid=143258&clickref=nba&p=http://www.ticketsnow.com/InventoryBrowse/TicketList.aspx?PID=1607437"}},{"Id":28644,"GameState":2,"Date":"2015-01-07 19:00","SeasonType":1,"GameType":1,"AwayTeamId":9,"AwayLeader":"A Davis 32 pts","HomeTeamId":32,"HomeLeader":"K Walker 31 pts","AwayRecord":"17-18","HomeRecord":"13-24","AwayScore":94,"HomeScore":98,"WinningTeamId":32,"Links":{"gametrax":"/nba/gameTrax?gameId=2015010730","boxscore":"/nba/boxscore?gameId=2015010730","recap":"http://www.foxsports.com/nba/story/kemba-walker-lifts-charlotte-hornets-over-new-orleans-pelicans-010715","preview":"http://www.foxsports.com/nba/story/pelicans-hornets-preview-010615","odds":"/nba/odds#28644","tickets":"http://www.awin1.com/cread.php?awinmid=4292&awinaffid=143258&clickref=nba&p=http://www.ticketsnow.com/InventoryBrowse/TicketList.aspx?PID=1605936"}},{"Id":28273,"GameState":2,"Date":"2015-01-07 19:30","SeasonType":1,"GameType":1,"AwayTeamId":31,"AwayLeader":"M Conley 17 pts","HomeTeamId":8,"HomeLeader":"J Teague 25 pts","AwayRecord":"25-10","HomeRecord":"27-8","AwayScore":86,"HomeScore":96,"WinningTeamId":8,"Links":{"gametrax":"/nba/gameTrax?gameId=2015010701","boxscore":"/nba/boxscore?gameId=2015010701","recap":"http://www.foxsports.com/nba/story/atlanta-hawks-top-memphis-grizzlies-for-sixth-straight-victory-010715","preview":"#","odds":"/nba/odds#28273","tickets":"http://www.awin1.com/cread.php?awinmid=4292&awinaffid=143258&clickref=nba&p=http://www.ticketsnow.com/InventoryBrowse/TicketList.aspx?PID=1605830"}},{"Id":28725,"GameState":2,"Date":"2015-01-07 19:30","SeasonType":1,"GameType":1,"AwayTeamId":1,"AwayLeader":"A Bradley 21 pts","HomeTeamId":3,"HomeLeader":"J Johnson 17 pts","AwayRecord":"12-21","HomeRecord":"16-19","AwayScore":89,"HomeScore":81,"WinningTeamId":1,"Links":{"gametrax":"/nba/gameTrax?gameId=2015010717","boxscore":"/nba/boxscore?gameId=2015010717","recap":"http://www.foxsports.com/nba/story/celtics-end-three-game-skid-beat-nets-89-81-010715","preview":"http://www.foxsports.com/nba/story/celtics-nets-preview-010615","odds":"/nba/odds#28725","tickets":"http://www.awin1.com/cread.php?awinmid=4292&awinaffid=143258&clickref=nba&p=http://www.ticketsnow.com/InventoryBrowse/TicketList.aspx?PID=1607766"}},{"Id":27987,"GameState":2,"Date":"2015-01-07 20:00","SeasonType":1,"GameType":1,"AwayTeamId":20,"AwayLeader":"D Favors 20 pts","HomeTeamId":10,"HomeLeader":"J Butler 16 pts","AwayRecord":"13-23","HomeRecord":"25-11","AwayScore":97,"HomeScore":77,"WinningTeamId":20,"Links":{"gametrax":"/nba/gameTrax?gameId=2015010704","boxscore":"/nba/boxscore?gameId=2015010704","recap":"http://www.foxsports.com/nba/story/favors-leads-jazz-past-cold-shooting-bulls-97-77-010715","preview":"http://www.foxsports.com/nba/story/jazz-bulls-preview-010615","odds":"/nba/odds#27987","tickets":"http://www.awin1.com/cread.php?awinmid=4292&awinaffid=143258&clickref=nba&p=http://www.ticketsnow.com/InventoryBrowse/TicketList.aspx?PID=1605979"}},{"Id":28397,"GameState":2,"Date":"2015-01-07 20:30","SeasonType":1,"GameType":1,"AwayTeamId":12,"AwayLeader":"G Monroe 27 pts","HomeTeamId":15,"HomeLeader":"D Nowitzki 19 pts","AwayRecord":"12-23","HomeRecord":"26-11","AwayScore":108,"HomeScore":95,"WinningTeamId":12,"Links":{"gametrax":"/nba/gameTrax?gameId=2015010706","boxscore":"/nba/boxscore?gameId=2015010706","recap":"http://www.foxsports.com/nba/story/detroit-pistons-top-dallas-mavericks-for-seventh-straight-victory-010715","preview":"#","odds":"/nba/odds#28397","tickets":"http://www.awin1.com/cread.php?awinmid=4292&awinaffid=143258&clickref=nba&p=http://www.ticketsnow.com/InventoryBrowse/TicketList.aspx?PID=1606027"}},{"Id":28151,"GameState":2,"Date":"2015-01-07 21:00","SeasonType":1,"GameType":1,"AwayTeamId":5,"AwayLeader":"N Vucevic 20 pts","HomeTeamId":16,"HomeLeader":"T Lawson 23 pts","AwayRecord":"13-25","HomeRecord":"16-20","AwayScore":90,"HomeScore":93,"WinningTeamId":16,"Links":{"gametrax":"/nba/gameTrax?gameId=2015010707","boxscore":"/nba/boxscore?gameId=2015010707","recap":"http://www.foxsports.com/nba/story/lawson-scores-23-as-nuggets-edge-magic-93-90-010715","preview":"http://www.foxsports.com/nba/story/magic-nuggets-preview-010715","odds":"/nba/odds#28151","tickets":"http://www.awin1.com/cread.php?awinmid=4292&awinaffid=143258&clickref=nba&p=http://www.ticketsnow.com/InventoryBrowse/TicketList.aspx?PID=1607486"}},{"Id":27946,"GameState":2,"Date":"2015-01-07 21:30","SeasonType":1,"GameType":1,"AwayTeamId":24,"AwayLeader":"G Dragic 25 pts","HomeTeamId":18,"HomeLeader":"A Wiggins 25 pts","AwayRecord":"22-16","HomeRecord":"5-29","AwayScore":113,"HomeScore":111,"WinningTeamId":24,"Links":{"gametrax":"/nba/gameTrax?gameId=2015010716","boxscore":"/nba/boxscore?gameId=2015010716","recap":"http://www.foxsports.com/nba/story/suns-survive-hand-wolves-13th-straight-loss-010815","preview":"http://www.foxsports.com/nba/story/suns-timberwolves-preview-010715","odds":"/nba/odds#27946","tickets":"http://www.awin1.com/cread.php?awinmid=4292&awinaffid=143258&clickref=nba&p=http://www.ticketsnow.com/InventoryBrowse/TicketList.aspx?PID=1606755"}},{"Id":27866,"GameState":2,"Date":"2015-01-07 22:00","SeasonType":1,"GameType":1,"AwayTeamId":27,"AwayLeader":"K Durant 24 pts","HomeTeamId":26,"HomeLeader":"R Gay 28 pts","AwayRecord":"17-19","HomeRecord":"15-20","AwayScore":83,"HomeScore":104,"WinningTeamId":26,"Links":{"gametrax":"/nba/gameTrax?gameId=2015010723","boxscore":"/nba/boxscore?gameId=2015010723","recap":"http://www.foxsports.com/nba/story/kings-snap-12-game-skid-vs-thunder-with-104-83-victory-010815","preview":"http://www.foxsports.com/nba/story/thunder-kings-preview-010615","odds":"/nba/odds#27866","tickets":"http://www.awin1.com/cread.php?awinmid=4292&awinaffid=143258&clickref=nba&p=http://www.ticketsnow.com/InventoryBrowse/TicketList.aspx?PID=1607304"}},{"Id":27698,"GameState":2,"Date":"2015-01-07 22:30","SeasonType":1,"GameType":1,"AwayTeamId":13,"AwayLeader":"S Hill 21 pts","HomeTeamId":21,"HomeLeader":"K Thompson 40 pts","AwayRecord":"14-23","HomeRecord":"28-5","AwayScore":102,"HomeScore":117,"WinningTeamId":21,"Links":{"gametrax":"/nba/gameTrax?gameId=2015010709","boxscore":"/nba/boxscore?gameId=2015010709","recap":"http://www.foxsports.com/nba/story/klay-thompson-scores-40-to-lead-golden-state-warriors-over-indiana-pacers-010815","preview":"http://www.foxsports.com/nba/story/pacers-warriors-preview-010615","odds":"/nba/odds#27698","tickets":"http://www.awin1.com/cread.php?awinmid=4292&awinaffid=143258&clickref=nba&p=http://www.ticketsnow.com/InventoryBrowse/TicketList.aspx?PID=1606214"}},{"Id":28194,"GameState":2,"Date":"2015-01-07 22:30","SeasonType":1,"GameType":1,"AwayTeamId":23,"AwayLeader":"J Clarkson 14 pts","HomeTeamId":22,"HomeLeader":"B Griffin 27 pts","AwayRecord":"11-25","HomeRecord":"24-12","AwayScore":89,"HomeScore":114,"WinningTeamId":22,"Links":{"gametrax":"/nba/gameTrax?gameId=2015010712","boxscore":"/nba/boxscore?gameId=2015010712","recap":"http://www.foxsports.com/nba/story/los-angeles-clippers-beat-lakers-for-9th-time-in-past-10-matchups-010815","preview":"http://www.foxsports.com/nba/story/lakers-clippers-preview-010715","odds":"/nba/odds#28194","tickets":"http://www.awin1.com/cread.php?awinmid=4292&awinaffid=143258&clickref=nba&p=http://www.ticketsnow.com/InventoryBrowse/TicketList.aspx?PID=1606320"}}]