[{"Id":27630,"GameState":2,"Date":"2015-02-24 19:00","SeasonType":1,"GameType":1,"AwayTeamId":21,"AwayLeader":"S Curry 32 pts","HomeTeamId":7,"HomeLeader":"P Pierce 25 pts","AwayRecord":"44-10","HomeRecord":"33-24","AwayScore":114,"HomeScore":107,"WinningTeamId":21,"Links":{"gametrax":"/nba/gameTrax?gameId=2015022427","boxscore":"/nba/boxscore?gameId=2015022427","recap":"http://www.foxsports.com/nba/story/stephen-curry-scores-32-to-lead-golden-state-warriors-over-washington-wizards-022415","preview":"http://www.foxsports.com/nba/story/warriors-wizards-preview-022415","odds":"/nba/odds#27630","tickets":"http://www.awin1.com/cread.php?awinmid=4292&awinaffid=143258&clickref=nba&p=http://www.ticketsnow.com/InventoryBrowse/TicketList.aspx?PID=1607402"}},{"Id":27754,"GameState":2,"Date":"2015-02-24 19:30","SeasonType":1,"GameType":1,"AwayTeamId":11,"AwayLeader":"K Love 24 pts","HomeTeamId":12,"HomeLeader":"R Jackson 22 pts","AwayRecord":"36-22","HomeRecord":"23-34","AwayScore":102,"HomeScore":93,"WinningTeamId":11,"Links":{"gametrax":"/nba/gameTrax?gameId=2015022408","boxscore":"/nba/boxscore?gameId=2015022408","recap":"http://www.foxsports.com/nba/story/love-hits-8-3-pointers-cavaliers-beat-pistons-102-93-022415","preview":"http://www.foxsports.com/nba/story/cavaliers-pistons-preview-022415","odds":"/nba/odds#27754","tickets":"http://www.awin1.com/cread.php?awinmid=4292&awinaffid=143258&clickref=nba&p=http://www.ticketsnow.com/InventoryBrowse/TicketList.aspx?PID=1606179"}},{"Id":28610,"GameState":2,"Date":"2015-02-24 20:00","SeasonType":1,"GameType":1,"AwayTeamId":13,"AwayLeader":"C Miles 21 pts","HomeTeamId":27,"HomeLeader":"S Ibaka 23 pts","AwayRecord":"23-34","HomeRecord":"32-25","AwayScore":92,"HomeScore":105,"WinningTeamId":27,"Links":{"gametrax":"/nba/gameTrax?gameId=2015022425","boxscore":"/nba/boxscore?gameId=2015022425","recap":"http://www.foxsports.com/nba/story/russell-westbrook-triple-double-lifts-oklahoma-city-thunder-over-indiana-pacers-022415","preview":"http://www.foxsports.com/nba/story/pacers-thunder-preview-022315","odds":"/nba/odds#28610","tickets":"http://www.awin1.com/cread.php?awinmid=4292&awinaffid=143258&clickref=nba&p=http://www.ticketsnow.com/InventoryBrowse/TicketList.aspx?PID=1607146"}},{"Id":28407,"GameState":2,"Date":"2015-02-24 20:30","SeasonType":1,"GameType":1,"AwayTeamId":30,"AwayLeader":"D DeRozan 18 pts","HomeTeamId":15,"HomeLeader":"M Ellis 20 pts","AwayRecord":"37-20","HomeRecord":"39-20","AwayScore":92,"HomeScore":99,"WinningTeamId":15,"Links":{"gametrax":"/nba/gameTrax?gameId=2015022406","boxscore":"/nba/boxscore?gameId=2015022406","recap":"http://www.foxsports.com/nba/story/ellis-nowitzki-pace-mavericks-to-99-90-victory-over-raptors-022415","preview":"http://www.foxsports.com/nba/story/raptors-mavericks-preview-022415","odds":"/nba/odds#28407","tickets":"http://www.awin1.com/cread.php?awinmid=4292&awinaffid=143258&clickref=nba&p=http://www.ticketsnow.com/InventoryBrowse/TicketList.aspx?PID=1606037"}}]