[{"Id":27654,"GameState":2,"Date":"2014-12-15 19:00","SeasonType":1,"GameType":1,"AwayTeamId":1,"AwayLeader":"K Olynyk 30 pts","HomeTeamId":6,"HomeLeader":"N Noel 19 pts","AwayRecord":"8-14","HomeRecord":"2-22","AwayScore":105,"HomeScore":87,"WinningTeamId":1,"Links":{"gametrax":"/nba/gameTrax?gameId=2014121520","boxscore":"/nba/boxscore?gameId=2014121520","recap":"http://www.foxsports.com/nba/story/olynyk-scores-30-in-celtics-105-87-win-over-76ers-121514","preview":"http://www.foxsports.com/nba/story/celtics-76ers-preview-121414","odds":"/nba/odds#27654","tickets":"http://www.awin1.com/cread.php?awinmid=4292&awinaffid=143258&clickref=nba&p=http://www.ticketsnow.com/InventoryBrowse/TicketList.aspx?PID=1607578"}},{"Id":27900,"GameState":2,"Date":"2014-12-15 19:00","SeasonType":1,"GameType":1,"AwayTeamId":32,"AwayLeader":"K Walker 24 pts","HomeTeamId":11,"HomeLeader":"L James 27 pts","AwayRecord":"6-18","HomeRecord":"14-9","AwayScore":88,"HomeScore":97,"WinningTeamId":11,"Links":{"gametrax":"/nba/gameTrax?gameId=2014121505","boxscore":"/nba/boxscore?gameId=2014121505","recap":"http://www.foxsports.com/nba/story/lebron-james-scores-27-to-lead-cleveland-cavaliers-over-charlotte-hornets-121514","preview":"http://www.foxsports.com/nba/story/hornets-cavaliers-preview-121414","odds":"/nba/odds#27900","tickets":"http://www.awin1.com/cread.php?awinmid=4292&awinaffid=143258&clickref=nba&p=http://www.ticketsnow.com/InventoryBrowse/TicketList.aspx?PID=1607429"}},{"Id":28309,"GameState":2,"Date":"2014-12-15 19:00","SeasonType":1,"GameType":1,"AwayTeamId":23,"AwayLeader":"K Bryant 21 pts","HomeTeamId":13,"HomeLeader":"R Stuckey 20 pts","AwayRecord":"8-17","HomeRecord":"8-17","AwayScore":91,"HomeScore":110,"WinningTeamId":13,"Links":{"gametrax":"/nba/gameTrax?gameId=2014121511","boxscore":"/nba/boxscore?gameId=2014121511","recap":"http://www.foxsports.com/nba/story/indiana-pacers-down-los-angeles-lakers-as-kobe-bryant-shoots-8-for-26-121514","preview":"http://www.foxsports.com/nba/story/lakers-pacers-preview-121514","odds":"/nba/odds#28309","tickets":"http://www.awin1.com/cread.php?awinmid=4292&awinaffid=143258&clickref=nba&p=http://www.ticketsnow.com/InventoryBrowse/TicketList.aspx?PID=1606259"}},{"Id":28106,"GameState":2,"Date":"2014-12-15 19:30","SeasonType":1,"GameType":1,"AwayTeamId":5,"AwayLeader":"T Harris 18 pts","HomeTeamId":30,"HomeLeader":"L Williams 18 pts","AwayRecord":"10-17","HomeRecord":"19-6","AwayScore":82,"HomeScore":95,"WinningTeamId":30,"Links":{"gametrax":"/nba/gameTrax?gameId=2014121528","boxscore":"/nba/boxscore?gameId=2014121528","recap":"http://www.foxsports.com/nba/story/williams-lowry-lead-raptors-past-magic-121514","preview":"http://www.foxsports.com/nba/story/magic-raptors-preview-121514","odds":"/nba/odds#28106"}},{"Id":28269,"GameState":2,"Date":"2014-12-15 19:30","SeasonType":1,"GameType":1,"AwayTeamId":10,"AwayLeader":"J Butler 22 pts","HomeTeamId":8,"HomeLeader":"A Horford 21 pts","AwayRecord":"15-9","HomeRecord":"17-7","AwayScore":86,"HomeScore":93,"WinningTeamId":8,"Links":{"gametrax":"/nba/gameTrax?gameId=2014121501","boxscore":"/nba/boxscore?gameId=2014121501","recap":"http://www.foxsports.com/nba/story/horford-scores-21-leads-hawks-past-bulls-93-86-121514","preview":"http://www.foxsports.com/nba/story/bulls-hawks-preview-121414","odds":"/nba/odds#28269","tickets":"http://www.awin1.com/cread.php?awinmid=4292&awinaffid=143258&clickref=nba&p=http://www.ticketsnow.com/InventoryBrowse/TicketList.aspx?PID=1605825"}},{"Id":27819,"GameState":2,"Date":"2014-12-15 21:00","SeasonType":1,"GameType":1,"AwayTeamId":14,"AwayLeader":"B Knight 20 pts","HomeTeamId":24,"HomeLeader":"M Morris 25 pts","AwayRecord":"13-12","HomeRecord":"12-14","AwayScore":96,"HomeScore":94,"WinningTeamId":14,"Links":{"gametrax":"/nba/gameTrax?gameId=2014121521","boxscore":"/nba/boxscore?gameId=2014121521","recap":"http://www.foxsports.com/nba/story/middletons-late-shot-helps-bucks-beat-suns-96-94-121614","preview":"http://www.foxsports.com/nba/story/bucks-suns-preview-121514","odds":"/nba/odds#27819","tickets":"http://www.awin1.com/cread.php?awinmid=4292&awinaffid=143258&clickref=nba&p=http://www.ticketsnow.com/InventoryBrowse/TicketList.aspx?PID=1607249"}},{"Id":28023,"GameState":2,"Date":"2014-12-15 22:00","SeasonType":1,"GameType":1,"AwayTeamId":19,"AwayLeader":"K Leonard 21 pts","HomeTeamId":25,"HomeLeader":"L Aldridge 23 pts","AwayRecord":"17-8","HomeRecord":"19-6","AwayScore":95,"HomeScore":108,"WinningTeamId":25,"Links":{"gametrax":"/nba/gameTrax?gameId=2014121522","boxscore":"/nba/boxscore?gameId=2014121522","recap":"http://www.foxsports.com/nba/story/blazers-defeat-shorthanded-spurs-108-95-121614","preview":"http://www.foxsports.com/nba/story/spurs-trail-blazers-preview-121514","odds":"/nba/odds#28023","tickets":"http://www.awin1.com/cread.php?awinmid=4292&awinaffid=143258&clickref=nba&p=http://www.ticketsnow.com/InventoryBrowse/TicketList.aspx?PID=1607662"}},{"Id":28185,"GameState":2,"Date":"2014-12-15 22:30","SeasonType":1,"GameType":1,"AwayTeamId":12,"AwayLeader":"J Meeks 20 pts","HomeTeamId":22,"HomeLeader":"B Griffin 18 pts","AwayRecord":"5-20","HomeRecord":"17-7","AwayScore":91,"HomeScore":113,"WinningTeamId":22,"Links":{"gametrax":"/nba/gameTrax?gameId=2014121512","boxscore":"/nba/boxscore?gameId=2014121512","recap":"http://www.foxsports.com/nba/story/griffin-jordan-lead-clippers-over-pistons-113-91-121614","preview":"http://www.foxsports.com/nba/story/pistons-clippers-preview-121414","odds":"/nba/odds#28185","tickets":"http://www.awin1.com/cread.php?awinmid=4292&awinaffid=143258&clickref=nba&p=http://www.ticketsnow.com/InventoryBrowse/TicketList.aspx?PID=1606311"}}]