[{"Id":27664,"GameState":2,"Date":"2015-01-30 19:00","SeasonType":1,"GameType":1,"AwayTeamId":18,"AwayLeader":"K Martin 19 pts","HomeTeamId":6,"HomeLeader":"L Mbah a Moute 18 pts","AwayRecord":"8-38","HomeRecord":"10-37","AwayScore":94,"HomeScore":103,"WinningTeamId":6,"Links":{"gametrax":"/nba/gameTrax?gameId=2015013020","boxscore":"/nba/boxscore?gameId=2015013020","recap":"http://www.foxsports.com/nba/story/philadelphia-76ers-down-minnesota-timberwolves-behind-michael-carter-williams-triple-double-013015","preview":"http://www.foxsports.com/nba/story/timberwolves-76ers-preview-012915","odds":"/nba/odds#27664","tickets":"http://www.awin1.com/cread.php?awinmid=4292&awinaffid=143258&clickref=nba&p=http://www.ticketsnow.com/InventoryBrowse/TicketList.aspx?PID=1607588"}},{"Id":27541,"GameState":2,"Date":"2015-01-30 19:30","SeasonType":1,"GameType":1,"AwayTeamId":17,"AwayLeader":"D Motiejunas 26 pts","HomeTeamId":1,"HomeLeader":"B Bass 17 pts","AwayRecord":"33-14","HomeRecord":"16-29","AwayScore":93,"HomeScore":87,"WinningTeamId":17,"Links":{"gametrax":"/nba/gameTrax?gameId=2015013002","boxscore":"/nba/boxscore?gameId=2015013002","recap":"http://www.foxsports.com/nba/story/houston-rockets-top-boston-celtics-for-4th-straight-win-013015","preview":"http://www.foxsports.com/nba/story/houston-rockets-dwight-howard-has-edema-in-right-knee-could-miss-two-more-games-012915","odds":"/nba/odds#27541","tickets":"http://www.awin1.com/cread.php?awinmid=4292&awinaffid=143258&clickref=nba&p=http://www.ticketsnow.com/InventoryBrowse/TicketList.aspx?PID=1605883"}},{"Id":27914,"GameState":2,"Date":"2015-01-30 19:30","SeasonType":1,"GameType":1,"AwayTeamId":26,"AwayLeader":"D Cousins 21 pts","HomeTeamId":11,"HomeLeader":"K Love 23 pts","AwayRecord":"16-29","HomeRecord":"28-20","AwayScore":90,"HomeScore":101,"WinningTeamId":11,"Links":{"gametrax":"/nba/gameTrax?gameId=2015013005","boxscore":"/nba/boxscore?gameId=2015013005","recap":"http://www.foxsports.com/nba/story/cleveland-cavaliers-beat-sacramento-kings-lebron-james-returns-to-lineup-013015","preview":"http://www.foxsports.com/nba/story/kings-cavaliers-preview-012915","odds":"/nba/odds#27914","tickets":"http://www.awin1.com/cread.php?awinmid=4292&awinaffid=143258&clickref=nba&p=http://www.ticketsnow.com/InventoryBrowse/TicketList.aspx?PID=1607446"}},{"Id":28280,"GameState":2,"Date":"2015-01-30 19:30","SeasonType":1,"GameType":1,"AwayTeamId":25,"AwayLeader":"L Aldridge 37 pts","HomeTeamId":8,"HomeLeader":"P Millsap 21 pts","AwayRecord":"32-15","HomeRecord":"39-8","AwayScore":99,"HomeScore":105,"WinningTeamId":8,"Links":{"gametrax":"/nba/gameTrax?gameId=2015013001","boxscore":"/nba/boxscore?gameId=2015013001","recap":"http://www.foxsports.com/nba/story/atlanta-hawks-top-portland-trail-blazers-to-keep-streak-alive-013015","preview":"http://www.foxsports.com/nba/story/trail-blazers-hawks-preview-012915","odds":"/nba/odds#28280","tickets":"http://www.awin1.com/cread.php?awinmid=4292&awinaffid=143258&clickref=nba&p=http://www.ticketsnow.com/InventoryBrowse/TicketList.aspx?PID=1605837"}},{"Id":28731,"GameState":2,"FinalText":"OT","Date":"2015-01-30 19:30","SeasonType":1,"GameType":1,"AwayTeamId":30,"AwayLeader":"D DeRozan 26 pts","HomeTeamId":3,"HomeLeader":"B Lopez 35 pts","AwayRecord":"32-15","HomeRecord":"18-28","AwayScore":127,"HomeScore":122,"WinningTeamId":30,"Links":{"gametrax":"/nba/gameTrax?gameId=2015013017","boxscore":"/nba/boxscore?gameId=2015013017","recap":"http://www.foxsports.com/nba/story/toronto-raptors-hold-off-brooklyn-nets-013015","preview":"http://www.foxsports.com/nba/story/raptors-nets-preview-012915","odds":"/nba/odds#28731","tickets":"http://www.awin1.com/cread.php?awinmid=4292&awinaffid=143258&clickref=nba&p=http://www.ticketsnow.com/InventoryBrowse/TicketList.aspx?PID=1605459"}},{"Id":28360,"GameState":2,"Date":"2015-01-30 20:00","SeasonType":1,"GameType":1,"AwayTeamId":15,"AwayLeader":"C Villanueva 20 pts","HomeTeamId":2,"HomeLeader":"H Whiteside 16 pts","AwayRecord":"31-17","HomeRecord":"20-26","AwayScore":93,"HomeScore":72,"WinningTeamId":15,"Links":{"gametrax":"/nba/gameTrax?gameId=2015013014","boxscore":"/nba/boxscore?gameId=2015013014","recap":"http://www.foxsports.com/nba/story/dallas-mavericks-rout-miami-heat-013015","preview":"http://www.foxsports.com/nba/story/mavericks-heat-preview-012915","odds":"/nba/odds#28360","tickets":"http://www.awin1.com/cread.php?awinmid=4292&awinaffid=143258&clickref=nba&p=http://www.ticketsnow.com/InventoryBrowse/TicketList.aspx?PID=1606486"}},{"Id":28441,"GameState":2,"Date":"2015-01-30 20:00","SeasonType":1,"GameType":1,"AwayTeamId":22,"AwayLeader":"C Paul 24 pts","HomeTeamId":9,"HomeLeader":"E Gordon 28 pts","AwayRecord":"32-15","HomeRecord":"25-22","AwayScore":103,"HomeScore":108,"WinningTeamId":9,"Links":{"gametrax":"/nba/gameTrax?gameId=2015013003","boxscore":"/nba/boxscore?gameId=2015013003","recap":"http://www.foxsports.com/nba/story/new-orleans-pelicans-top-los-angeles-clippers-013015","preview":"http://www.foxsports.com/nba/story/clippers-pelicans-preview-012915","odds":"/nba/odds#28441","tickets":"http://www.awin1.com/cread.php?awinmid=4292&awinaffid=143258&clickref=nba&p=http://www.ticketsnow.com/InventoryBrowse/TicketList.aspx?PID=1606872"}},{"Id":27582,"GameState":2,"Date":"2015-01-30 21:00","SeasonType":1,"GameType":1,"AwayTeamId":21,"AwayLeader":"S Curry 32 pts","HomeTeamId":20,"HomeLeader":"G Hayward 26 pts","AwayRecord":"36-8","HomeRecord":"17-30","AwayScore":100,"HomeScore":110,"WinningTeamId":20,"Links":{"gametrax":"/nba/gameTrax?gameId=2015013026","boxscore":"/nba/boxscore?gameId=2015013026","recap":"http://www.foxsports.com/nba/story/utah-jazz-top-golden-state-warriors-013015","preview":"#","odds":"/nba/odds#27582","tickets":"http://www.awin1.com/cread.php?awinmid=4292&awinaffid=143258&clickref=nba&p=http://www.ticketsnow.com/InventoryBrowse/TicketList.aspx?PID=1607632"}},{"Id":27830,"GameState":2,"Date":"2015-01-30 22:30","SeasonType":1,"GameType":1,"AwayTeamId":10,"AwayLeader":"D Rose 23 pts","HomeTeamId":24,"HomeLeader":"E Bledsoe 23 pts","AwayRecord":"30-19","HomeRecord":"28-20","AwayScore":93,"HomeScore":99,"WinningTeamId":24,"Links":{"gametrax":"/nba/gameTrax?gameId=2015013021","boxscore":"/nba/boxscore?gameId=2015013021","recap":"http://www.foxsports.com/nba/story/phoenix-suns-get-past-chicago-bulls-013115","preview":"http://www.foxsports.com/nba/story/bulls-suns-preview-013015","odds":"/nba/odds#27830","tickets":"http://www.awin1.com/cread.php?awinmid=4292&awinaffid=143258&clickref=nba&p=http://www.ticketsnow.com/InventoryBrowse/TicketList.aspx?PID=1607260"}}]