[{"Id":28707,"GameState":2,"Date":"2015-01-15 15:00","SeasonType":1,"GameType":1,"AwayTeamId":4,"AwayLeader":"C Anthony 25 pts","HomeTeamId":14,"HomeLeader":"O Mayo 22 pts","AwayRecord":"5-36","HomeRecord":"21-19","AwayScore":79,"HomeScore":95,"WinningTeamId":14,"Links":{"gametrax":"/nba/gameTrax?gameId=2015011515","boxscore":"/nba/boxscore?gameId=2015011515","recap":"http://www.foxsports.com/nba/story/new-york-knicks-fall-to-milwaukee-bucks-at-london-for-16th-straight-loss-011515","preview":"http://www.foxsports.com/nba/story/knicks-bucks-preview-011415","odds":"/nba/odds#28707"}},{"Id":28521,"GameState":2,"Date":"2015-01-15 20:00","SeasonType":1,"GameType":1,"AwayTeamId":27,"AwayLeader":"K Durant 24 pts","HomeTeamId":17,"HomeLeader":"J Harden 31 pts","AwayRecord":"18-20","HomeRecord":"28-12","AwayScore":101,"HomeScore":112,"WinningTeamId":17,"Links":{"gametrax":"/nba/gameTrax?gameId=2015011510","boxscore":"/nba/boxscore?gameId=2015011510","recap":"http://www.foxsports.com/nba/story/houston-rockets-top-oklahoma-city-thunder-behind-james-harden-s-31-points-011515","preview":"http://www.foxsports.com/nba/story/thunder-rockets-preview-011415","odds":"/nba/odds#28521","tickets":"http://www.awin1.com/cread.php?awinmid=4292&awinaffid=143258&clickref=nba&p=http://www.ticketsnow.com/InventoryBrowse/TicketList.aspx?PID=1607538"}},{"Id":28235,"GameState":2,"Date":"2015-01-15 22:30","SeasonType":1,"GameType":1,"AwayTeamId":11,"AwayLeader":"L James 36 pts","HomeTeamId":23,"HomeLeader":"J Hill 20 pts","AwayRecord":"20-20","HomeRecord":"12-28","AwayScore":109,"HomeScore":102,"WinningTeamId":11,"Links":{"gametrax":"/nba/gameTrax?gameId=2015011513","boxscore":"/nba/boxscore?gameId=2015011513","recap":"http://www.foxsports.com/nba/story/cleveland-cavaliers-hold-off-los-angeles-lakers-as-lebron-james-bests-kobe-bryant-011615","preview":"http://www.foxsports.com/nba/story/cavaliers-lakers-preview-011515","odds":"/nba/odds#28235","tickets":"http://www.awin1.com/cread.php?awinmid=4292&awinaffid=143258&clickref=nba&p=http://www.ticketsnow.com/InventoryBrowse/TicketList.aspx?PID=1606392"}}]