[{"Id":28705,"GameState":2,"Date":"2015-04-10 19:00","SeasonType":1,"GameType":1,"AwayTeamId":30,"AwayLeader":"D DeRozan 29 pts","HomeTeamId":5,"HomeLeader":"V Oladipo 19 pts","AwayRecord":"47-32","HomeRecord":"25-54","AwayScore":101,"HomeScore":99,"WinningTeamId":30,"Links":{"gametrax":"/nba/gameTrax?gameId=2015041019","boxscore":"/nba/boxscore?gameId=2015041019","recap":"http://www.foxsports.com/nba/story/toronto-raptors-edge-orlando-magic-on-lou-williams-late-3-041015","preview":"http://www.foxsports.com/nba/story/raptors-magic-preview-040915","odds":"/nba/odds#28705","tickets":"http://www.awin1.com/cread.php?awinmid=4292&awinaffid=143258&clickref=nba&p=http://www.ticketsnow.com/InventoryBrowse/TicketList.aspx?PID=1607208"}},{"Id":27763,"GameState":2,"Date":"2015-04-10 19:30","SeasonType":1,"GameType":1,"AwayTeamId":13,"AwayLeader":"C Miles 24 pts","HomeTeamId":12,"HomeLeader":"R Jackson 21 pts","AwayRecord":"36-43","HomeRecord":"30-49","AwayScore":107,"HomeScore":103,"WinningTeamId":13,"Links":{"gametrax":"/nba/gameTrax?gameId=2015041008","boxscore":"/nba/boxscore?gameId=2015041008","recap":"http://www.foxsports.com/nba/story/indiana-pacers-top-detroit-pistons-041015","preview":"http://www.foxsports.com/nba/story/pacers-pistons-preview-040915","odds":"/nba/odds#27763","tickets":"http://www.awin1.com/cread.php?awinmid=4292&awinaffid=143258&clickref=nba&p=http://www.ticketsnow.com/InventoryBrowse/TicketList.aspx?PID=1606189"}},{"Id":27805,"GameState":2,"Date":"2015-04-10 19:30","SeasonType":1,"GameType":1,"AwayTeamId":14,"AwayLeader":"G Antetokounmpo 23 pts","HomeTeamId":4,"HomeLeader":"L Galloway 20 pts","AwayRecord":"39-40","HomeRecord":"15-64","AwayScore":99,"HomeScore":91,"WinningTeamId":14,"Links":{"gametrax":"/nba/gameTrax?gameId=2015041018","boxscore":"/nba/boxscore?gameId=2015041018","recap":"http://www.foxsports.com/nba/story/milwaukee-bucks-beat-new-york-knicks-close-in-on-playoff-spot-041015","preview":"http://www.foxsports.com/nba/story/bucks-knicks-preview-040915","odds":"/nba/odds#27805","tickets":"http://www.awin1.com/cread.php?awinmid=4292&awinaffid=143258&clickref=nba&p=http://www.ticketsnow.com/InventoryBrowse/TicketList.aspx?PID=1607054"}},{"Id":27927,"GameState":2,"Date":"2015-04-10 19:30","SeasonType":1,"GameType":1,"AwayTeamId":1,"AwayLeader":"M Smart 19 pts","HomeTeamId":11,"HomeLeader":"K Love 19 pts","AwayRecord":"37-42","HomeRecord":"51-28","AwayScore":99,"HomeScore":90,"WinningTeamId":1,"Links":{"gametrax":"/nba/gameTrax?gameId=2015041005","boxscore":"/nba/boxscore?gameId=2015041005","recap":"http://www.foxsports.com/nba/story/boston-celtics-down-cleveland-cavaliers-041015","preview":"http://www.foxsports.com/nba/story/celtics-cavaliers-preview-040915","odds":"/nba/odds#27927","tickets":"http://www.awin1.com/cread.php?awinmid=4292&awinaffid=143258&clickref=nba&p=http://www.ticketsnow.com/InventoryBrowse/TicketList.aspx?PID=1607459"}},{"Id":28295,"GameState":2,"Date":"2015-04-10 19:30","SeasonType":1,"GameType":1,"AwayTeamId":32,"AwayLeader":"T Daniels 15 pts","HomeTeamId":8,"HomeLeader":"M Muscala 17 pts","AwayRecord":"33-46","HomeRecord":"60-19","AwayScore":80,"HomeScore":104,"WinningTeamId":8,"Links":{"gametrax":"/nba/gameTrax?gameId=2015041001","boxscore":"/nba/boxscore?gameId=2015041001","recap":"http://www.foxsports.com/nba/story/atlanta-hawks-top-charlotte-hornets-for-first-60-win-season-041015","preview":"http://www.foxsports.com/nba/story/hornets-hawks-preview-040915","odds":"/nba/odds#28295","tickets":"http://www.awin1.com/cread.php?awinmid=4292&awinaffid=143258&clickref=nba&p=http://www.ticketsnow.com/InventoryBrowse/TicketList.aspx?PID=1605852"}},{"Id":28746,"GameState":2,"Date":"2015-04-10 19:30","SeasonType":1,"GameType":1,"AwayTeamId":7,"AwayLeader":"B Beal 24 pts","HomeTeamId":3,"HomeLeader":"B Lopez 26 pts","AwayRecord":"45-34","HomeRecord":"37-42","AwayScore":80,"HomeScore":117,"WinningTeamId":3,"Links":{"gametrax":"/nba/gameTrax?gameId=2015041017","boxscore":"/nba/boxscore?gameId=2015041017","recap":"http://www.foxsports.com/nba/story/brooklyn-nets-get-past-washington-wizards-041015","preview":"http://www.foxsports.com/nba/story/wizards-nets-preview-040915","odds":"/nba/odds#28746","tickets":"http://www.awin1.com/cread.php?awinmid=4292&awinaffid=143258&clickref=nba&p=http://www.ticketsnow.com/InventoryBrowse/TicketList.aspx?PID=1605780"}},{"Id":28459,"GameState":2,"Date":"2015-04-10 20:00","SeasonType":1,"GameType":1,"AwayTeamId":24,"AwayLeader":"E Bledsoe 19 pts","HomeTeamId":9,"HomeLeader":"A Davis 19 pts","AwayRecord":"39-41","HomeRecord":"43-36","AwayScore":75,"HomeScore":90,"WinningTeamId":9,"Links":{"gametrax":"/nba/gameTrax?gameId=2015041003","boxscore":"/nba/boxscore?gameId=2015041003","recap":"http://www.foxsports.com/nba/story/new-orleans-pelicans-pound-phoenix-suns-041015","preview":"http://www.foxsports.com/nba/story/suns-pelicans-preview-040915","odds":"/nba/odds#28459","tickets":"http://www.awin1.com/cread.php?awinmid=4292&awinaffid=143258&clickref=nba&p=http://www.ticketsnow.com/InventoryBrowse/TicketList.aspx?PID=1606890"}},{"Id":28540,"GameState":2,"Date":"2015-04-10 20:00","SeasonType":1,"GameType":1,"AwayTeamId":19,"AwayLeader":"T Duncan 29 pts","HomeTeamId":17,"HomeLeader":"J Smith 20 pts","AwayRecord":"54-26","HomeRecord":"53-26","AwayScore":104,"HomeScore":103,"WinningTeamId":19,"Links":{"gametrax":"/nba/gameTrax?gameId=2015041010","boxscore":"/nba/boxscore?gameId=2015041010","recap":"http://www.foxsports.com/nba/story/duncan-leads-spurs-to-104-103-win-over-rockets-041015","preview":"http://www.foxsports.com/nba/story/spurs-rockets-preview-040915","odds":"/nba/odds#28540","tickets":"http://www.awin1.com/cread.php?awinmid=4292&awinaffid=143258&clickref=nba&p=http://www.ticketsnow.com/InventoryBrowse/TicketList.aspx?PID=1607557"}},{"Id":28623,"GameState":2,"Date":"2015-04-10 20:00","SeasonType":1,"GameType":1,"AwayTeamId":26,"AwayLeader":"B McLemore 20 pts","HomeTeamId":27,"HomeLeader":"R Westbrook 27 pts","AwayRecord":"27-52","HomeRecord":"43-36","AwayScore":103,"HomeScore":116,"WinningTeamId":27,"Links":{"gametrax":"/nba/gameTrax?gameId=2015041025","boxscore":"/nba/boxscore?gameId=2015041025","recap":"http://www.foxsports.com/nba/story/oklahoma-city-thunder-top-sacramento-kings-041015","preview":"http://www.foxsports.com/nba/story/kings-thunder-preview-040915","odds":"/nba/odds#28623","tickets":"http://www.awin1.com/cread.php?awinmid=4292&awinaffid=143258&clickref=nba&p=http://www.ticketsnow.com/InventoryBrowse/TicketList.aspx?PID=1607159"}},{"Id":27599,"GameState":2,"Date":"2015-04-10 21:00","SeasonType":1,"GameType":1,"AwayTeamId":31,"AwayLeader":"M Gasol 22 pts","HomeTeamId":20,"HomeLeader":"G Hayward 27 pts","AwayRecord":"54-25","HomeRecord":"36-43","AwayScore":89,"HomeScore":88,"WinningTeamId":31,"Links":{"gametrax":"/nba/gameTrax?gameId=2015041026","boxscore":"/nba/boxscore?gameId=2015041026","recap":"http://www.foxsports.com/nba/story/memphis-grizzlies-hold-off-utah-jazz-041015","preview":"http://www.foxsports.com/nba/story/grizzlies-jazz-preview-040915","odds":"/nba/odds#27599","tickets":"http://www.awin1.com/cread.php?awinmid=4292&awinaffid=143258&clickref=nba&p=http://www.ticketsnow.com/InventoryBrowse/TicketList.aspx?PID=1607651"}},{"Id":28172,"GameState":2,"FinalText":"2OT","Date":"2015-04-10 21:00","SeasonType":1,"GameType":1,"AwayTeamId":15,"AwayLeader":"D Nowitzki 25 pts","HomeTeamId":16,"HomeLeader":"D Gallinari 47 pts","AwayRecord":"48-31","HomeRecord":"29-50","AwayScore":144,"HomeScore":143,"WinningTeamId":15,"Links":{"gametrax":"/nba/gameTrax?gameId=2015041007","boxscore":"/nba/boxscore?gameId=2015041007","recap":"http://www.foxsports.com/nba/story/dallas-mavericks-beat-denver-nuggets-2ot-raymond-felton-game-winner-layup-danilo-gallinari-scores-47-041115","preview":"http://www.foxsports.com/nba/story/mavericks-nuggets-preview-040915","odds":"/nba/odds#28172","tickets":"http://www.awin1.com/cread.php?awinmid=4292&awinaffid=143258&clickref=nba&p=http://www.ticketsnow.com/InventoryBrowse/TicketList.aspx?PID=1607507"}},{"Id":28253,"GameState":2,"Date":"2015-04-10 22:30","SeasonType":1,"GameType":1,"AwayTeamId":18,"AwayLeader":"A Wiggins 29 pts","HomeTeamId":23,"HomeLeader":"R Kelly 21 pts","AwayRecord":"16-63","HomeRecord":"21-58","AwayScore":98,"HomeScore":106,"WinningTeamId":23,"Links":{"gametrax":"/nba/gameTrax?gameId=2015041013","boxscore":"/nba/boxscore?gameId=2015041013","recap":"http://www.foxsports.com/nba/story/los-angeles-lakers-get-past-minnesota-timberwolves-041115","preview":"http://www.foxsports.com/nba/story/timberwolves-lakers-preview-040915","odds":"/nba/odds#28253","tickets":"http://www.awin1.com/cread.php?awinmid=4292&awinaffid=143258&clickref=nba&p=http://www.ticketsnow.com/InventoryBrowse/TicketList.aspx?PID=1606410"}}]