[{"Id":28615,"GameState":2,"Date":"2015-03-15 13:00","SeasonType":1,"GameType":1,"AwayTeamId":10,"AwayLeader":"N Mirotic 27 pts","HomeTeamId":27,"HomeLeader":"R Westbrook 36 pts","AwayRecord":"40-28","HomeRecord":"37-29","AwayScore":100,"HomeScore":109,"WinningTeamId":27,"Links":{"gametrax":"/nba/gameTrax?gameId=2015031525","boxscore":"/nba/boxscore?gameId=2015031525","recap":"http://www.foxsports.com/nba/story/westbrook-lifts-thunder-to-109-100-win-over-bulls-031515","preview":"http://www.foxsports.com/nba/story/bulls-thunder-preview-031415","odds":"/nba/odds#28615","tickets":"http://www.awin1.com/cread.php?awinmid=4292&awinaffid=143258&clickref=nba&p=http://www.ticketsnow.com/InventoryBrowse/TicketList.aspx?PID=1607151"}},{"Id":28207,"GameState":2,"Date":"2015-03-15 15:30","SeasonType":1,"GameType":1,"AwayTeamId":17,"AwayLeader":"J Harden 34 pts","HomeTeamId":22,"HomeLeader":"C Paul 23 pts","AwayRecord":"44-22","HomeRecord":"42-25","AwayScore":100,"HomeScore":98,"WinningTeamId":17,"Links":{"gametrax":"/nba/gameTrax?gameId=2015031512","boxscore":"/nba/boxscore?gameId=2015031512","recap":"http://www.foxsports.com/nba/story/rockets-hang-on-to-beat-clippers-100-98-031515","preview":"http://www.foxsports.com/nba/story/rockets-clippers-preview-031415","odds":"/nba/odds#28207","tickets":"http://www.awin1.com/cread.php?awinmid=4292&awinaffid=143258&clickref=nba&p=http://www.ticketsnow.com/InventoryBrowse/TicketList.aspx?PID=1607789"}},{"Id":28453,"GameState":2,"FinalText":"2OT","Date":"2015-03-15 18:00","SeasonType":1,"GameType":1,"AwayTeamId":16,"AwayLeader":"W Barton 25 pts","HomeTeamId":9,"HomeLeader":"A Davis 36 pts","AwayRecord":"26-41","HomeRecord":"36-30","AwayScore":118,"HomeScore":111,"WinningTeamId":16,"Links":{"gametrax":"/nba/gameTrax?gameId=2015031503","boxscore":"/nba/boxscore?gameId=2015031503","recap":"http://www.foxsports.com/nba/story/denver-nuggets-top-new-orleans-pelicans-in-double-overtime-for-fourth-straight-win-031515","preview":"http://www.foxsports.com/nba/story/nuggets-pelicans-preview-031415","odds":"/nba/odds#28453","tickets":"http://www.awin1.com/cread.php?awinmid=4292&awinaffid=143258&clickref=nba&p=http://www.ticketsnow.com/InventoryBrowse/TicketList.aspx?PID=1606884"}},{"Id":28698,"GameState":2,"Date":"2015-03-15 18:00","SeasonType":1,"GameType":1,"AwayTeamId":11,"AwayLeader":"K Irving 33 pts","HomeTeamId":5,"HomeLeader":"V Oladipo 25 pts","AwayRecord":"43-25","HomeRecord":"21-47","AwayScore":123,"HomeScore":108,"WinningTeamId":11,"Links":{"gametrax":"/nba/gameTrax?gameId=2015031519","boxscore":"/nba/boxscore?gameId=2015031519","recap":"http://www.foxsports.com/nba/story/cavaliers-get-33-from-irving-roll-past-magic-123-108-031515","preview":"http://www.foxsports.com/nba/story/cavaliers-magic-preview-031415","odds":"/nba/odds#28698","tickets":"http://www.awin1.com/cread.php?awinmid=4292&awinaffid=143258&clickref=nba&p=http://www.ticketsnow.com/InventoryBrowse/TicketList.aspx?PID=1607201"}},{"Id":28125,"GameState":2,"Date":"2015-03-15 19:00","SeasonType":1,"GameType":1,"AwayTeamId":25,"AwayLeader":"L Aldridge 24 pts","HomeTeamId":30,"HomeLeader":"D DeRozan 22 pts","AwayRecord":"44-20","HomeRecord":"39-27","AwayScore":113,"HomeScore":97,"WinningTeamId":25,"Links":{"gametrax":"/nba/gameTrax?gameId=2015031528","boxscore":"/nba/boxscore?gameId=2015031528","recap":"http://www.foxsports.com/nba/story/lamarcus-aldridge-had-24-points-10-rebounds-to-lead-portland-trail-blazers-over-toronto-raptors-031515","preview":"http://www.foxsports.com/nba/story/trail-blazers-raptors-preview-031415","odds":"/nba/odds#28125"}},{"Id":28493,"GameState":2,"Date":"2015-03-15 19:00","SeasonType":1,"GameType":1,"AwayTeamId":18,"AwayLeader":"K Martin 19 pts","HomeTeamId":19,"HomeLeader":"K Leonard 15 pts","AwayRecord":"14-51","HomeRecord":"41-24","AwayScore":97,"HomeScore":123,"WinningTeamId":19,"Links":{"gametrax":"/nba/gameTrax?gameId=2015031524","boxscore":"/nba/boxscore?gameId=2015031524","recap":"http://www.foxsports.com/nba/story/leonard-spurs-roll-past-timberwolves-123-97-031515","preview":"http://www.foxsports.com/nba/story/timberwolves-spurs-preview-031415","odds":"/nba/odds#28493","tickets":"http://www.awin1.com/cread.php?awinmid=4292&awinaffid=143258&clickref=nba&p=http://www.ticketsnow.com/InventoryBrowse/TicketList.aspx?PID=1607362"}},{"Id":27840,"GameState":2,"Date":"2015-03-15 21:00","SeasonType":1,"GameType":1,"AwayTeamId":4,"AwayLeader":"A Shved 18 pts","HomeTeamId":24,"HomeLeader":"E Bledsoe 21 pts","AwayRecord":"13-53","HomeRecord":"35-33","AwayScore":89,"HomeScore":102,"WinningTeamId":24,"Links":{"gametrax":"/nba/gameTrax?gameId=2015031521","boxscore":"/nba/boxscore?gameId=2015031521","recap":"http://www.foxsports.com/nba/story/phoenix-suns-beat-new-york-knicks-eric-bledsoe-misses-triple-double-by-one-rebound-031515","preview":"http://www.foxsports.com/nba/story/knicks-suns-preview-031515","odds":"/nba/odds#27840","tickets":"http://www.awin1.com/cread.php?awinmid=4292&awinaffid=143258&clickref=nba&p=http://www.ticketsnow.com/InventoryBrowse/TicketList.aspx?PID=1607270"}},{"Id":28247,"GameState":2,"Date":"2015-03-15 21:30","SeasonType":1,"GameType":1,"AwayTeamId":8,"AwayLeader":"D Schroder 24 pts","HomeTeamId":23,"HomeLeader":"C Boozer 13 pts","AwayRecord":"52-14","HomeRecord":"17-48","AwayScore":91,"HomeScore":86,"WinningTeamId":8,"Links":{"gametrax":"/nba/gameTrax?gameId=2015031513","boxscore":"/nba/boxscore?gameId=2015031513","recap":"http://www.foxsports.com/nba/story/hawks-hold-off-lakers-91-86-031615","preview":"http://www.foxsports.com/nba/story/hawks-lakers-preview-031415","odds":"/nba/odds#28247","tickets":"http://www.awin1.com/cread.php?awinmid=4292&awinaffid=143258&clickref=nba&p=http://www.ticketsnow.com/InventoryBrowse/TicketList.aspx?PID=1607802"}}]