[{"Id":27632,"GameState":2,"Date":"2015-03-06 19:00","SeasonType":1,"GameType":1,"AwayTeamId":2,"AwayLeader":"G Dragic 18 pts","HomeTeamId":7,"HomeLeader":"N Hilario 20 pts","AwayRecord":"27-34","HomeRecord":"35-27","AwayScore":97,"HomeScore":99,"WinningTeamId":7,"Links":{"gametrax":"/nba/gameTrax?gameId=2015030627","boxscore":"/nba/boxscore?gameId=2015030627","recap":"http://www.foxsports.com/nba/story/washington-wizards-hold-off-miami-heat-030615","preview":"http://www.foxsports.com/nba/story/heat-wizards-preview-030515","odds":"/nba/odds#27632","tickets":"http://www.awin1.com/cread.php?awinmid=4292&awinaffid=143258&clickref=nba&p=http://www.ticketsnow.com/InventoryBrowse/TicketList.aspx?PID=1607404"}},{"Id":27671,"GameState":2,"Date":"2015-03-06 19:00","SeasonType":1,"GameType":1,"AwayTeamId":20,"AwayLeader":"G Hayward 25 pts","HomeTeamId":6,"HomeLeader":"I Canaan 16 pts","AwayRecord":"25-36","HomeRecord":"13-49","AwayScore":89,"HomeScore":83,"WinningTeamId":20,"Links":{"gametrax":"/nba/gameTrax?gameId=2015030620","boxscore":"/nba/boxscore?gameId=2015030620","recap":"http://www.foxsports.com/nba/story/utah-jazz-down-philadelphia-76ers-030615","preview":"http://www.foxsports.com/nba/story/jazz-76ers-preview-030515","odds":"/nba/odds#27671","tickets":"http://www.awin1.com/cread.php?awinmid=4292&awinaffid=143258&clickref=nba&p=http://www.ticketsnow.com/InventoryBrowse/TicketList.aspx?PID=1607595"}},{"Id":28326,"GameState":2,"Date":"2015-03-06 19:00","SeasonType":1,"GameType":1,"AwayTeamId":10,"AwayLeader":"P Gasol 18 pts","HomeTeamId":13,"HomeLeader":"S Hill 16 pts","AwayRecord":"39-24","HomeRecord":"27-34","AwayScore":84,"HomeScore":98,"WinningTeamId":13,"Links":{"gametrax":"/nba/gameTrax?gameId=2015030611","boxscore":"/nba/boxscore?gameId=2015030611","recap":"http://www.foxsports.com/nba/story/indiana-pacers-top-chicago-bulls-030615","preview":"http://www.foxsports.com/nba/story/bulls-pacers-preview-030615","odds":"/nba/odds#28326","tickets":"http://www.awin1.com/cread.php?awinmid=4292&awinaffid=143258&clickref=nba&p=http://www.ticketsnow.com/InventoryBrowse/TicketList.aspx?PID=1606277"}},{"Id":28655,"GameState":2,"Date":"2015-03-06 19:00","SeasonType":1,"GameType":1,"AwayTeamId":30,"AwayLeader":"D DeRozan 30 pts","HomeTeamId":32,"HomeLeader":"A Jefferson 23 pts","AwayRecord":"38-24","HomeRecord":"27-33","AwayScore":94,"HomeScore":103,"WinningTeamId":32,"Links":{"gametrax":"/nba/gameTrax?gameId=2015030630","boxscore":"/nba/boxscore?gameId=2015030630","recap":"http://www.foxsports.com/nba/story/charlotte-hornets-top-toronto-raptors-030615","preview":"http://www.foxsports.com/nba/story/raptors-hornets-preview-030515","odds":"/nba/odds#28655","tickets":"http://www.awin1.com/cread.php?awinmid=4292&awinaffid=143258&clickref=nba&p=http://www.ticketsnow.com/InventoryBrowse/TicketList.aspx?PID=1605947"}},{"Id":28696,"GameState":2,"Date":"2015-03-06 19:00","SeasonType":1,"GameType":1,"AwayTeamId":26,"AwayLeader":"R Gay 39 pts","HomeTeamId":5,"HomeLeader":"V Oladipo 32 pts","AwayRecord":"21-39","HomeRecord":"20-43","AwayScore":114,"HomeScore":119,"WinningTeamId":5,"Links":{"gametrax":"/nba/gameTrax?gameId=2015030619","boxscore":"/nba/boxscore?gameId=2015030619","recap":"http://www.foxsports.com/nba/story/oladipo-scores-32-points-magic-hold-off-kings-119-114-030615","preview":"http://www.foxsports.com/nba/story/kings-magic-preview-030515","odds":"/nba/odds#28696","tickets":"http://www.awin1.com/cread.php?awinmid=4292&awinaffid=143258&clickref=nba&p=http://www.ticketsnow.com/InventoryBrowse/TicketList.aspx?PID=1607199"}},{"Id":28288,"GameState":2,"Date":"2015-03-06 19:30","SeasonType":1,"GameType":1,"AwayTeamId":11,"AwayLeader":"K Irving 20 pts","HomeTeamId":8,"HomeLeader":"A Horford 19 pts","AwayRecord":"39-25","HomeRecord":"49-12","AwayScore":97,"HomeScore":106,"WinningTeamId":8,"Links":{"gametrax":"/nba/gameTrax?gameId=2015030601","boxscore":"/nba/boxscore?gameId=2015030601","recap":"http://www.foxsports.com/nba/story/atlanta-hawks-down-cleveland-cavaliers-030615","preview":"http://www.foxsports.com/nba/story/east-leading-hawks-face-lebron-in-possible-playoff-preview-030515","odds":"/nba/odds#28288","tickets":"http://www.awin1.com/cread.php?awinmid=4292&awinaffid=143258&clickref=nba&p=http://www.ticketsnow.com/InventoryBrowse/TicketList.aspx?PID=1605845"}},{"Id":28451,"GameState":2,"Date":"2015-03-06 20:00","SeasonType":1,"GameType":1,"AwayTeamId":1,"AwayLeader":"I Thomas 27 pts","HomeTeamId":9,"HomeLeader":"A Davis 29 pts","AwayRecord":"25-35","HomeRecord":"33-29","AwayScore":104,"HomeScore":98,"WinningTeamId":1,"Links":{"gametrax":"/nba/gameTrax?gameId=2015030603","boxscore":"/nba/boxscore?gameId=2015030603","recap":"http://www.foxsports.com/nba/story/boston-celtics-top-new-orleans-pelicans-030615","preview":"http://www.foxsports.com/nba/story/celtics-pelicans-preview-030515","odds":"/nba/odds#28451","tickets":"http://www.awin1.com/cread.php?awinmid=4292&awinaffid=143258&clickref=nba&p=http://www.ticketsnow.com/InventoryBrowse/TicketList.aspx?PID=1606882"}},{"Id":28534,"GameState":2,"Date":"2015-03-06 20:00","SeasonType":1,"GameType":1,"AwayTeamId":12,"AwayLeader":"G Monroe 19 pts","HomeTeamId":17,"HomeLeader":"J Harden 38 pts","AwayRecord":"23-38","HomeRecord":"42-20","AwayScore":93,"HomeScore":103,"WinningTeamId":17,"Links":{"gametrax":"/nba/gameTrax?gameId=2015030610","boxscore":"/nba/boxscore?gameId=2015030610","recap":"http://www.foxsports.com/nba/story/houston-rockets-top-detroit-pistons-on-james-harden-s-triple-double-030615","preview":"http://www.foxsports.com/nba/story/pistons-rockets-preview-030515","odds":"/nba/odds#28534","tickets":"http://www.awin1.com/cread.php?awinmid=4292&awinaffid=143258&clickref=nba&p=http://www.ticketsnow.com/InventoryBrowse/TicketList.aspx?PID=1607551"}},{"Id":28573,"GameState":2,"Date":"2015-03-06 20:00","SeasonType":1,"GameType":1,"AwayTeamId":23,"AwayLeader":"J Clarkson 25 pts","HomeTeamId":31,"HomeLeader":"Z Randolph 24 pts","AwayRecord":"16-45","HomeRecord":"44-17","AwayScore":90,"HomeScore":97,"WinningTeamId":31,"Links":{"gametrax":"/nba/gameTrax?gameId=2015030629","boxscore":"/nba/boxscore?gameId=2015030629","recap":"http://www.foxsports.com/nba/story/memphis-grizzlies-get-past-los-angeles-lakers-030615","preview":"http://www.foxsports.com/nba/story/lakers-grizzlies-preview-030515","odds":"/nba/odds#28573","tickets":"http://www.awin1.com/cread.php?awinmid=4292&awinaffid=143258&clickref=nba&p=http://www.ticketsnow.com/InventoryBrowse/TicketList.aspx?PID=1606448"}},{"Id":28736,"GameState":2,"FinalText":"OT","Date":"2015-03-06 20:00","SeasonType":1,"GameType":1,"AwayTeamId":24,"AwayLeader":"E Bledsoe 19 pts","HomeTeamId":3,"HomeLeader":"B Lopez 19 pts","AwayRecord":"33-30","HomeRecord":"25-35","AwayScore":108,"HomeScore":100,"WinningTeamId":24,"Links":{"gametrax":"/nba/gameTrax?gameId=2015030617","boxscore":"/nba/boxscore?gameId=2015030617","recap":"http://www.foxsports.com/nba/story/phoenix-suns-rally-past-brooklyn-nets-in-ot-030615","preview":"http://www.foxsports.com/nba/story/suns-nets-preview-030515","odds":"/nba/odds#28736","tickets":"http://www.awin1.com/cread.php?awinmid=4292&awinaffid=143258&clickref=nba&p=http://www.ticketsnow.com/InventoryBrowse/TicketList.aspx?PID=1605464"}},{"Id":28489,"GameState":2,"Date":"2015-03-06 20:30","SeasonType":1,"GameType":1,"AwayTeamId":16,"AwayLeader":"T Lawson 23 pts","HomeTeamId":19,"HomeLeader":"K Leonard 25 pts","AwayRecord":"22-40","HomeRecord":"38-23","AwayScore":111,"HomeScore":120,"WinningTeamId":19,"Links":{"gametrax":"/nba/gameTrax?gameId=2015030624","boxscore":"/nba/boxscore?gameId=2015030624","recap":"http://www.foxsports.com/nba/story/san-antonio-spurs-top-denver-nuggets-030615","preview":"http://www.foxsports.com/nba/story/nuggets-spurs-preview-030515","odds":"/nba/odds#28489","tickets":"http://www.awin1.com/cread.php?awinmid=4292&awinaffid=143258&clickref=nba&p=http://www.ticketsnow.com/InventoryBrowse/TicketList.aspx?PID=1607358"}},{"Id":27710,"GameState":2,"Date":"2015-03-06 22:30","SeasonType":1,"GameType":1,"AwayTeamId":15,"AwayLeader":"R Rondo 14 pts","HomeTeamId":21,"HomeLeader":"S Curry 22 pts","AwayRecord":"40-24","HomeRecord":"48-12","AwayScore":89,"HomeScore":104,"WinningTeamId":21,"Links":{"gametrax":"/nba/gameTrax?gameId=2015030609","boxscore":"/nba/boxscore?gameId=2015030609","recap":"http://www.foxsports.com/nba/story/curry-scores-22-warriors-roll-to-109-89-win-over-mavs-030715","preview":"http://www.foxsports.com/nba/story/mavericks-warriors-preview-030615","odds":"/nba/odds#27710","tickets":"http://www.awin1.com/cread.php?awinmid=4292&awinaffid=143258&clickref=nba&p=http://www.ticketsnow.com/InventoryBrowse/TicketList.aspx?PID=1606226"}}]