[{"Id":27677,"GameState":2,"Date":"2015-03-20 19:00","SeasonType":1,"GameType":1,"AwayTeamId":4,"AwayLeader":"A Shved 25 pts","HomeTeamId":6,"HomeLeader":"N Noel 23 pts","AwayRecord":"14-55","HomeRecord":"17-52","AwayScore":81,"HomeScore":97,"WinningTeamId":6,"Links":{"gametrax":"/nba/gameTrax?gameId=2015032020","boxscore":"/nba/boxscore?gameId=2015032020","recap":"http://www.foxsports.com/nba/story/philadelphia-76ers-down-new-york-knicks-032015","preview":"http://www.foxsports.com/nba/story/knicks-76ers-preview-032015","odds":"/nba/odds#27677","tickets":"http://www.awin1.com/cread.php?awinmid=4292&awinaffid=143258&clickref=nba&p=http://www.ticketsnow.com/InventoryBrowse/TicketList.aspx?PID=1607601"}},{"Id":28699,"GameState":2,"Date":"2015-03-20 19:00","SeasonType":1,"GameType":1,"AwayTeamId":25,"AwayLeader":"L Aldridge 31 pts","HomeTeamId":5,"HomeLeader":"E Payton 22 pts","AwayRecord":"44-23","HomeRecord":"22-49","AwayScore":104,"HomeScore":111,"WinningTeamId":5,"Links":{"gametrax":"/nba/gameTrax?gameId=2015032019","boxscore":"/nba/boxscore?gameId=2015032019","recap":"http://www.foxsports.com/nba/story/orlando-magic-top-portland-trail-blazers-elfrid-payton-has-second-straight-triple-double-032015","preview":"http://www.foxsports.com/nba/story/trail-blazers-magic-preview-031915","odds":"/nba/odds#28699","tickets":"http://www.awin1.com/cread.php?awinmid=4292&awinaffid=143258&clickref=nba&p=http://www.ticketsnow.com/InventoryBrowse/TicketList.aspx?PID=1607202"}},{"Id":27923,"GameState":2,"Date":"2015-03-20 19:30","SeasonType":1,"GameType":1,"AwayTeamId":13,"AwayLeader":"G Hill 24 pts","HomeTeamId":11,"HomeLeader":"L James 29 pts","AwayRecord":"30-38","HomeRecord":"45-26","AwayScore":92,"HomeScore":95,"WinningTeamId":11,"Links":{"gametrax":"/nba/gameTrax?gameId=2015032005","boxscore":"/nba/boxscore?gameId=2015032005","recap":"http://www.foxsports.com/nba/story/lebron-james-scores-29-points-cavs-edge-pacers-95-92-032015","preview":"http://www.foxsports.com/nba/story/pacers-cavaliers-preview-031915","odds":"/nba/odds#27923","tickets":"http://www.awin1.com/cread.php?awinmid=4292&awinaffid=143258&clickref=nba&p=http://www.ticketsnow.com/InventoryBrowse/TicketList.aspx?PID=1607455"}},{"Id":28372,"GameState":2,"Date":"2015-03-20 19:30","SeasonType":1,"GameType":1,"AwayTeamId":16,"AwayLeader":"K Faried 20 pts","HomeTeamId":2,"HomeLeader":"D Wade 22 pts","AwayRecord":"26-44","HomeRecord":"32-36","AwayScore":91,"HomeScore":108,"WinningTeamId":2,"Links":{"gametrax":"/nba/gameTrax?gameId=2015032014","boxscore":"/nba/boxscore?gameId=2015032014","recap":"http://www.foxsports.com/nba/story/miami-heat-top-denver-nuggets-032015","preview":"http://www.foxsports.com/nba/story/nuggets-heat-preview-032015","odds":"/nba/odds#28372","tickets":"http://www.awin1.com/cread.php?awinmid=4292&awinaffid=143258&clickref=nba&p=http://www.ticketsnow.com/InventoryBrowse/TicketList.aspx?PID=1606501"}},{"Id":28739,"GameState":2,"FinalText":"3OT","Date":"2015-03-20 19:30","SeasonType":1,"GameType":1,"AwayTeamId":14,"AwayLeader":"K Middleton 29 pts","HomeTeamId":3,"HomeLeader":"B Lopez 32 pts","AwayRecord":"34-35","HomeRecord":"28-39","AwayScore":127,"HomeScore":129,"WinningTeamId":3,"Links":{"gametrax":"/nba/gameTrax?gameId=2015032017","boxscore":"/nba/boxscore?gameId=2015032017","recap":"http://www.foxsports.com/nba/story/brooklyn-nets-edge-milwaukee-bucks-in-3ot-032015","preview":"http://www.foxsports.com/nba/story/bucks-nets-preview-031915","odds":"/nba/odds#28739","tickets":"http://www.awin1.com/cread.php?awinmid=4292&awinaffid=143258&clickref=nba&p=http://www.ticketsnow.com/InventoryBrowse/TicketList.aspx?PID=1605469"}},{"Id":28005,"GameState":2,"Date":"2015-03-20 20:00","SeasonType":1,"GameType":1,"AwayTeamId":30,"AwayLeader":"D DeRozan 27 pts","HomeTeamId":10,"HomeLeader":"N Mirotic 29 pts","AwayRecord":"41-28","HomeRecord":"42-28","AwayScore":92,"HomeScore":108,"WinningTeamId":10,"Links":{"gametrax":"/nba/gameTrax?gameId=2015032004","boxscore":"/nba/boxscore?gameId=2015032004","recap":"http://www.foxsports.com/nba/story/chicago-bulls-beat-toronto-raptors-032015","preview":"http://www.foxsports.com/nba/story/raptors-bulls-preview-031915","odds":"/nba/odds#28005","tickets":"http://www.awin1.com/cread.php?awinmid=4292&awinaffid=143258&clickref=nba&p=http://www.ticketsnow.com/InventoryBrowse/TicketList.aspx?PID=1605997"}},{"Id":28617,"GameState":2,"Date":"2015-03-20 20:00","SeasonType":1,"GameType":1,"AwayTeamId":8,"AwayLeader":"P Antic 22 pts","HomeTeamId":27,"HomeLeader":"R Westbrook 36 pts","AwayRecord":"53-16","HomeRecord":"39-30","AwayScore":115,"HomeScore":123,"WinningTeamId":27,"Links":{"gametrax":"/nba/gameTrax?gameId=2015032025","boxscore":"/nba/boxscore?gameId=2015032025","recap":"http://www.foxsports.com/nba/story/oklahoma-city-thunder-handle-atlanta-hawks-russell-westbrook-has-another-triple-double-032015","preview":"http://www.foxsports.com/nba/story/hawks-thunder-preview-032015","odds":"/nba/odds#28617","tickets":"http://www.awin1.com/cread.php?awinmid=4292&awinaffid=143258&clickref=nba&p=http://www.ticketsnow.com/InventoryBrowse/TicketList.aspx?PID=1607153"}},{"Id":28414,"GameState":2,"Date":"2015-03-20 20:30","SeasonType":1,"GameType":1,"AwayTeamId":31,"AwayLeader":"Z Randolph 21 pts","HomeTeamId":15,"HomeLeader":"D Nowitzki 16 pts","AwayRecord":"48-21","HomeRecord":"44-26","AwayScore":112,"HomeScore":101,"WinningTeamId":31,"Links":{"gametrax":"/nba/gameTrax?gameId=2015032006","boxscore":"/nba/boxscore?gameId=2015032006","recap":"http://www.foxsports.com/nba/story/memphis-grizzlies-down-dallas-mavericks-032015","preview":"http://www.foxsports.com/nba/story/grizzlies-mavericks-preview-031915","odds":"/nba/odds#28414","tickets":"http://www.awin1.com/cread.php?awinmid=4292&awinaffid=143258&clickref=nba&p=http://www.ticketsnow.com/InventoryBrowse/TicketList.aspx?PID=1606046"}},{"Id":28494,"GameState":2,"Date":"2015-03-20 20:30","SeasonType":1,"GameType":1,"AwayTeamId":1,"AwayLeader":"E Turner 17 pts","HomeTeamId":19,"HomeLeader":"K Leonard 22 pts","AwayRecord":"30-38","HomeRecord":"43-25","AwayScore":89,"HomeScore":101,"WinningTeamId":19,"Links":{"gametrax":"/nba/gameTrax?gameId=2015032024","boxscore":"/nba/boxscore?gameId=2015032024","recap":"http://www.foxsports.com/nba/story/san-antonio-spurs-handle-boston-celtics-032015","preview":"http://www.foxsports.com/nba/story/celtics-spurs-preview-031915","odds":"/nba/odds#28494","tickets":"http://www.awin1.com/cread.php?awinmid=4292&awinaffid=143258&clickref=nba&p=http://www.ticketsnow.com/InventoryBrowse/TicketList.aspx?PID=1607363"}},{"Id":27882,"GameState":2,"Date":"2015-03-20 22:00","SeasonType":1,"GameType":1,"AwayTeamId":32,"AwayLeader":"G Henderson 20 pts","HomeTeamId":26,"HomeLeader":"R Gay 33 pts","AwayRecord":"29-38","HomeRecord":"23-45","AwayScore":91,"HomeScore":101,"WinningTeamId":26,"Links":{"gametrax":"/nba/gameTrax?gameId=2015032023","boxscore":"/nba/boxscore?gameId=2015032023","recap":"http://www.foxsports.com/nba/story/sacramento-kings-top-charlotte-hornets-032115","preview":"http://www.foxsports.com/nba/story/hornets-kings-preview-031915","odds":"/nba/odds#27882","tickets":"http://www.awin1.com/cread.php?awinmid=4292&awinaffid=143258&clickref=nba&p=http://www.ticketsnow.com/InventoryBrowse/TicketList.aspx?PID=1607320"}},{"Id":27716,"GameState":2,"Date":"2015-03-20 22:30","SeasonType":1,"GameType":1,"AwayTeamId":9,"AwayLeader":"N Cole 16 pts","HomeTeamId":21,"HomeLeader":"H Barnes 22 pts","AwayRecord":"37-32","HomeRecord":"55-13","AwayScore":96,"HomeScore":112,"WinningTeamId":21,"Links":{"gametrax":"/nba/gameTrax?gameId=2015032009","boxscore":"/nba/boxscore?gameId=2015032009","recap":"http://www.foxsports.com/nba/story/golden-state-warriors-top-new-orleans-pelicans-032115","preview":"http://www.foxsports.com/nba/story/pelicans-warriors-preview-032015","odds":"/nba/odds#27716","tickets":"http://www.awin1.com/cread.php?awinmid=4292&awinaffid=143258&clickref=nba&p=http://www.ticketsnow.com/InventoryBrowse/TicketList.aspx?PID=1606232"}},{"Id":28209,"GameState":2,"Date":"2015-03-20 22:30","SeasonType":1,"GameType":1,"AwayTeamId":7,"AwayLeader":"J Wall 19 pts","HomeTeamId":22,"HomeLeader":"C Paul 30 pts","AwayRecord":"40-29","HomeRecord":"45-25","AwayScore":99,"HomeScore":113,"WinningTeamId":22,"Links":{"gametrax":"/nba/gameTrax?gameId=2015032012","boxscore":"/nba/boxscore?gameId=2015032012","recap":"http://www.foxsports.com/nba/story/los-angeles-clippers-down-washington-wizards-032115","preview":"http://www.foxsports.com/nba/story/wizards-clippers-preview-031915","odds":"/nba/odds#28209","tickets":"http://www.awin1.com/cread.php?awinmid=4292&awinaffid=143258&clickref=nba&p=http://www.ticketsnow.com/InventoryBrowse/TicketList.aspx?PID=1606335"}}]