[{"Id":28594,"GameState":2,"Date":"2014-12-11 20:00","SeasonType":1,"GameType":1,"AwayTeamId":11,"AwayLeader":"K Irving 20 pts","HomeTeamId":27,"HomeLeader":"R Westbrook 26 pts","AwayRecord":"13-8","HomeRecord":"9-13","AwayScore":94,"HomeScore":103,"WinningTeamId":27,"Links":{"gametrax":"/nba/gameTrax?gameId=2014121125","boxscore":"/nba/boxscore?gameId=2014121125","recap":"http://www.foxsports.com/nba/story/oklahoma-city-thunder-defeat-cleveland-cavaliers-kevin-durant-russell-westbrook-kyrie-irving-121114","preview":"http://www.foxsports.com/nba/story/cavaliers-thunder-preview-121014","odds":"/nba/odds#28594","tickets":"http://www.awin1.com/cread.php?awinmid=4292&awinaffid=143258&clickref=nba&p=http://www.ticketsnow.com/InventoryBrowse/TicketList.aspx?PID=1607130"}},{"Id":27859,"GameState":2,"FinalText":"OT","Date":"2014-12-11 22:30","SeasonType":1,"GameType":1,"AwayTeamId":17,"AwayLeader":"J Harden 44 pts","HomeTeamId":26,"HomeLeader":"D Collison 24 pts","AwayRecord":"17-5","HomeRecord":"11-12","AwayScore":113,"HomeScore":109,"WinningTeamId":17,"Links":{"gametrax":"/nba/gameTrax?gameId=2014121123","boxscore":"/nba/boxscore?gameId=2014121123","recap":"http://www.foxsports.com/nba/story/houston-rockets-down-sacramento-kings-as-james-harden-stars-121214","preview":"http://www.foxsports.com/nba/story/rockets-kings-preview-121114","odds":"/nba/odds#27859","tickets":"http://www.awin1.com/cread.php?awinmid=4292&awinaffid=143258&clickref=nba&p=http://www.ticketsnow.com/InventoryBrowse/TicketList.aspx?PID=1607297"}}]