[{"Id":27628,"GameState":2,"Date":"2015-02-09 19:00","SeasonType":1,"GameType":1,"AwayTeamId":5,"AwayLeader":"E Fournier 18 pts","HomeTeamId":7,"HomeLeader":"R Butler 15 pts","AwayRecord":"16-39","HomeRecord":"33-20","AwayScore":80,"HomeScore":96,"WinningTeamId":7,"Links":{"gametrax":"/nba/gameTrax?gameId=2015020927","boxscore":"/nba/boxscore?gameId=2015020927","recap":"http://www.foxsports.com/nba/story/john-wall-just-misses-triple-double-washington-wizards-sweep-season-series-vs-orlando-magic-020915","preview":"http://www.foxsports.com/nba/story/magic-wizards-preview-020815","odds":"/nba/odds#27628","tickets":"http://www.awin1.com/cread.php?awinmid=4292&awinaffid=143258&clickref=nba&p=http://www.ticketsnow.com/InventoryBrowse/TicketList.aspx?PID=1607400"}},{"Id":27667,"GameState":2,"Date":"2015-02-09 19:00","SeasonType":1,"GameType":1,"AwayTeamId":21,"AwayLeader":"S Curry 20 pts","HomeTeamId":6,"HomeLeader":"R Covington 21 pts","AwayRecord":"41-9","HomeRecord":"12-41","AwayScore":89,"HomeScore":84,"WinningTeamId":21,"Links":{"gametrax":"/nba/gameTrax?gameId=2015020920","boxscore":"/nba/boxscore?gameId=2015020920","recap":"http://www.foxsports.com/nba/story/golden-state-warriors-hold-off-philadelphia-76ers-020915","preview":"http://www.foxsports.com/nba/story/warriors-76ers-preview-020815","odds":"/nba/odds#27667","tickets":"http://www.awin1.com/cread.php?awinmid=4292&awinaffid=143258&clickref=nba&p=http://www.ticketsnow.com/InventoryBrowse/TicketList.aspx?PID=1607591"}},{"Id":28321,"GameState":2,"Date":"2015-02-09 19:00","SeasonType":1,"GameType":1,"AwayTeamId":19,"AwayLeader":"T Parker 19 pts","HomeTeamId":13,"HomeLeader":"R Stuckey 18 pts","AwayRecord":"33-19","HomeRecord":"20-33","AwayScore":95,"HomeScore":93,"WinningTeamId":19,"Links":{"gametrax":"/nba/gameTrax?gameId=2015020911","boxscore":"/nba/boxscore?gameId=2015020911","recap":"http://www.foxsports.com/nba/story/gregg-popovich-gets-1000th-win-as-san-antonio-spurs-beat-indiana-pacers-020915","preview":"http://www.foxsports.com/nba/story/spurs-pacers-preview-020915","odds":"/nba/odds#28321","tickets":"http://www.awin1.com/cread.php?awinmid=4292&awinaffid=143258&clickref=nba&p=http://www.ticketsnow.com/InventoryBrowse/TicketList.aspx?PID=1606272"}},{"Id":28361,"GameState":2,"Date":"2015-02-09 19:30","SeasonType":1,"GameType":1,"AwayTeamId":4,"AwayLeader":"C Anthony 26 pts","HomeTeamId":2,"HomeLeader":"C Bosh 32 pts","AwayRecord":"10-42","HomeRecord":"22-29","AwayScore":95,"HomeScore":109,"WinningTeamId":2,"Links":{"gametrax":"/nba/gameTrax?gameId=2015020914","boxscore":"/nba/boxscore?gameId=2015020914","recap":"http://www.foxsports.com/nba/story/miami-heat-s-biggest-comeback-of-season-comes-at-new-york-knicks-expense-020915","preview":"http://www.foxsports.com/nba/story/knicks-heat-preview-020815","odds":"/nba/odds#28361","tickets":"http://www.awin1.com/cread.php?awinmid=4292&awinaffid=143258&clickref=nba&p=http://www.ticketsnow.com/InventoryBrowse/TicketList.aspx?PID=1606487"}},{"Id":27954,"GameState":2,"Date":"2015-02-09 20:00","SeasonType":1,"GameType":1,"AwayTeamId":8,"AwayLeader":"A Horford 28 pts","HomeTeamId":18,"HomeLeader":"K Martin 21 pts","AwayRecord":"43-10","HomeRecord":"11-41","AwayScore":117,"HomeScore":105,"WinningTeamId":8,"Links":{"gametrax":"/nba/gameTrax?gameId=2015020916","boxscore":"/nba/boxscore?gameId=2015020916","recap":"http://www.foxsports.com/nba/story/atlanta-hawks-back-on-track-with-victory-over-minnesota-timberwolves-020915","preview":"http://www.foxsports.com/nba/story/hawks-timberwolves-preview-020915","odds":"/nba/odds#27954","tickets":"http://www.awin1.com/cread.php?awinmid=4292&awinaffid=143258&clickref=nba&p=http://www.ticketsnow.com/InventoryBrowse/TicketList.aspx?PID=1606763"}},{"Id":28074,"GameState":2,"Date":"2015-02-09 20:00","SeasonType":1,"GameType":1,"AwayTeamId":3,"AwayLeader":"J Jack 26 pts","HomeTeamId":14,"HomeLeader":"J Dudley 19 pts","AwayRecord":"21-30","HomeRecord":"29-23","AwayScore":97,"HomeScore":103,"WinningTeamId":14,"Links":{"gametrax":"/nba/gameTrax?gameId=2015020915","boxscore":"/nba/boxscore?gameId=2015020915","recap":"http://www.foxsports.com/nba/story/milwaukee-bucks-rally-from-17-points-down-to-beat-brooklyn-nets-020915","preview":"http://www.foxsports.com/nba/story/nets-bucks-preview-020815","odds":"/nba/odds#28074","tickets":"http://www.awin1.com/cread.php?awinmid=4292&awinaffid=143258&clickref=nba&p=http://www.ticketsnow.com/InventoryBrowse/TicketList.aspx?PID=1606539"}},{"Id":28445,"GameState":2,"Date":"2015-02-09 20:00","SeasonType":1,"GameType":1,"AwayTeamId":20,"AwayLeader":"G Hayward 32 pts","HomeTeamId":9,"HomeLeader":"E Gordon 31 pts","AwayRecord":"19-33","HomeRecord":"27-25","AwayScore":100,"HomeScore":96,"WinningTeamId":20,"Links":{"gametrax":"/nba/gameTrax?gameId=2015020903","boxscore":"/nba/boxscore?gameId=2015020903","recap":"http://www.foxsports.com/nba/story/as-anthony-davis-sits-out-with-injury-new-orleans-pelicans-fall-to-utah-jazz-020915","preview":"http://www.foxsports.com/nba/story/jazz-pelicans-preview-020915","odds":"/nba/odds#28445","tickets":"http://www.awin1.com/cread.php?awinmid=4292&awinaffid=143258&clickref=nba&p=http://www.ticketsnow.com/InventoryBrowse/TicketList.aspx?PID=1606876"}},{"Id":28403,"GameState":2,"Date":"2015-02-09 20:30","SeasonType":1,"GameType":1,"AwayTeamId":22,"AwayLeader":"C Paul 25 pts","HomeTeamId":15,"HomeLeader":"C Villanueva 26 pts","AwayRecord":"34-19","HomeRecord":"35-19","AwayScore":115,"HomeScore":98,"WinningTeamId":22,"Links":{"gametrax":"/nba/gameTrax?gameId=2015020906","boxscore":"/nba/boxscore?gameId=2015020906","recap":"http://www.foxsports.com/nba/story/dallas-mavericks-tyson-chandler-monta-ellis-injury-in-loss-to-los-angeles-clippers-020915","preview":"http://www.foxsports.com/nba/story/clippers-mavericks-preview-020815","odds":"/nba/odds#28403","tickets":"http://www.awin1.com/cread.php?awinmid=4292&awinaffid=143258&clickref=nba&p=http://www.ticketsnow.com/InventoryBrowse/TicketList.aspx?PID=1606033"}},{"Id":28158,"GameState":2,"Date":"2015-02-09 21:00","SeasonType":1,"GameType":1,"AwayTeamId":27,"AwayLeader":"K Durant 40 pts","HomeTeamId":16,"HomeLeader":"W Chandler 23 pts","AwayRecord":"27-25","HomeRecord":"19-33","AwayScore":124,"HomeScore":114,"WinningTeamId":27,"Links":{"gametrax":"/nba/gameTrax?gameId=2015020907","boxscore":"/nba/boxscore?gameId=2015020907","recap":"http://www.foxsports.com/nba/story/kevin-durant-scores-40-to-boost-oklahoma-city-thunder-over-denver-nuggets-020915","preview":"http://www.foxsports.com/nba/story/thunder-nuggets-preview-020815","odds":"/nba/odds#28158","tickets":"http://www.awin1.com/cread.php?awinmid=4292&awinaffid=143258&clickref=nba&p=http://www.ticketsnow.com/InventoryBrowse/TicketList.aspx?PID=1607493"}}]