[{"Id":28132,"GameState":2,"Date":"2015-04-15 19:00","SeasonType":1,"GameType":1,"AwayTeamId":32,"AwayLeader":"T Daniels 24 pts","HomeTeamId":30,"HomeLeader":"K Lowry 26 pts","AwayRecord":"33-49","HomeRecord":"49-33","AwayScore":87,"HomeScore":92,"WinningTeamId":30,"Links":{"gametrax":"/nba/gameTrax?gameId=2015041528","boxscore":"/nba/boxscore?gameId=2015041528","recap":"http://www.foxsports.com/nba/story/toronto-raptors-top-charlotte-hornets-for-franchise-record-49th-win-041515","preview":"http://www.foxsports.com/nba/story/hornets-raptors-preview-041515","odds":"/nba/odds#28132"}},{"Id":27682,"GameState":2,"Date":"2015-04-15 20:00","SeasonType":1,"GameType":1,"AwayTeamId":2,"AwayLeader":"M Beasley 34 pts","HomeTeamId":6,"HomeLeader":"J Sampson 22 pts","AwayRecord":"37-45","HomeRecord":"18-64","AwayScore":105,"HomeScore":101,"WinningTeamId":2,"Links":{"gametrax":"/nba/gameTrax?gameId=2015041520","boxscore":"/nba/boxscore?gameId=2015041520","recap":"http://www.foxsports.com/nba/story/miami-heat-top-philadelphia-76ers-in-game-with-draft-pick-implications-041515","preview":"http://www.foxsports.com/nba/story/heat-76ers-preview-041515","odds":"/nba/odds#27682","tickets":"http://www.awin1.com/cread.php?awinmid=4292&awinaffid=143258&clickref=nba&p=http://www.ticketsnow.com/InventoryBrowse/TicketList.aspx?PID=1607606"}},{"Id":27806,"GameState":2,"Date":"2015-04-15 20:00","SeasonType":1,"GameType":1,"AwayTeamId":12,"AwayLeader":"R Jackson 24 pts","HomeTeamId":4,"HomeLeader":"T Hardaway Jr. 25 pts","AwayRecord":"32-50","HomeRecord":"17-65","AwayScore":112,"HomeScore":90,"WinningTeamId":12,"Links":{"gametrax":"/nba/gameTrax?gameId=2015041518","boxscore":"/nba/boxscore?gameId=2015041518","recap":"http://www.foxsports.com/nba/story/new-york-knicks-end-franchise-worst-season-with-loss-to-detroit-pistons-041515","preview":"http://www.foxsports.com/nba/story/pistons-knicks-preview-041415","odds":"/nba/odds#27806","tickets":"http://www.awin1.com/cread.php?awinmid=4292&awinaffid=143258&clickref=nba&p=http://www.ticketsnow.com/InventoryBrowse/TicketList.aspx?PID=1607056"}},{"Id":27929,"GameState":2,"FinalText":"OT","Date":"2015-04-15 20:00","SeasonType":1,"GameType":1,"AwayTeamId":7,"AwayLeader":"M Webster 20 pts","HomeTeamId":11,"HomeLeader":"K Love 19 pts","AwayRecord":"46-36","HomeRecord":"53-29","AwayScore":108,"HomeScore":113,"WinningTeamId":11,"Links":{"gametrax":"/nba/gameTrax?gameId=2015041505","boxscore":"/nba/boxscore?gameId=2015041505","recap":"http://www.foxsports.com/nba/story/cleveland-cavaliers-edge-washington-wizards-in-ot-as-lebron-james-sits-out-041515","preview":"http://www.foxsports.com/nba/story/wizards-cavaliers-preview-041515","odds":"/nba/odds#27929","tickets":"http://www.awin1.com/cread.php?awinmid=4292&awinaffid=143258&clickref=nba&p=http://www.ticketsnow.com/InventoryBrowse/TicketList.aspx?PID=1607461"}},{"Id":27969,"GameState":2,"Date":"2015-04-15 20:00","SeasonType":1,"GameType":1,"AwayTeamId":27,"AwayLeader":"R Westbrook 37 pts","HomeTeamId":18,"HomeLeader":"K Martin 29 pts","AwayRecord":"45-37","HomeRecord":"16-66","AwayScore":138,"HomeScore":113,"WinningTeamId":27,"Links":{"gametrax":"/nba/gameTrax?gameId=2015041516","boxscore":"/nba/boxscore?gameId=2015041516","recap":"http://www.foxsports.com/nba/story/oklahoma-city-thunder-miss-playoffs-despite-russell-westrook-scoring-title-win-over-minnesota-timberwolves-041515","preview":"http://www.foxsports.com/nba/story/thunder-timberwolves-preview-041415","odds":"/nba/odds#27969","tickets":"http://www.awin1.com/cread.php?awinmid=4292&awinaffid=143258&clickref=nba&p=http://www.ticketsnow.com/InventoryBrowse/TicketList.aspx?PID=1606778"}},{"Id":28010,"GameState":2,"Date":"2015-04-15 20:00","SeasonType":1,"GameType":1,"AwayTeamId":8,"AwayLeader":"D Schroder 21 pts","HomeTeamId":10,"HomeLeader":"A Brooks 23 pts","AwayRecord":"60-22","HomeRecord":"50-32","AwayScore":85,"HomeScore":91,"WinningTeamId":10,"Links":{"gametrax":"/nba/gameTrax?gameId=2015041504","boxscore":"/nba/boxscore?gameId=2015041504","recap":"http://www.foxsports.com/nba/story/chicago-bulls-rally-past-atlanta-hawks-041515","preview":"http://www.foxsports.com/nba/story/hawks-bulls-preview-041415","odds":"/nba/odds#28010","tickets":"http://www.awin1.com/cread.php?awinmid=4292&awinaffid=143258&clickref=nba&p=http://www.ticketsnow.com/InventoryBrowse/TicketList.aspx?PID=1606002"}},{"Id":28091,"GameState":2,"Date":"2015-04-15 20:00","SeasonType":1,"GameType":1,"AwayTeamId":1,"AwayLeader":"L Datome 22 pts","HomeTeamId":14,"HomeLeader":"E Ilyasova 21 pts","AwayRecord":"40-42","HomeRecord":"41-41","AwayScore":105,"HomeScore":100,"WinningTeamId":1,"Links":{"gametrax":"/nba/gameTrax?gameId=2015041515","boxscore":"/nba/boxscore?gameId=2015041515","recap":"http://www.foxsports.com/nba/story/boston-celtics-top-milwaukee-bucks-for-6th-straight-win-041515","preview":"http://www.foxsports.com/nba/story/celtics-bucks-preview-041515","odds":"/nba/odds#28091","tickets":"http://www.awin1.com/cread.php?awinmid=4292&awinaffid=143258&clickref=nba&p=http://www.ticketsnow.com/InventoryBrowse/TicketList.aspx?PID=1606556"}},{"Id":28419,"GameState":2,"Date":"2015-04-15 20:00","SeasonType":1,"GameType":1,"AwayTeamId":25,"AwayLeader":"L Aldridge 19 pts","HomeTeamId":15,"HomeLeader":"T Chandler 22 pts","AwayRecord":"51-31","HomeRecord":"50-32","AwayScore":98,"HomeScore":114,"WinningTeamId":15,"Links":{"gametrax":"/nba/gameTrax?gameId=2015041506","boxscore":"/nba/boxscore?gameId=2015041506","recap":"http://www.foxsports.com/nba/story/mavs-top-blazers-114-98-learn-rockets-will-be-playoff-foe-041515","preview":"http://www.foxsports.com/nba/story/trail-blazers-mavericks-preview-041415","odds":"/nba/odds#28419","tickets":"http://www.awin1.com/cread.php?awinmid=4292&awinaffid=143258&clickref=nba&p=http://www.ticketsnow.com/InventoryBrowse/TicketList.aspx?PID=1606051"}},{"Id":28460,"GameState":2,"Date":"2015-04-15 20:00","SeasonType":1,"GameType":1,"AwayTeamId":19,"AwayLeader":"T Parker 23 pts","HomeTeamId":9,"HomeLeader":"A Davis 31 pts","AwayRecord":"55-27","HomeRecord":"45-37","AwayScore":103,"HomeScore":108,"WinningTeamId":9,"Links":{"gametrax":"/nba/gameTrax?gameId=2015041503","boxscore":"/nba/boxscore?gameId=2015041503","recap":"http://www.foxsports.com/nba/story/new-orleans-pelicans-beat-san-antonio-spurs-to-earn-final-playoff-spot-in-western-conference-041515","preview":"http://www.foxsports.com/nba/story/spurs-pelicans-preview-041415","odds":"/nba/odds#28460","tickets":"http://www.awin1.com/cread.php?awinmid=4292&awinaffid=143258&clickref=nba&p=http://www.ticketsnow.com/InventoryBrowse/TicketList.aspx?PID=1606891"}},{"Id":28542,"GameState":2,"Date":"2015-04-15 20:00","SeasonType":1,"GameType":1,"AwayTeamId":20,"AwayLeader":"B Cotton 14 pts","HomeTeamId":17,"HomeLeader":"J Harden 16 pts","AwayRecord":"38-44","HomeRecord":"56-26","AwayScore":91,"HomeScore":117,"WinningTeamId":17,"Links":{"gametrax":"/nba/gameTrax?gameId=2015041510","boxscore":"/nba/boxscore?gameId=2015041510","recap":"http://www.foxsports.com/nba/story/houston-rockets-beat-utah-jazz-behind-james-harden-triple-double-earn-no-2-playoff-spot-in-western-conference-041515","preview":"http://www.foxsports.com/nba/story/jazz-rockets-preview-041415","odds":"/nba/odds#28542","tickets":"http://www.awin1.com/cread.php?awinmid=4292&awinaffid=143258&clickref=nba&p=http://www.ticketsnow.com/InventoryBrowse/TicketList.aspx?PID=1607559"}},{"Id":28748,"GameState":2,"Date":"2015-04-15 20:00","SeasonType":1,"GameType":1,"AwayTeamId":5,"AwayLeader":"N Vucevic 26 pts","HomeTeamId":3,"HomeLeader":"B Bogdanovic 28 pts","AwayRecord":"25-57","HomeRecord":"38-44","AwayScore":88,"HomeScore":101,"WinningTeamId":3,"Links":{"gametrax":"/nba/gameTrax?gameId=2015041517","boxscore":"/nba/boxscore?gameId=2015041517","recap":"http://www.foxsports.com/nba/story/nets-stay-alive-wait-to-see-if-they-get-playoff-spot-041515","preview":"http://www.foxsports.com/nba/story/magic-nets-preview-041415","odds":"/nba/odds#28748","tickets":"http://www.awin1.com/cread.php?awinmid=4292&awinaffid=143258&clickref=nba&p=http://www.ticketsnow.com/InventoryBrowse/TicketList.aspx?PID=1605477"}},{"Id":28583,"GameState":2,"Date":"2015-04-15 21:30","SeasonType":1,"GameType":1,"AwayTeamId":13,"AwayLeader":"C Miles 26 pts","HomeTeamId":31,"HomeLeader":"M Gasol 33 pts","AwayRecord":"38-44","HomeRecord":"55-27","AwayScore":83,"HomeScore":95,"WinningTeamId":31,"Links":{"gametrax":"/nba/gameTrax?gameId=2015041529","boxscore":"/nba/boxscore?gameId=2015041529","recap":"http://www.foxsports.com/nba/story/indiana-pacers-miss-playoffs-with-loss-to-memphis-grizzlies-paul-george-hurts-other-leg-041615","preview":"http://www.foxsports.com/nba/story/pacers-grizzlies-preview-041515","odds":"/nba/odds#28583","tickets":"http://www.awin1.com/cread.php?awinmid=4292&awinaffid=143258&clickref=nba&p=http://www.ticketsnow.com/InventoryBrowse/TicketList.aspx?PID=1606458"}},{"Id":27723,"GameState":2,"Date":"2015-04-15 22:30","SeasonType":1,"GameType":1,"AwayTeamId":16,"AwayLeader":"D Gallinari 18 pts","HomeTeamId":21,"HomeLeader":"K Thompson 25 pts","AwayRecord":"30-52","HomeRecord":"67-15","AwayScore":126,"HomeScore":133,"WinningTeamId":21,"Links":{"gametrax":"/nba/gameTrax?gameId=2015041509","boxscore":"/nba/boxscore?gameId=2015041509","recap":"http://www.foxsports.com/nba/story/golden-state-warriors-beat-denver-nuggets-for-67th-win-041615","preview":"http://www.foxsports.com/nba/story/nuggets-warriors-preview-041415","odds":"/nba/odds#27723","tickets":"http://www.awin1.com/cread.php?awinmid=4292&awinaffid=143258&clickref=nba&p=http://www.ticketsnow.com/InventoryBrowse/TicketList.aspx?PID=1606239"}},{"Id":28255,"GameState":2,"Date":"2015-04-15 22:30","SeasonType":1,"GameType":1,"AwayTeamId":26,"AwayLeader":"B McLemore 24 pts","HomeTeamId":23,"HomeLeader":"J Brown 32 pts","AwayRecord":"29-53","HomeRecord":"21-61","AwayScore":122,"HomeScore":99,"WinningTeamId":26,"Links":{"gametrax":"/nba/gameTrax?gameId=2015041513","boxscore":"/nba/boxscore?gameId=2015041513","recap":"http://www.foxsports.com/nba/story/los-angeles-lakers-end-franchise-worst-season-with-loss-to-sacramento-kings-041615","preview":"http://www.foxsports.com/nba/story/kings-lakers-preview-041415","odds":"/nba/odds#28255","tickets":"http://www.awin1.com/cread.php?awinmid=4292&awinaffid=143258&clickref=nba&p=http://www.ticketsnow.com/InventoryBrowse/TicketList.aspx?PID=1606412"}}]