[{"Id":28319,"GameState":2,"Date":"2015-02-04 19:00","SeasonType":1,"GameType":1,"AwayTeamId":12,"AwayLeader":"A Drummond 18 pts","HomeTeamId":13,"HomeLeader":"G Hill 20 pts","AwayRecord":"19-31","HomeRecord":"18-32","AwayScore":109,"HomeScore":114,"WinningTeamId":13,"Links":{"gametrax":"/nba/gameTrax?gameId=2015020411","boxscore":"/nba/boxscore?gameId=2015020411","recap":"http://www.foxsports.com/nba/story/indiana-pacers-down-detroit-pistons-020415","preview":"http://www.foxsports.com/nba/story/pistons-pacers-preview-020415","odds":"/nba/odds#28319","tickets":"http://www.awin1.com/cread.php?awinmid=4292&awinaffid=143258&clickref=nba&p=http://www.ticketsnow.com/InventoryBrowse/TicketList.aspx?PID=1606270"}},{"Id":27543,"GameState":2,"Date":"2015-02-04 19:30","SeasonType":1,"GameType":1,"AwayTeamId":16,"AwayLeader":"T Lawson 23 pts","HomeTeamId":1,"HomeLeader":"M Thornton 17 pts","AwayRecord":"19-31","HomeRecord":"18-30","AwayScore":100,"HomeScore":104,"WinningTeamId":1,"Links":{"gametrax":"/nba/gameTrax?gameId=2015020402","boxscore":"/nba/boxscore?gameId=2015020402","recap":"http://www.foxsports.com/nba/story/boston-celtics-beat-denver-nuggets-020415","preview":"http://www.foxsports.com/nba/story/nuggets-celtics-preview-020415","odds":"/nba/odds#27543","tickets":"http://www.awin1.com/cread.php?awinmid=4292&awinaffid=143258&clickref=nba&p=http://www.ticketsnow.com/InventoryBrowse/TicketList.aspx?PID=1605885"}},{"Id":28118,"GameState":2,"Date":"2015-02-04 19:30","SeasonType":1,"GameType":1,"AwayTeamId":3,"AwayLeader":"J Jack 24 pts","HomeTeamId":30,"HomeLeader":"T Ross 23 pts","AwayRecord":"20-28","HomeRecord":"33-17","AwayScore":109,"HomeScore":93,"WinningTeamId":3,"Links":{"gametrax":"/nba/gameTrax?gameId=2015020428","boxscore":"/nba/boxscore?gameId=2015020428","recap":"http://www.foxsports.com/nba/story/brooklyn-nets-rout-toronto-raptors-020415","preview":"http://www.foxsports.com/nba/story/nets-raptors-preview-020315","odds":"/nba/odds#28118"}},{"Id":28282,"GameState":2,"Date":"2015-02-04 19:30","SeasonType":1,"GameType":1,"AwayTeamId":7,"AwayLeader":"J Wall 24 pts","HomeTeamId":8,"HomeLeader":"J Teague 26 pts","AwayRecord":"31-19","HomeRecord":"41-9","AwayScore":96,"HomeScore":105,"WinningTeamId":8,"Links":{"gametrax":"/nba/gameTrax?gameId=2015020401","boxscore":"/nba/boxscore?gameId=2015020401","recap":"http://www.foxsports.com/nba/story/atlanta-hawks-beat-washington-wizards-start-new-win-streak-020415","preview":"http://www.foxsports.com/nba/story/wizards-hawks-preview-020415","odds":"/nba/odds#28282","tickets":"http://www.awin1.com/cread.php?awinmid=4292&awinaffid=143258&clickref=nba&p=http://www.ticketsnow.com/InventoryBrowse/TicketList.aspx?PID=1605839"}},{"Id":27952,"GameState":2,"Date":"2015-02-04 20:00","SeasonType":1,"GameType":1,"AwayTeamId":2,"AwayLeader":"H Whiteside 24 pts","HomeTeamId":18,"HomeLeader":"K Martin 30 pts","AwayRecord":"21-28","HomeRecord":"9-40","AwayScore":101,"HomeScore":102,"WinningTeamId":18,"Links":{"gametrax":"/nba/gameTrax?gameId=2015020416","boxscore":"/nba/boxscore?gameId=2015020416","recap":"http://www.foxsports.com/nba/story/minnesota-timberwolves-top-miami-heat-in-ricky-rubio-s-return-020415","preview":"http://www.foxsports.com/nba/story/heat-timberwolves-preview-020415","odds":"/nba/odds#27952","tickets":"http://www.awin1.com/cread.php?awinmid=4292&awinaffid=143258&clickref=nba&p=http://www.ticketsnow.com/InventoryBrowse/TicketList.aspx?PID=1606761"}},{"Id":28072,"GameState":2,"FinalText":"OT","Date":"2015-02-04 20:00","SeasonType":1,"GameType":1,"AwayTeamId":23,"AwayLeader":"C Boozer 28 pts","HomeTeamId":14,"HomeLeader":"G Antetokounmpo 25 pts","AwayRecord":"13-36","HomeRecord":"27-22","AwayScore":105,"HomeScore":113,"WinningTeamId":14,"Links":{"gametrax":"/nba/gameTrax?gameId=2015020415","boxscore":"/nba/boxscore?gameId=2015020415","recap":"http://www.foxsports.com/nba/story/milwaukee-bucks-top-los-angeles-lakers-in-ot-for-5th-straight-win-020415","preview":"http://www.foxsports.com/nba/story/lakers-bucks-preview-020315","odds":"/nba/odds#28072","tickets":"http://www.awin1.com/cread.php?awinmid=4292&awinaffid=143258&clickref=nba&p=http://www.ticketsnow.com/InventoryBrowse/TicketList.aspx?PID=1606537"}},{"Id":28443,"GameState":2,"Date":"2015-02-04 20:00","SeasonType":1,"GameType":1,"AwayTeamId":27,"AwayLeader":"R Westbrook 45 pts","HomeTeamId":9,"HomeLeader":"A Davis 23 pts","AwayRecord":"25-24","HomeRecord":"26-23","AwayScore":102,"HomeScore":91,"WinningTeamId":27,"Links":{"gametrax":"/nba/gameTrax?gameId=2015020403","boxscore":"/nba/boxscore?gameId=2015020403","recap":"http://www.foxsports.com/nba/story/oklahoma-city-thunder-top-new-orleans-pelicans-russell-westbrook-nets-45-020415","preview":"http://www.foxsports.com/nba/story/thunder-pelicans-preview-020415","odds":"/nba/odds#28443","tickets":"http://www.awin1.com/cread.php?awinmid=4292&awinaffid=143258&clickref=nba&p=http://www.ticketsnow.com/InventoryBrowse/TicketList.aspx?PID=1606874"}},{"Id":28525,"GameState":2,"Date":"2015-02-04 20:00","SeasonType":1,"GameType":1,"AwayTeamId":10,"AwayLeader":"J Butler 27 pts","HomeTeamId":17,"HomeLeader":"J Harden 27 pts","AwayRecord":"30-20","HomeRecord":"34-15","AwayScore":90,"HomeScore":101,"WinningTeamId":17,"Links":{"gametrax":"/nba/gameTrax?gameId=2015020410","boxscore":"/nba/boxscore?gameId=2015020410","recap":"http://www.foxsports.com/nba/story/harden-scores-27-points-and-the-rockets-top-bulls-101-90-020415","preview":"http://www.foxsports.com/nba/story/bulls-rockets-preview-020315","odds":"/nba/odds#28525","tickets":"http://www.awin1.com/cread.php?awinmid=4292&awinaffid=143258&clickref=nba&p=http://www.ticketsnow.com/InventoryBrowse/TicketList.aspx?PID=1607542"}},{"Id":28486,"GameState":2,"Date":"2015-02-04 20:30","SeasonType":1,"GameType":1,"AwayTeamId":5,"AwayLeader":"N Vucevic 25 pts","HomeTeamId":19,"HomeLeader":"T Duncan 26 pts","AwayRecord":"15-37","HomeRecord":"31-18","AwayScore":103,"HomeScore":110,"WinningTeamId":19,"Links":{"gametrax":"/nba/gameTrax?gameId=2015020424","boxscore":"/nba/boxscore?gameId=2015020424","recap":"http://www.foxsports.com/nba/story/san-antonio-spurs-deal-orlando-magic-10th-straight-loss-020415","preview":"http://www.foxsports.com/nba/story/magic-spurs-preview-020315","odds":"/nba/odds#28486","tickets":"http://www.awin1.com/cread.php?awinmid=4292&awinaffid=143258&clickref=nba&p=http://www.ticketsnow.com/InventoryBrowse/TicketList.aspx?PID=1607355"}},{"Id":27583,"GameState":2,"Date":"2015-02-04 21:00","SeasonType":1,"GameType":1,"AwayTeamId":31,"AwayLeader":"M Gasol 23 pts","HomeTeamId":20,"HomeLeader":"T Burke 21 pts","AwayRecord":"37-12","HomeRecord":"17-32","AwayScore":100,"HomeScore":90,"WinningTeamId":31,"Links":{"gametrax":"/nba/gameTrax?gameId=2015020426","boxscore":"/nba/boxscore?gameId=2015020426","recap":"#","preview":"http://www.foxsports.com/nba/story/grizzlies-jazz-preview-020415","odds":"/nba/odds#27583","tickets":"http://www.awin1.com/cread.php?awinmid=4292&awinaffid=143258&clickref=nba&p=http://www.ticketsnow.com/InventoryBrowse/TicketList.aspx?PID=1607633"}},{"Id":27707,"GameState":2,"Date":"2015-02-04 22:30","SeasonType":1,"GameType":1,"AwayTeamId":15,"AwayLeader":"C Parsons 24 pts","HomeTeamId":21,"HomeLeader":"S Curry 51 pts","AwayRecord":"33-18","HomeRecord":"39-8","AwayScore":114,"HomeScore":128,"WinningTeamId":21,"Links":{"gametrax":"/nba/gameTrax?gameId=2015020409","boxscore":"/nba/boxscore?gameId=2015020409","recap":"http://www.foxsports.com/nba/story/golden-state-warriors-rally-past-dallas-mavericks-stephen-curry-scores-51-020515","preview":"http://www.foxsports.com/nba/story/mavericks-warriors-preview-020415","odds":"/nba/odds#27707","tickets":"http://www.awin1.com/cread.php?awinmid=4292&awinaffid=143258&clickref=nba&p=http://www.ticketsnow.com/InventoryBrowse/TicketList.aspx?PID=1606223"}}]