[{"Id":28663,"GameState":2,"Date":"2015-04-04 19:00","SeasonType":1,"GameType":1,"AwayTeamId":6,"AwayLeader":"I Smith 15 pts","HomeTeamId":32,"HomeLeader":"K Walker 24 pts","AwayRecord":"18-59","HomeRecord":"33-43","AwayScore":91,"HomeScore":92,"WinningTeamId":32,"Links":{"gametrax":"/nba/gameTrax?gameId=2015040430","boxscore":"/nba/boxscore?gameId=2015040430","recap":"http://www.foxsports.com/nba/story/charlotte-hornets-edge-philadelphia-76ers-040415","preview":"http://www.foxsports.com/nba/story/76ers-hornets-preview-040315","odds":"/nba/odds#28663","tickets":"http://www.awin1.com/cread.php?awinmid=4292&awinaffid=143258&clickref=nba&p=http://www.ticketsnow.com/InventoryBrowse/TicketList.aspx?PID=1605953"}},{"Id":27761,"GameState":2,"Date":"2015-04-04 19:30","SeasonType":1,"GameType":1,"AwayTeamId":2,"AwayLeader":"D Wade 24 pts","HomeTeamId":12,"HomeLeader":"R Jackson 29 pts","AwayRecord":"34-42","HomeRecord":"30-47","AwayScore":98,"HomeScore":99,"WinningTeamId":12,"Links":{"gametrax":"/nba/gameTrax?gameId=2015040408","boxscore":"/nba/boxscore?gameId=2015040408","recap":"http://www.foxsports.com/nba/story/detroit-pistons-rally-past-miami-heat-040415","preview":"http://www.foxsports.com/nba/story/heat-pistons-preview-040415","odds":"/nba/odds#27761","tickets":"http://www.awin1.com/cread.php?awinmid=4292&awinaffid=143258&clickref=nba&p=http://www.ticketsnow.com/InventoryBrowse/TicketList.aspx?PID=1606187"}},{"Id":28131,"GameState":2,"FinalText":"OT","Date":"2015-04-04 19:30","SeasonType":1,"GameType":1,"AwayTeamId":1,"AwayLeader":"I Thomas 25 pts","HomeTeamId":30,"HomeLeader":"D DeRozan 38 pts","AwayRecord":"35-42","HomeRecord":"45-32","AwayScore":117,"HomeScore":116,"WinningTeamId":1,"Links":{"gametrax":"/nba/gameTrax?gameId=2015040428","boxscore":"/nba/boxscore?gameId=2015040428","recap":"http://www.foxsports.com/nba/story/boston-celtics-top-toronto-raptors-in-ot-on-marcus-smart-shot-040415","preview":"http://www.foxsports.com/nba/story/celtics-raptors-preview-040415","odds":"/nba/odds#28131"}},{"Id":28293,"GameState":2,"Date":"2015-04-04 19:30","SeasonType":1,"GameType":1,"AwayTeamId":3,"AwayLeader":"B Bogdanovic 19 pts","HomeTeamId":8,"HomeLeader":"D Carroll 20 pts","AwayRecord":"35-41","HomeRecord":"57-19","AwayScore":99,"HomeScore":131,"WinningTeamId":8,"Links":{"gametrax":"/nba/gameTrax?gameId=2015040401","boxscore":"/nba/boxscore?gameId=2015040401","recap":"http://www.foxsports.com/nba/story/atlanta-hawks-rip-brooklyn-nets-paul-millsap-hurt-040415","preview":"http://www.foxsports.com/nba/story/nets-hawks-preview-040415","odds":"/nba/odds#28293","tickets":"http://www.awin1.com/cread.php?awinmid=4292&awinaffid=143258&clickref=nba&p=http://www.ticketsnow.com/InventoryBrowse/TicketList.aspx?PID=1605850"}},{"Id":28581,"GameState":2,"Date":"2015-04-04 20:00","SeasonType":1,"GameType":1,"AwayTeamId":7,"AwayLeader":"B Beal 20 pts","HomeTeamId":31,"HomeLeader":"M Gasol 18 pts","AwayRecord":"44-33","HomeRecord":"52-25","AwayScore":92,"HomeScore":83,"WinningTeamId":7,"Links":{"gametrax":"/nba/gameTrax?gameId=2015040429","boxscore":"/nba/boxscore?gameId=2015040429","recap":"#","preview":"http://www.foxsports.com/nba/story/wizards-grizzlies-preview-040415","odds":"/nba/odds#28581","tickets":"http://www.awin1.com/cread.php?awinmid=4292&awinaffid=143258&clickref=nba&p=http://www.ticketsnow.com/InventoryBrowse/TicketList.aspx?PID=1606456"}},{"Id":28088,"GameState":2,"Date":"2015-04-04 20:30","SeasonType":1,"GameType":1,"AwayTeamId":5,"AwayLeader":"T Harris 23 pts","HomeTeamId":14,"HomeLeader":"E Ilyasova 18 pts","AwayRecord":"24-53","HomeRecord":"38-39","AwayScore":97,"HomeScore":90,"WinningTeamId":5,"Links":{"gametrax":"/nba/gameTrax?gameId=2015040415","boxscore":"/nba/boxscore?gameId=2015040415","recap":"http://www.foxsports.com/nba/story/orlando-magic-down-milwaukee-bucks-040415","preview":"http://www.foxsports.com/nba/story/magic-bucks-preview-040415","odds":"/nba/odds#28088","tickets":"http://www.awin1.com/cread.php?awinmid=4292&awinaffid=143258&clickref=nba&p=http://www.ticketsnow.com/InventoryBrowse/TicketList.aspx?PID=1606553"}},{"Id":28417,"GameState":2,"Date":"2015-04-04 20:30","SeasonType":1,"GameType":1,"AwayTeamId":21,"AwayLeader":"K Thompson 21 pts","HomeTeamId":15,"HomeLeader":"D Nowitzki 18 pts","AwayRecord":"63-13","HomeRecord":"46-31","AwayScore":123,"HomeScore":110,"WinningTeamId":21,"Links":{"gametrax":"/nba/gameTrax?gameId=2015040406","boxscore":"/nba/boxscore?gameId=2015040406","recap":"http://www.foxsports.com/nba/story/golden-state-warriors-top-dallas-mavericks-clinch-home-court-040415","preview":"http://www.foxsports.com/nba/story/warriors-mavericks-preview-040315","odds":"/nba/odds#28417","tickets":"http://www.awin1.com/cread.php?awinmid=4292&awinaffid=143258&clickref=nba&p=http://www.ticketsnow.com/InventoryBrowse/TicketList.aspx?PID=1606049"}},{"Id":28170,"GameState":2,"Date":"2015-04-04 21:00","SeasonType":1,"GameType":1,"AwayTeamId":22,"AwayLeader":"J Redick 25 pts","HomeTeamId":16,"HomeLeader":"W Chandler 17 pts","AwayRecord":"51-26","HomeRecord":"28-49","AwayScore":107,"HomeScore":92,"WinningTeamId":22,"Links":{"gametrax":"/nba/gameTrax?gameId=2015040407","boxscore":"/nba/boxscore?gameId=2015040407","recap":"http://www.foxsports.com/nba/story/los-angeles-clippers-top-denver-nuggets-040415","preview":"http://www.foxsports.com/nba/story/clippers-nuggets-preview-040415","odds":"/nba/odds#28170","tickets":"http://www.awin1.com/cread.php?awinmid=4292&awinaffid=143258&clickref=nba&p=http://www.ticketsnow.com/InventoryBrowse/TicketList.aspx?PID=1607505"}},{"Id":27846,"GameState":2,"Date":"2015-04-04 22:00","SeasonType":1,"GameType":1,"AwayTeamId":20,"AwayLeader":"G Hayward 21 pts","HomeTeamId":24,"HomeLeader":"G Green 24 pts","AwayRecord":"34-42","HomeRecord":"39-38","AwayScore":85,"HomeScore":87,"WinningTeamId":24,"Links":{"gametrax":"/nba/gameTrax?gameId=2015040421","boxscore":"/nba/boxscore?gameId=2015040421","recap":"http://www.foxsports.com/nba/story/gerald-green-off-the-bench-scores-24-sun-beat-jazz-87-85-040515","preview":"http://www.foxsports.com/nba/story/jazz-suns-preview-040315","odds":"/nba/odds#27846","tickets":"http://www.awin1.com/cread.php?awinmid=4292&awinaffid=143258&clickref=nba&p=http://www.ticketsnow.com/InventoryBrowse/TicketList.aspx?PID=1607276"}},{"Id":28049,"GameState":2,"Date":"2015-04-04 22:00","SeasonType":1,"GameType":1,"AwayTeamId":9,"AwayLeader":"E Gordon 22 pts","HomeTeamId":25,"HomeLeader":"L Aldridge 21 pts","AwayRecord":"41-35","HomeRecord":"50-26","AwayScore":90,"HomeScore":99,"WinningTeamId":25,"Links":{"gametrax":"/nba/gameTrax?gameId=2015040422","boxscore":"/nba/boxscore?gameId=2015040422","recap":"http://www.foxsports.com/nba/story/aldridge-has-21-and-blazers-snap-pelicans-win-streak-99-90-040515","preview":"http://www.foxsports.com/nba/story/pelicans-trail-blazers-preview-040415","odds":"/nba/odds#28049","tickets":"http://www.awin1.com/cread.php?awinmid=4292&awinaffid=143258&clickref=nba&p=http://www.ticketsnow.com/InventoryBrowse/TicketList.aspx?PID=1607688"}}]