[{"Id":28391,"GameState":2,"Date":"2014-12-13 14:00","SeasonType":1,"GameType":1,"AwayTeamId":21,"AwayLeader":"S Curry 29 pts","HomeTeamId":15,"HomeLeader":"M Ellis 24 pts","AwayRecord":"20-2","HomeRecord":"17-8","AwayScore":105,"HomeScore":98,"WinningTeamId":21,"Links":{"gametrax":"/nba/gameTrax?gameId=2014121306","boxscore":"/nba/boxscore?gameId=2014121306","recap":"http://www.foxsports.com/nba/story/golden-state-warriors-beat-dallas-mavericks-for-15th-straight-win-121314","preview":"http://www.foxsports.com/nba/story/warriors-mavericks-preview-121214","odds":"/nba/odds#28391","tickets":"http://www.awin1.com/cread.php?awinmid=4292&awinaffid=143258&clickref=nba&p=http://www.ticketsnow.com/InventoryBrowse/TicketList.aspx?PID=1607796"}},{"Id":28308,"GameState":2,"Date":"2014-12-13 19:00","SeasonType":1,"GameType":1,"AwayTeamId":25,"AwayLeader":"L Aldridge 19 pts","HomeTeamId":13,"HomeLeader":"C Watson 23 pts","AwayRecord":"18-6","HomeRecord":"7-17","AwayScore":95,"HomeScore":85,"WinningTeamId":25,"Links":{"gametrax":"/nba/gameTrax?gameId=2014121311","boxscore":"/nba/boxscore?gameId=2014121311","recap":"http://www.foxsports.com/nba/story/lamarcus-aldridge-damian-lillard-lead-trailblazers-past-pacers-121314","preview":"http://www.foxsports.com/nba/story/trail-blazers-pacers-preview-121314","odds":"/nba/odds#28308","tickets":"http://www.awin1.com/cread.php?awinmid=4292&awinaffid=143258&clickref=nba&p=http://www.ticketsnow.com/InventoryBrowse/TicketList.aspx?PID=1606258"}},{"Id":28637,"GameState":2,"Date":"2014-12-13 19:00","SeasonType":1,"GameType":1,"AwayTeamId":3,"AwayLeader":"J Johnson 22 pts","HomeTeamId":32,"HomeLeader":"M Kidd-Gilchrist 15 pts","AwayRecord":"10-12","HomeRecord":"6-17","AwayScore":114,"HomeScore":87,"WinningTeamId":3,"Links":{"gametrax":"/nba/gameTrax?gameId=2014121330","boxscore":"/nba/boxscore?gameId=2014121330","recap":"http://www.foxsports.com/nba/story/joe-johnson-leads-nets-to-blowout-of-hornets-121314","preview":"http://www.foxsports.com/nba/story/nets-hornets-preview-121314","odds":"/nba/odds#28637","tickets":"http://www.awin1.com/cread.php?awinmid=4292&awinaffid=143258&clickref=nba&p=http://www.ticketsnow.com/InventoryBrowse/TicketList.aspx?PID=1605929"}},{"Id":28674,"GameState":2,"Date":"2014-12-13 19:00","SeasonType":1,"GameType":1,"AwayTeamId":8,"AwayLeader":"J Teague 24 pts","HomeTeamId":5,"HomeLeader":"T Harris 20 pts","AwayRecord":"16-7","HomeRecord":"10-16","AwayScore":99,"HomeScore":100,"WinningTeamId":5,"Links":{"gametrax":"/nba/gameTrax?gameId=2014121319","boxscore":"/nba/boxscore?gameId=2014121319","recap":"http://www.foxsports.com/nba/story/tobias-harris-hits-buzzer-beater-to-lift-magic-past-hawks-121314","preview":"http://www.foxsports.com/nba/story/hawks-magic-preview-121314","odds":"/nba/odds#28674","tickets":"http://www.awin1.com/cread.php?awinmid=4292&awinaffid=143258&clickref=nba&p=http://www.ticketsnow.com/InventoryBrowse/TicketList.aspx?PID=1607177"}},{"Id":27653,"GameState":2,"FinalText":"OT","Date":"2014-12-13 19:30","SeasonType":1,"GameType":1,"AwayTeamId":31,"AwayLeader":"M Conley 36 pts","HomeTeamId":6,"HomeLeader":"R Covington 24 pts","AwayRecord":"19-4","HomeRecord":"2-21","AwayScore":120,"HomeScore":115,"WinningTeamId":31,"Links":{"gametrax":"/nba/gameTrax?gameId=2014121320","boxscore":"/nba/boxscore?gameId=2014121320","recap":"http://www.foxsports.com/nba/story/memphis-grizzlies-defeat-philadelphia-76ers-mike-conley-zach-randolph-121314","preview":"http://www.foxsports.com/nba/story/grizzlies-76ers-preview-121314","odds":"/nba/odds#27653","tickets":"http://www.awin1.com/cread.php?awinmid=4292&awinaffid=143258&clickref=nba&p=http://www.ticketsnow.com/InventoryBrowse/TicketList.aspx?PID=1607577"}},{"Id":28062,"GameState":2,"Date":"2014-12-13 19:30","SeasonType":1,"GameType":1,"AwayTeamId":22,"AwayLeader":"M Barnes 26 pts","HomeTeamId":14,"HomeLeader":"B Knight 22 pts","AwayRecord":"16-7","HomeRecord":"12-12","AwayScore":106,"HomeScore":111,"WinningTeamId":14,"Links":{"gametrax":"/nba/gameTrax?gameId=2014121315","boxscore":"/nba/boxscore?gameId=2014121315","recap":"http://www.foxsports.com/nba/story/bucks-use-big-fourth-quarter-run-to-beat-clippers-121314","preview":"http://www.foxsports.com/nba/story/clippers-bucks-preview-121314","odds":"/nba/odds#28062","tickets":"http://www.awin1.com/cread.php?awinmid=4292&awinaffid=143258&clickref=nba&p=http://www.ticketsnow.com/InventoryBrowse/TicketList.aspx?PID=1606526"}},{"Id":28513,"GameState":2,"Date":"2014-12-13 20:00","SeasonType":1,"GameType":1,"AwayTeamId":16,"AwayLeader":"D Arthur 20 pts","HomeTeamId":17,"HomeLeader":"D Howard 26 pts","AwayRecord":"10-13","HomeRecord":"18-5","AwayScore":96,"HomeScore":108,"WinningTeamId":17,"Links":{"gametrax":"/nba/gameTrax?gameId=2014121310","boxscore":"/nba/boxscore?gameId=2014121310","recap":"http://www.foxsports.com/nba/story/dwight-howard-returns-in-rockets-win-over-nuggets-121314","preview":"http://www.foxsports.com/nba/story/nuggets-rockets-preview-121214","odds":"/nba/odds#28513","tickets":"http://www.awin1.com/cread.php?awinmid=4292&awinaffid=143258&clickref=nba&p=http://www.ticketsnow.com/InventoryBrowse/TicketList.aspx?PID=1607530"}},{"Id":27860,"GameState":2,"Date":"2014-12-13 22:00","SeasonType":1,"GameType":1,"AwayTeamId":12,"AwayLeader":"G Monroe 24 pts","HomeTeamId":26,"HomeLeader":"R Gay 20 pts","AwayRecord":"5-19","HomeRecord":"11-13","AwayScore":95,"HomeScore":90,"WinningTeamId":12,"Links":{"gametrax":"/nba/gameTrax?gameId=2014121323","boxscore":"/nba/boxscore?gameId=2014121323","recap":"http://www.foxsports.com/nba/story/pistons-win-second-in-a-row-beat-kings-95-90-121414","preview":"http://www.foxsports.com/nba/story/pistons-kings-preview-121314","odds":"/nba/odds#27860","tickets":"http://www.awin1.com/cread.php?awinmid=4292&awinaffid=143258&clickref=nba&p=http://www.ticketsnow.com/InventoryBrowse/TicketList.aspx?PID=1607298"}}]