[{"Id":27609,"GameState":2,"Date":"2014-12-01 19:00","SeasonType":1,"GameType":1,"AwayTeamId":2,"AwayLeader":"C Bosh 21 pts","HomeTeamId":7,"HomeLeader":"R Butler 23 pts","AwayRecord":"9-8","HomeRecord":"11-5","AwayScore":86,"HomeScore":107,"WinningTeamId":7,"Links":{"gametrax":"/nba/gameTrax?gameId=2014120127","boxscore":"/nba/boxscore?gameId=2014120127","recap":"http://www.foxsports.com/nba/story/washington-wizards-cruise-by-outshooting-miami-heat-on-3-pointers-120114","preview":"http://www.foxsports.com/nba/story/heat-wizards-preview-120114","odds":"/nba/odds#27609","tickets":"http://www.awin1.com/cread.php?awinmid=4292&awinaffid=143258&clickref=nba&p=http://www.ticketsnow.com/InventoryBrowse/TicketList.aspx?PID=1607381"}},{"Id":27651,"GameState":2,"Date":"2014-12-01 19:00","SeasonType":1,"GameType":1,"AwayTeamId":19,"AwayLeader":"K Leonard 26 pts","HomeTeamId":6,"HomeLeader":"M Carter-Williams 24 pts","AwayRecord":"13-4","HomeRecord":"0-17","AwayScore":109,"HomeScore":103,"WinningTeamId":19,"Links":{"gametrax":"/nba/gameTrax?gameId=2014120120","boxscore":"/nba/boxscore?gameId=2014120120","recap":"http://www.foxsports.com/nba/story/philadelphia-76ers-fall-to-0-17-with-loss-to-san-antonio-spurs-120114","preview":"http://www.foxsports.com/nba/story/spurs-76ers-preview-113014","odds":"/nba/odds#27651","tickets":"http://www.awin1.com/cread.php?awinmid=4292&awinaffid=143258&clickref=nba&p=http://www.ticketsnow.com/InventoryBrowse/TicketList.aspx?PID=1607575"}},{"Id":27568,"GameState":2,"Date":"2014-12-01 21:00","SeasonType":1,"GameType":1,"AwayTeamId":16,"AwayLeader":"W Chandler 15 pts","HomeTeamId":20,"HomeLeader":"G Hayward 25 pts","AwayRecord":"9-8","HomeRecord":"5-13","AwayScore":103,"HomeScore":101,"WinningTeamId":16,"Links":{"gametrax":"/nba/gameTrax?gameId=2014120126","boxscore":"/nba/boxscore?gameId=2014120126","recap":"http://www.foxsports.com/nba/story/ty-lawson-hits-late-jumper-to-lift-denver-nuggets-over-utah-jazz-120114","preview":"http://www.foxsports.com/nba/story/nuggets-jazz-preview-113014","odds":"/nba/odds#27568","tickets":"http://www.awin1.com/cread.php?awinmid=4292&awinaffid=143258&clickref=nba&p=http://www.ticketsnow.com/InventoryBrowse/TicketList.aspx?PID=1607618"}},{"Id":28181,"GameState":2,"Date":"2014-12-01 22:30","SeasonType":1,"GameType":1,"AwayTeamId":18,"AwayLeader":"S Muhammad 18 pts","HomeTeamId":22,"HomeLeader":"B Griffin 23 pts","AwayRecord":"4-12","HomeRecord":"12-5","AwayScore":101,"HomeScore":127,"WinningTeamId":22,"Links":{"gametrax":"/nba/gameTrax?gameId=2014120112","boxscore":"/nba/boxscore?gameId=2014120112","recap":"http://www.foxsports.com/nba/story/los-angeles-clippers-return-home-with-rout-of-minnesota-timberwolves-120214","preview":"http://www.foxsports.com/nba/story/timberwolves-clippers-preview-120114","odds":"/nba/odds#28181","tickets":"http://www.awin1.com/cread.php?awinmid=4292&awinaffid=143258&clickref=nba&p=http://www.ticketsnow.com/InventoryBrowse/TicketList.aspx?PID=1606307"}}]