[{"Id":28646,"GameState":2,"FinalText":"OT","Date":"2015-01-17 19:00","SeasonType":1,"GameType":1,"AwayTeamId":13,"AwayLeader":"D West 19 pts","HomeTeamId":32,"HomeLeader":"G Henderson 20 pts","AwayRecord":"15-27","HomeRecord":"16-25","AwayScore":71,"HomeScore":80,"WinningTeamId":32,"Links":{"gametrax":"/nba/gameTrax?gameId=2015011730","boxscore":"/nba/boxscore?gameId=2015011730","recap":"http://www.foxsports.com/nba/story/charlotte-hornets-outlast-indiana-pacers-gerald-henderson-scores-20-011715","preview":"http://www.foxsports.com/nba/story/pacers-hornets-preview-011715","odds":"/nba/odds#28646","tickets":"http://www.awin1.com/cread.php?awinmid=4292&awinaffid=143258&clickref=nba&p=http://www.ticketsnow.com/InventoryBrowse/TicketList.aspx?PID=1605938"}},{"Id":27744,"GameState":2,"Date":"2015-01-17 19:30","SeasonType":1,"GameType":1,"AwayTeamId":6,"AwayLeader":"M Carter-Williams 15 pts","HomeTeamId":12,"HomeLeader":"K Singler 20 pts","AwayRecord":"8-32","HomeRecord":"16-25","AwayScore":89,"HomeScore":107,"WinningTeamId":12,"Links":{"gametrax":"/nba/gameTrax?gameId=2015011708","boxscore":"/nba/boxscore?gameId=2015011708","recap":"http://www.foxsports.com/nba/story/detroit-pistons-crush-philadelphia-76ers-behind-kyle-singler-greg-monroe-011715","preview":"http://www.foxsports.com/nba/story/76ers-pistons-preview-011715","odds":"/nba/odds#27744","tickets":"http://www.awin1.com/cread.php?awinmid=4292&awinaffid=143258&clickref=nba&p=http://www.ticketsnow.com/InventoryBrowse/TicketList.aspx?PID=1606168"}},{"Id":27991,"GameState":2,"Date":"2015-01-17 20:00","SeasonType":1,"GameType":1,"AwayTeamId":8,"AwayLeader":"K Korver 24 pts","HomeTeamId":10,"HomeLeader":"D Rose 23 pts","AwayRecord":"33-8","HomeRecord":"27-15","AwayScore":107,"HomeScore":99,"WinningTeamId":8,"Links":{"gametrax":"/nba/gameTrax?gameId=2015011704","boxscore":"/nba/boxscore?gameId=2015011704","recap":"http://www.foxsports.com/nba/story/atlanta-hawks-beat-chicago-bulls-for-12th-straight-win-011715","preview":"http://www.foxsports.com/nba/story/hawks-bulls-preview-011715","odds":"/nba/odds#27991","tickets":"http://www.awin1.com/cread.php?awinmid=4292&awinaffid=143258&clickref=nba&p=http://www.ticketsnow.com/InventoryBrowse/TicketList.aspx?PID=1605983"}},{"Id":28522,"GameState":2,"Date":"2015-01-17 20:00","SeasonType":1,"GameType":1,"AwayTeamId":21,"AwayLeader":"S Curry 27 pts","HomeTeamId":17,"HomeLeader":"D Howard 23 pts","AwayRecord":"32-6","HomeRecord":"28-13","AwayScore":131,"HomeScore":106,"WinningTeamId":21,"Links":{"gametrax":"/nba/gameTrax?gameId=2015011710","boxscore":"/nba/boxscore?gameId=2015011710","recap":"http://www.foxsports.com/nba/story/golden-state-warriors-stephen-curry-klay-thompson-blow-out-houston-rockets-011715","preview":"http://www.foxsports.com/nba/story/warriors-rockets-preview-011715","odds":"/nba/odds#28522","tickets":"http://www.awin1.com/cread.php?awinmid=4292&awinaffid=143258&clickref=nba&p=http://www.ticketsnow.com/InventoryBrowse/TicketList.aspx?PID=1607539"}},{"Id":28729,"GameState":2,"Date":"2015-01-17 20:00","SeasonType":1,"GameType":1,"AwayTeamId":7,"AwayLeader":"N Hilario 20 pts","HomeTeamId":3,"HomeLeader":"J Jack 22 pts","AwayRecord":"28-13","HomeRecord":"17-24","AwayScore":99,"HomeScore":90,"WinningTeamId":7,"Links":{"gametrax":"/nba/gameTrax?gameId=2015011717","boxscore":"/nba/boxscore?gameId=2015011717","recap":"http://www.foxsports.com/nba/story/nene-wizards-bounce-back-to-win-99-90-earn-split-with-nets-011715","preview":"http://www.foxsports.com/nba/story/wizards-nets-preview-011715","odds":"/nba/odds#28729","tickets":"http://www.awin1.com/cread.php?awinmid=4292&awinaffid=143258&clickref=nba&p=http://www.ticketsnow.com/InventoryBrowse/TicketList.aspx?PID=1605457"}},{"Id":28153,"GameState":2,"Date":"2015-01-17 21:00","SeasonType":1,"GameType":1,"AwayTeamId":18,"AwayLeader":"A Wiggins 31 pts","HomeTeamId":16,"HomeLeader":"T Lawson 22 pts","AwayRecord":"7-32","HomeRecord":"18-22","AwayScore":113,"HomeScore":105,"WinningTeamId":18,"Links":{"gametrax":"/nba/gameTrax?gameId=2015011707","boxscore":"/nba/boxscore?gameId=2015011707","recap":"http://www.foxsports.com/nba/story/minnesota-timberwolves-andrew-wiggins-scores-31-to-beat-denver-nuggets-011715","preview":"http://www.foxsports.com/nba/story/timberwolves-nuggets-preview-011715","odds":"/nba/odds#28153","tickets":"http://www.awin1.com/cread.php?awinmid=4292&awinaffid=143258&clickref=nba&p=http://www.ticketsnow.com/InventoryBrowse/TicketList.aspx?PID=1607488"}},{"Id":28562,"GameState":2,"Date":"2015-01-17 21:00","SeasonType":1,"GameType":1,"AwayTeamId":25,"AwayLeader":"L Aldridge 32 pts","HomeTeamId":31,"HomeLeader":"Z Randolph 20 pts","AwayRecord":"30-11","HomeRecord":"29-11","AwayScore":98,"HomeScore":102,"WinningTeamId":31,"Links":{"gametrax":"/nba/gameTrax?gameId=2015011729","boxscore":"/nba/boxscore?gameId=2015011729","recap":"http://www.foxsports.com/nba/story/memphis-grizzlies-beat-portland-trailblazers-marc-gasol-zach-randolph-lamarcus-aldridge-011715","preview":"http://www.foxsports.com/nba/story/trail-blazers-grizzlies-preview-011715","odds":"/nba/odds#28562","tickets":"http://www.awin1.com/cread.php?awinmid=4292&awinaffid=143258&clickref=nba&p=http://www.ticketsnow.com/InventoryBrowse/TicketList.aspx?PID=1606437"}},{"Id":27871,"GameState":2,"Date":"2015-01-17 22:00","SeasonType":1,"GameType":1,"AwayTeamId":22,"AwayLeader":"B Griffin 30 pts","HomeTeamId":26,"HomeLeader":"J Thompson 23 pts","AwayRecord":"27-14","HomeRecord":"16-24","AwayScore":117,"HomeScore":108,"WinningTeamId":22,"Links":{"gametrax":"/nba/gameTrax?gameId=2015011723","boxscore":"/nba/boxscore?gameId=2015011723","recap":"http://www.foxsports.com/nba/story/los-angeles-clippers-beat-sacramento-kings-blake-griffin-matt-barnes-011815","preview":"http://www.foxsports.com/nba/story/clippers-kings-preview-011715","odds":"/nba/odds#27871","tickets":"http://www.awin1.com/cread.php?awinmid=4292&awinaffid=143258&clickref=nba&p=http://www.ticketsnow.com/InventoryBrowse/TicketList.aspx?PID=1607309"}}]