[{"Id":27530,"GameState":2,"Date":"2014-12-07 13:00","SeasonType":1,"GameType":1,"AwayTeamId":7,"AwayLeader":"R Butler 22 pts","HomeTeamId":1,"HomeLeader":"J Green 25 pts","AwayRecord":"13-6","HomeRecord":"7-11","AwayScore":93,"HomeScore":101,"WinningTeamId":1,"Links":{"gametrax":"/nba/gameTrax?gameId=2014120702","boxscore":"/nba/boxscore?gameId=2014120702","recap":"http://www.foxsports.com/nba/story/celtics-hold-on-against-wizards-101-93-120714","preview":"http://www.foxsports.com/nba/story/wizards-celtics-preview-120614","odds":"/nba/odds#27530","tickets":"http://www.awin1.com/cread.php?awinmid=4292&awinaffid=143258&clickref=nba&p=http://www.ticketsnow.com/InventoryBrowse/TicketList.aspx?PID=1605902"}},{"Id":28266,"GameState":2,"Date":"2014-12-07 15:30","SeasonType":1,"GameType":1,"AwayTeamId":16,"AwayLeader":"W Chandler 29 pts","HomeTeamId":8,"HomeLeader":"P Millsap 23 pts","AwayRecord":"9-11","HomeRecord":"13-6","AwayScore":84,"HomeScore":96,"WinningTeamId":8,"Links":{"gametrax":"/nba/gameTrax?gameId=2014120701","boxscore":"/nba/boxscore?gameId=2014120701","recap":"http://www.foxsports.com/nba/story/hawks-make-big-early-lead-hold-up-against-denver-120714","preview":"http://www.foxsports.com/nba/story/nuggets-hawks-preview-120614","odds":"/nba/odds#28266","tickets":"http://www.awin1.com/cread.php?awinmid=4292&awinaffid=143258&clickref=nba&p=http://www.ticketsnow.com/InventoryBrowse/TicketList.aspx?PID=1605822"}},{"Id":27735,"GameState":2,"Date":"2014-12-07 18:00","SeasonType":1,"GameType":1,"AwayTeamId":27,"AwayLeader":"K Durant 28 pts","HomeTeamId":12,"HomeLeader":"K Caldwell-Pope 19 pts","AwayRecord":"7-13","HomeRecord":"3-18","AwayScore":96,"HomeScore":94,"WinningTeamId":27,"Links":{"gametrax":"/nba/gameTrax?gameId=2014120708","boxscore":"/nba/boxscore?gameId=2014120708","recap":"http://www.foxsports.com/nba/story/oklahoma-city-thunder-hand-detroit-pistons-their-12th-straight-loss-120714","preview":"http://www.foxsports.com/nba/story/thunder-pistons-preview-120714","odds":"/nba/odds#27735","tickets":"http://www.awin1.com/cread.php?awinmid=4292&awinaffid=143258&clickref=nba&p=http://www.ticketsnow.com/InventoryBrowse/TicketList.aspx?PID=1606159"}},{"Id":28552,"GameState":2,"Date":"2014-12-07 18:00","SeasonType":1,"GameType":1,"AwayTeamId":2,"AwayLeader":"D Wade 25 pts","HomeTeamId":31,"HomeLeader":"J Leuer 20 pts","AwayRecord":"9-11","HomeRecord":"16-4","AwayScore":87,"HomeScore":103,"WinningTeamId":31,"Links":{"gametrax":"/nba/gameTrax?gameId=2014120729","boxscore":"/nba/boxscore?gameId=2014120729","recap":"http://www.foxsports.com/nba/story/memphis-grizzlies-down-miami-heat-behind-jon-leuer-s-double-double-120714","preview":"http://www.foxsports.com/nba/story/heat-grizzlies-preview-120614","odds":"/nba/odds#28552","tickets":"http://www.awin1.com/cread.php?awinmid=4292&awinaffid=143258&clickref=nba&p=http://www.ticketsnow.com/InventoryBrowse/TicketList.aspx?PID=1606427"}},{"Id":27776,"GameState":2,"Date":"2014-12-07 19:30","SeasonType":1,"GameType":1,"AwayTeamId":25,"AwayLeader":"L Aldridge 24 pts","HomeTeamId":4,"HomeLeader":"C Anthony 23 pts","AwayRecord":"16-4","HomeRecord":"4-18","AwayScore":103,"HomeScore":99,"WinningTeamId":25,"Links":{"gametrax":"/nba/gameTrax?gameId=2014120718","boxscore":"/nba/boxscore?gameId=2014120718","recap":"http://www.foxsports.com/nba/story/portland-trail-blazers-win-fourth-straight-drop-new-york-knicks-to-4-18-120714","preview":"http://www.foxsports.com/nba/story/trail-blazers-knicks-preview-120614","odds":"/nba/odds#27776","tickets":"http://www.awin1.com/cread.php?awinmid=4292&awinaffid=143258&clickref=nba&p=http://www.ticketsnow.com/InventoryBrowse/TicketList.aspx?PID=1607024"}},{"Id":28389,"GameState":2,"Date":"2014-12-07 19:30","SeasonType":1,"GameType":1,"AwayTeamId":14,"AwayLeader":"G Antetokounmpo 18 pts","HomeTeamId":15,"HomeLeader":"C Parsons 28 pts","AwayRecord":"11-11","HomeRecord":"16-6","AwayScore":102,"HomeScore":125,"WinningTeamId":15,"Links":{"gametrax":"/nba/gameTrax?gameId=2014120706","boxscore":"/nba/boxscore?gameId=2014120706","recap":"http://www.foxsports.com/nba/story/dirk-nowitzki-perks-up-with-21-points-as-dallas-mavericks-roll-past-milwaukee-bucks-120714","preview":"http://www.foxsports.com/nba/story/bucks-mavericks-preview-120614","odds":"/nba/odds#28389","tickets":"http://www.awin1.com/cread.php?awinmid=4292&awinaffid=143258&clickref=nba&p=http://www.ticketsnow.com/InventoryBrowse/TicketList.aspx?PID=1606019"}},{"Id":28225,"GameState":2,"Date":"2014-12-07 21:30","SeasonType":1,"GameType":1,"AwayTeamId":9,"AwayLeader":"A Davis 23 pts","HomeTeamId":23,"HomeLeader":"K Bryant 14 pts","AwayRecord":"9-10","HomeRecord":"5-16","AwayScore":104,"HomeScore":87,"WinningTeamId":9,"Links":{"gametrax":"/nba/gameTrax?gameId=2014120713","boxscore":"/nba/boxscore?gameId=2014120713","recap":"http://www.foxsports.com/nba/story/los-angeles-lakers-fall-to-new-orleans-pelicans-after-dropping-jeremy-lin-carlos-boozer-from-starting-5-120714","preview":"http://www.foxsports.com/nba/story/pelicans-lakers-preview-120714","odds":"/nba/odds#28225","tickets":"http://www.awin1.com/cread.php?awinmid=4292&awinaffid=143258&clickref=nba&p=http://www.ticketsnow.com/InventoryBrowse/TicketList.aspx?PID=1606382"}}]