[{"Id":27892,"GameState":2,"Date":"2014-11-17 19:00","SeasonType":1,"GameType":1,"AwayTeamId":16,"AwayLeader":"T Lawson 24 pts","HomeTeamId":11,"HomeLeader":"L James 22 pts","AwayRecord":"3-7","HomeRecord":"5-4","AwayScore":106,"HomeScore":97,"WinningTeamId":16,"Links":{"gametrax":"/nba/gameTrax?gameId=2014111705","boxscore":"/nba/boxscore?gameId=2014111705","recap":"http://www.foxsports.com/nba/story/lawson-afflalo-lead-nuggets-past-cavaliers-106-97-111714","preview":"http://www.foxsports.com/nba/story/nuggets-cavaliers-preview-111614","odds":"/nba/odds#27892","tickets":"http://www.awin1.com/cread.php?awinmid=4292&awinaffid=143258&clickref=nba&p=http://www.ticketsnow.com/InventoryBrowse/TicketList.aspx?PID=1607421"}},{"Id":28629,"GameState":2,"Date":"2014-11-17 19:00","SeasonType":1,"GameType":1,"AwayTeamId":15,"AwayLeader":"M Ellis 18 pts","HomeTeamId":32,"HomeLeader":"G Henderson 18 pts","AwayRecord":"8-3","HomeRecord":"4-7","AwayScore":107,"HomeScore":80,"WinningTeamId":15,"Links":{"gametrax":"/nba/gameTrax?gameId=2014111730","boxscore":"/nba/boxscore?gameId=2014111730","recap":"http://www.foxsports.com/nba/story/dirk-nowitzki-surpasses-27000-points-as-dallas-mavericks-cruise-past-charlotte-hornets-111714","preview":"http://www.foxsports.com/nba/story/mavericks-hornets-preview-111714","odds":"/nba/odds#28629","tickets":"http://www.awin1.com/cread.php?awinmid=4292&awinaffid=143258&clickref=nba&p=http://www.ticketsnow.com/InventoryBrowse/TicketList.aspx?PID=1605921"}},{"Id":27524,"GameState":2,"Date":"2014-11-17 19:30","SeasonType":1,"GameType":1,"AwayTeamId":24,"AwayLeader":"M Morris 30 pts","HomeTeamId":1,"HomeLeader":"J Green 28 pts","AwayRecord":"6-5","HomeRecord":"3-6","AwayScore":118,"HomeScore":114,"WinningTeamId":24,"Links":{"gametrax":"/nba/gameTrax?gameId=2014111702","boxscore":"/nba/boxscore?gameId=2014111702","recap":"http://www.foxsports.com/nba/story/morris-suns-pull-out-118-114-win-over-celtics-111714","preview":"http://www.foxsports.com/nba/story/suns-celtics-preview-111614","odds":"/nba/odds#27524","tickets":"http://www.awin1.com/cread.php?awinmid=4292&awinaffid=143258&clickref=nba&p=http://www.ticketsnow.com/InventoryBrowse/TicketList.aspx?PID=1605867"}},{"Id":27728,"GameState":2,"Date":"2014-11-17 19:30","SeasonType":1,"GameType":1,"AwayTeamId":5,"AwayLeader":"N Vucevic 25 pts","HomeTeamId":12,"HomeLeader":"C Butler 20 pts","AwayRecord":"5-7","HomeRecord":"3-8","AwayScore":107,"HomeScore":93,"WinningTeamId":5,"Links":{"gametrax":"/nba/gameTrax?gameId=2014111708","boxscore":"/nba/boxscore?gameId=2014111708","recap":"http://www.foxsports.com/nba/story/vucevic-harris-lead-magic-over-pistons-107-93-111714","preview":"http://www.foxsports.com/nba/story/magic-pistons-preview-111614","odds":"/nba/odds#27728","tickets":"http://www.awin1.com/cread.php?awinmid=4292&awinaffid=143258&clickref=nba&p=http://www.ticketsnow.com/InventoryBrowse/TicketList.aspx?PID=1606152"}},{"Id":28712,"GameState":2,"Date":"2014-11-17 19:30","SeasonType":1,"GameType":1,"AwayTeamId":2,"AwayLeader":"M Chalmers 22 pts","HomeTeamId":3,"HomeLeader":"B Bogdanovic 22 pts","AwayRecord":"6-5","HomeRecord":"4-6","AwayScore":95,"HomeScore":83,"WinningTeamId":2,"Links":{"gametrax":"/nba/gameTrax?gameId=2014111717","boxscore":"/nba/boxscore?gameId=2014111717","recap":"http://www.foxsports.com/nba/story/chalmers-helps-heat-top-nets-end-3-game-skid-111714","preview":"http://www.foxsports.com/nba/story/heat-nets-preview-111714","odds":"/nba/odds#28712","tickets":"http://www.awin1.com/cread.php?awinmid=4292&awinaffid=143258&clickref=nba&p=http://www.ticketsnow.com/InventoryBrowse/TicketList.aspx?PID=1605441"}},{"Id":28548,"GameState":2,"Date":"2014-11-17 20:00","SeasonType":1,"GameType":1,"AwayTeamId":17,"AwayLeader":"T Ariza 16 pts","HomeTeamId":31,"HomeLeader":"M Conley 19 pts","AwayRecord":"9-2","HomeRecord":"10-1","AwayScore":93,"HomeScore":119,"WinningTeamId":31,"Links":{"gametrax":"/nba/gameTrax?gameId=2014111729","boxscore":"/nba/boxscore?gameId=2014111729","recap":"http://www.foxsports.com/nba/story/memphis-grizzlies-rout-houston-rockets-in-matchup-of-league-s-best-records-111714","preview":"http://www.foxsports.com/nba/story/rockets-grizzlies-preview-111714","odds":"/nba/odds#28548","tickets":"http://www.awin1.com/cread.php?awinmid=4292&awinaffid=143258&clickref=nba&p=http://www.ticketsnow.com/InventoryBrowse/TicketList.aspx?PID=1606423"}},{"Id":28464,"GameState":2,"Date":"2014-11-17 20:30","SeasonType":1,"GameType":1,"AwayTeamId":6,"AwayLeader":"M Carter-Williams 16 pts","HomeTeamId":19,"HomeLeader":"M Bonner 18 pts","AwayRecord":"0-10","HomeRecord":"6-4","AwayScore":75,"HomeScore":100,"WinningTeamId":19,"Links":{"gametrax":"/nba/gameTrax?gameId=2014111724","boxscore":"/nba/boxscore?gameId=2014111724","recap":"http://www.foxsports.com/nba/story/philadelphia-76ers-fall-to-0-10-as-san-antonio-spurs-roll-111714","preview":"http://www.foxsports.com/nba/story/76ers-spurs-preview-111714","odds":"/nba/odds#28464","tickets":"http://www.awin1.com/cread.php?awinmid=4292&awinaffid=143258&clickref=nba&p=http://www.ticketsnow.com/InventoryBrowse/TicketList.aspx?PID=1607333"}},{"Id":28018,"GameState":2,"Date":"2014-11-17 22:00","SeasonType":1,"GameType":1,"AwayTeamId":9,"AwayLeader":"A Davis 31 pts","HomeTeamId":25,"HomeLeader":"D Lillard 24 pts","AwayRecord":"5-4","HomeRecord":"8-3","AwayScore":93,"HomeScore":102,"WinningTeamId":25,"Links":{"gametrax":"/nba/gameTrax?gameId=2014111722","boxscore":"/nba/boxscore?gameId=2014111722","recap":"http://www.foxsports.com/nba/story/trail-blazers-rally-for-102-93-win-over-pelicans-111814","preview":"http://www.foxsports.com/nba/story/pelicans-trail-blazers-preview-111614","odds":"/nba/odds#28018","tickets":"http://www.awin1.com/cread.php?awinmid=4292&awinaffid=143258&clickref=nba&p=http://www.ticketsnow.com/InventoryBrowse/TicketList.aspx?PID=1607657"}},{"Id":28180,"GameState":2,"Date":"2014-11-17 22:30","SeasonType":1,"GameType":1,"AwayTeamId":10,"AwayLeader":"J Butler 22 pts","HomeTeamId":22,"HomeLeader":"J Crawford 24 pts","AwayRecord":"8-3","HomeRecord":"5-4","AwayScore":105,"HomeScore":89,"WinningTeamId":10,"Links":{"gametrax":"/nba/gameTrax?gameId=2014111712","boxscore":"/nba/boxscore?gameId=2014111712","recap":"http://www.foxsports.com/nba/story/chicago-bulls-down-los-angeles-clippers-to-remain-unbeaten-on-road-111814","preview":"http://www.foxsports.com/nba/story/bulls-clippers-preview-111614","odds":"/nba/odds#28180","tickets":"http://www.awin1.com/cread.php?awinmid=4292&awinaffid=143258&clickref=nba&p=http://www.ticketsnow.com/InventoryBrowse/TicketList.aspx?PID=1606306"}}]