[{"Id":28679,"GameState":2,"Date":"2014-12-30 19:00","SeasonType":1,"GameType":1,"AwayTeamId":12,"AwayLeader":"J Meeks 34 pts","HomeTeamId":5,"HomeLeader":"V Oladipo 16 pts","AwayRecord":"8-23","HomeRecord":"13-22","AwayScore":109,"HomeScore":86,"WinningTeamId":12,"Links":{"gametrax":"/nba/gameTrax?gameId=2014123019","boxscore":"/nba/boxscore?gameId=2014123019","recap":"http://www.foxsports.com/nba/story/detroit-pistons-down-orlando-magic-as-jodie-meeks-gets-hot-off-bench-123014","preview":"http://www.foxsports.com/nba/story/pistons-magic-preview-123014","odds":"/nba/odds#28679","tickets":"http://www.awin1.com/cread.php?awinmid=4292&awinaffid=143258&clickref=nba&p=http://www.ticketsnow.com/InventoryBrowse/TicketList.aspx?PID=1607183"}},{"Id":28272,"GameState":2,"Date":"2014-12-30 19:30","SeasonType":1,"GameType":1,"AwayTeamId":11,"AwayLeader":"K Irving 35 pts","HomeTeamId":8,"HomeLeader":"P Millsap 26 pts","AwayRecord":"18-13","HomeRecord":"23-8","AwayScore":101,"HomeScore":109,"WinningTeamId":8,"Links":{"gametrax":"/nba/gameTrax?gameId=2014123001","boxscore":"/nba/boxscore?gameId=2014123001","recap":"http://www.foxsports.com/nba/story/atlanta-hawks-top-cleveland-cavaliers-as-lebron-james-sits-out-123014","preview":"#","odds":"/nba/odds#28272","tickets":"http://www.awin1.com/cread.php?awinmid=4292&awinaffid=143258&clickref=nba&p=http://www.ticketsnow.com/InventoryBrowse/TicketList.aspx?PID=1605829"}},{"Id":27983,"GameState":2,"Date":"2014-12-30 20:00","SeasonType":1,"GameType":1,"AwayTeamId":3,"AwayLeader":"B Lopez 29 pts","HomeTeamId":10,"HomeLeader":"M Dunleavy 23 pts","AwayRecord":"15-16","HomeRecord":"22-10","AwayScore":96,"HomeScore":82,"WinningTeamId":3,"Links":{"gametrax":"/nba/gameTrax?gameId=2014123004","boxscore":"/nba/boxscore?gameId=2014123004","recap":"http://www.foxsports.com/nba/story/brooklyn-nets-top-chicago-bulls-behind-brook-lopez-123014","preview":"http://www.foxsports.com/nba/story/nets-bulls-preview-123014","odds":"/nba/odds#27983","tickets":"http://www.awin1.com/cread.php?awinmid=4292&awinaffid=143258&clickref=nba&p=http://www.ticketsnow.com/InventoryBrowse/TicketList.aspx?PID=1605975"}},{"Id":28433,"GameState":2,"Date":"2014-12-30 20:00","SeasonType":1,"GameType":1,"AwayTeamId":24,"AwayLeader":"G Dragic 22 pts","HomeTeamId":9,"HomeLeader":"T Evans 24 pts","AwayRecord":"18-15","HomeRecord":"16-15","AwayScore":106,"HomeScore":110,"WinningTeamId":9,"Links":{"gametrax":"/nba/gameTrax?gameId=2014123003","boxscore":"/nba/boxscore?gameId=2014123003","recap":"http://www.foxsports.com/nba/story/new-orleans-pelicans-hold-off-phoenix-suns-123014","preview":"http://www.foxsports.com/nba/story/suns-pelicans-preview-122914","odds":"/nba/odds#28433","tickets":"http://www.awin1.com/cread.php?awinmid=4292&awinaffid=143258&clickref=nba&p=http://www.ticketsnow.com/InventoryBrowse/TicketList.aspx?PID=1606864"}},{"Id":28559,"GameState":2,"Date":"2014-12-30 20:00","SeasonType":1,"GameType":1,"AwayTeamId":19,"AwayLeader":"M Belinelli 18 pts","HomeTeamId":31,"HomeLeader":"M Conley 30 pts","AwayRecord":"19-14","HomeRecord":"23-8","AwayScore":87,"HomeScore":95,"WinningTeamId":31,"Links":{"gametrax":"/nba/gameTrax?gameId=2014123029","boxscore":"/nba/boxscore?gameId=2014123029","recap":"http://www.foxsports.com/nba/story/memphis-grizzlies-defeat-san-antonio-spurs-behind-mike-conley-s-30-123014","preview":"http://www.foxsports.com/nba/story/spurs-grizzlies-preview-122914","odds":"/nba/odds#28559","tickets":"http://www.awin1.com/cread.php?awinmid=4292&awinaffid=143258&clickref=nba&p=http://www.ticketsnow.com/InventoryBrowse/TicketList.aspx?PID=1606434"}},{"Id":28396,"GameState":2,"Date":"2014-12-30 20:30","SeasonType":1,"GameType":1,"AwayTeamId":7,"AwayLeader":"K Humphries 11 pts","HomeTeamId":15,"HomeLeader":"M Ellis 20 pts","AwayRecord":"22-9","HomeRecord":"23-10","AwayScore":87,"HomeScore":114,"WinningTeamId":15,"Links":{"gametrax":"/nba/gameTrax?gameId=2014123006","boxscore":"/nba/boxscore?gameId=2014123006","recap":"http://www.foxsports.com/nba/story/dallas-mavericks-rout-washington-wizards-as-monta-ellis-leads-way-123014","preview":"http://www.foxsports.com/nba/story/wizards-mavericks-preview-123014","odds":"/nba/odds#28396","tickets":"http://www.awin1.com/cread.php?awinmid=4292&awinaffid=143258&clickref=nba&p=http://www.ticketsnow.com/InventoryBrowse/TicketList.aspx?PID=1606026"}},{"Id":27574,"GameState":2,"Date":"2014-12-30 21:00","SeasonType":1,"GameType":1,"AwayTeamId":18,"AwayLeader":"S Muhammad 30 pts","HomeTeamId":20,"HomeLeader":"T Burke 26 pts","AwayRecord":"5-25","HomeRecord":"11-21","AwayScore":94,"HomeScore":100,"WinningTeamId":20,"Links":{"gametrax":"/nba/gameTrax?gameId=2014123026","boxscore":"/nba/boxscore?gameId=2014123026","recap":"http://www.foxsports.com/nba/story/utah-jazz-rally-past-minnesota-timberwolves-123014","preview":"http://www.foxsports.com/nba/story/timberwolves-jazz-preview-123014","odds":"/nba/odds#27574","tickets":"http://www.awin1.com/cread.php?awinmid=4292&awinaffid=143258&clickref=nba&p=http://www.ticketsnow.com/InventoryBrowse/TicketList.aspx?PID=1607624"}},{"Id":28149,"GameState":2,"Date":"2014-12-30 21:00","SeasonType":1,"GameType":1,"AwayTeamId":23,"AwayLeader":"K Bryant 23 pts","HomeTeamId":16,"HomeLeader":"J Nurkic 16 pts","AwayRecord":"10-22","HomeRecord":"13-19","AwayScore":111,"HomeScore":103,"WinningTeamId":23,"Links":{"gametrax":"/nba/gameTrax?gameId=2014123007","boxscore":"/nba/boxscore?gameId=2014123007","recap":"http://www.foxsports.com/nba/story/los-angeles-lakers-beat-denver-nuggets-as-kobe-bryant-records-triple-double-123114","preview":"http://www.foxsports.com/nba/story/lakers-nuggets-preview-122914","odds":"/nba/odds#28149","tickets":"http://www.awin1.com/cread.php?awinmid=4292&awinaffid=143258&clickref=nba&p=http://www.ticketsnow.com/InventoryBrowse/TicketList.aspx?PID=1607484"}},{"Id":28027,"GameState":2,"FinalText":"OT","Date":"2014-12-30 22:00","SeasonType":1,"GameType":1,"AwayTeamId":30,"AwayLeader":"K Lowry 25 pts","HomeTeamId":25,"HomeLeader":"D Lillard 26 pts","AwayRecord":"24-8","HomeRecord":"26-7","AwayScore":97,"HomeScore":102,"WinningTeamId":25,"Links":{"gametrax":"/nba/gameTrax?gameId=2014123022","boxscore":"/nba/boxscore?gameId=2014123022","recap":"http://www.foxsports.com/nba/story/portland-trail-blazers-edge-toronto-raptors-in-ot-123114","preview":"#","odds":"/nba/odds#28027","tickets":"http://www.awin1.com/cread.php?awinmid=4292&awinaffid=143258&clickref=nba&p=http://www.ticketsnow.com/InventoryBrowse/TicketList.aspx?PID=1607666"}},{"Id":27695,"GameState":2,"Date":"2014-12-30 22:30","SeasonType":1,"GameType":1,"AwayTeamId":6,"AwayLeader":"H Sims 19 pts","HomeTeamId":21,"HomeLeader":"M Speights 23 pts","AwayRecord":"4-26","HomeRecord":"25-5","AwayScore":86,"HomeScore":126,"WinningTeamId":21,"Links":{"gametrax":"/nba/gameTrax?gameId=2014123009","boxscore":"/nba/boxscore?gameId=2014123009","recap":"http://www.foxsports.com/nba/story/golden-state-warriors-roll-past-philadelphia-76ers-123114","preview":"http://www.foxsports.com/nba/story/76ers-warriors-preview-122914","odds":"/nba/odds#27695","tickets":"http://www.awin1.com/cread.php?awinmid=4292&awinaffid=143258&clickref=nba&p=http://www.ticketsnow.com/InventoryBrowse/TicketList.aspx?PID=1606211"}}]