[{"Id":27640,"GameState":2,"Date":"2015-04-03 19:00","SeasonType":1,"GameType":1,"AwayTeamId":4,"AwayLeader":"R Ledo 21 pts","HomeTeamId":7,"HomeLeader":"M Gortat 19 pts","AwayRecord":"14-62","HomeRecord":"43-33","AwayScore":87,"HomeScore":101,"WinningTeamId":7,"Links":{"gametrax":"/nba/gameTrax?gameId=2015040327","boxscore":"/nba/boxscore?gameId=2015040327","recap":"http://www.foxsports.com/nba/story/gortat-and-beal-lead-wizards-past-knicks-101-87-040315","preview":"http://www.foxsports.com/nba/story/knicks-wizards-preview-040215","odds":"/nba/odds#27640","tickets":"http://www.awin1.com/cread.php?awinmid=4292&awinaffid=143258&clickref=nba&p=http://www.ticketsnow.com/InventoryBrowse/TicketList.aspx?PID=1607412"}},{"Id":28334,"GameState":2,"Date":"2015-04-03 19:00","SeasonType":1,"GameType":1,"AwayTeamId":32,"AwayLeader":"G Henderson 12 pts","HomeTeamId":13,"HomeLeader":"R Stuckey 15 pts","AwayRecord":"32-43","HomeRecord":"33-43","AwayScore":74,"HomeScore":93,"WinningTeamId":13,"Links":{"gametrax":"/nba/gameTrax?gameId=2015040311","boxscore":"/nba/boxscore?gameId=2015040311","recap":"http://www.foxsports.com/nba/story/stuckey-scores-15-to-lead-pacers-past-hornets-93-74-040315","preview":"http://www.foxsports.com/nba/story/hornets-pacers-preview-040215","odds":"/nba/odds#28334","tickets":"http://www.awin1.com/cread.php?awinmid=4292&awinaffid=143258&clickref=nba&p=http://www.ticketsnow.com/InventoryBrowse/TicketList.aspx?PID=1606285"}},{"Id":27557,"GameState":2,"Date":"2015-04-03 19:30","SeasonType":1,"GameType":1,"AwayTeamId":14,"AwayLeader":"O Mayo 24 pts","HomeTeamId":1,"HomeLeader":"I Thomas 23 pts","AwayRecord":"38-38","HomeRecord":"34-42","AwayScore":110,"HomeScore":101,"WinningTeamId":14,"Links":{"gametrax":"/nba/gameTrax?gameId=2015040302","boxscore":"/nba/boxscore?gameId=2015040302","recap":"http://www.foxsports.com/nba/story/milwaukee-bucks-beat-boston-celtics-040315","preview":"http://www.foxsports.com/nba/story/bucks-celtics-preview-040215","odds":"/nba/odds#27557","tickets":"http://www.awin1.com/cread.php?awinmid=4292&awinaffid=143258&clickref=nba&p=http://www.ticketsnow.com/InventoryBrowse/TicketList.aspx?PID=1605898"}},{"Id":28744,"GameState":2,"Date":"2015-04-03 19:30","SeasonType":1,"GameType":1,"AwayTeamId":30,"AwayLeader":"D DeRozan 27 pts","HomeTeamId":3,"HomeLeader":"D Williams 31 pts","AwayRecord":"45-31","HomeRecord":"35-40","AwayScore":109,"HomeScore":114,"WinningTeamId":3,"Links":{"gametrax":"/nba/gameTrax?gameId=2015040317","boxscore":"/nba/boxscore?gameId=2015040317","recap":"http://www.foxsports.com/nba/story/brooklyn-nets-down-toronto-raptors-040315","preview":"http://www.foxsports.com/nba/story/raptors-nets-preview-040215","odds":"/nba/odds#28744","tickets":"http://www.awin1.com/cread.php?awinmid=4292&awinaffid=143258&clickref=nba&p=http://www.ticketsnow.com/InventoryBrowse/TicketList.aspx?PID=1605474"}},{"Id":27967,"GameState":2,"Date":"2015-04-03 20:00","SeasonType":1,"GameType":1,"AwayTeamId":5,"AwayLeader":"N Vucevic 37 pts","HomeTeamId":18,"HomeLeader":"A Wiggins 22 pts","AwayRecord":"23-53","HomeRecord":"16-60","AwayScore":97,"HomeScore":84,"WinningTeamId":5,"Links":{"gametrax":"/nba/gameTrax?gameId=2015040316","boxscore":"/nba/boxscore?gameId=2015040316","recap":"http://www.foxsports.com/nba/story/orlando-magic-top-minnesota-timberwolves-040315","preview":"http://www.foxsports.com/nba/story/magic-timberwolves-preview-040215","odds":"/nba/odds#27967","tickets":"http://www.awin1.com/cread.php?awinmid=4292&awinaffid=143258&clickref=nba&p=http://www.ticketsnow.com/InventoryBrowse/TicketList.aspx?PID=1606776"}},{"Id":28008,"GameState":2,"Date":"2015-04-03 20:00","SeasonType":1,"GameType":1,"AwayTeamId":12,"AwayLeader":"R Jackson 22 pts","HomeTeamId":10,"HomeLeader":"P Gasol 26 pts","AwayRecord":"29-47","HomeRecord":"46-30","AwayScore":82,"HomeScore":88,"WinningTeamId":10,"Links":{"gametrax":"/nba/gameTrax?gameId=2015040304","boxscore":"/nba/boxscore?gameId=2015040304","recap":"http://www.foxsports.com/nba/story/chicago-bulls-top-detroit-pistons-040315","preview":"http://www.foxsports.com/nba/story/pistons-bulls-preview-040215","odds":"/nba/odds#28008","tickets":"http://www.awin1.com/cread.php?awinmid=4292&awinaffid=143258&clickref=nba&p=http://www.ticketsnow.com/InventoryBrowse/TicketList.aspx?PID=1606000"}},{"Id":28580,"GameState":2,"Date":"2015-04-03 20:00","SeasonType":1,"GameType":1,"AwayTeamId":27,"AwayLeader":"E Kanter 24 pts","HomeTeamId":31,"HomeLeader":"J Green 22 pts","AwayRecord":"42-34","HomeRecord":"52-24","AwayScore":92,"HomeScore":100,"WinningTeamId":31,"Links":{"gametrax":"/nba/gameTrax?gameId=2015040329","boxscore":"/nba/boxscore?gameId=2015040329","recap":"http://www.foxsports.com/nba/story/green-scores-22-points-to-lead-grizzlies-over-thunder-100-92-040315","preview":"http://www.foxsports.com/nba/story/thunder-grizzlies-preview-040315","odds":"/nba/odds#28580","tickets":"http://www.awin1.com/cread.php?awinmid=4292&awinaffid=143258&clickref=nba&p=http://www.ticketsnow.com/InventoryBrowse/TicketList.aspx?PID=1606455"}},{"Id":28498,"GameState":2,"Date":"2015-04-03 20:30","SeasonType":1,"GameType":1,"AwayTeamId":16,"AwayLeader":"D Gallinari 20 pts","HomeTeamId":19,"HomeLeader":"D Green 21 pts","AwayRecord":"28-48","HomeRecord":"50-26","AwayScore":93,"HomeScore":123,"WinningTeamId":19,"Links":{"gametrax":"/nba/gameTrax?gameId=2015040324","boxscore":"/nba/boxscore?gameId=2015040324","recap":"http://www.foxsports.com/nba/story/green-scores-21-to-help-spurs-cruise-past-nuggets-040315","preview":"http://www.foxsports.com/nba/story/nuggets-spurs-preview-040215","odds":"/nba/odds#28498","tickets":"http://www.awin1.com/cread.php?awinmid=4292&awinaffid=143258&clickref=nba&p=http://www.ticketsnow.com/InventoryBrowse/TicketList.aspx?PID=1607367"}},{"Id":27885,"GameState":2,"Date":"2015-04-03 22:00","SeasonType":1,"GameType":1,"AwayTeamId":9,"AwayLeader":"E Gordon 21 pts","HomeTeamId":26,"HomeLeader":"D Cousins 24 pts","AwayRecord":"41-34","HomeRecord":"26-49","AwayScore":101,"HomeScore":95,"WinningTeamId":9,"Links":{"gametrax":"/nba/gameTrax?gameId=2015040323","boxscore":"/nba/boxscore?gameId=2015040323","recap":"http://www.foxsports.com/nba/story/pelicans-beat-kings-101-95-gain-ground-in-playoff-race-040415","preview":"http://www.foxsports.com/nba/story/pelicans-kings-preview-040215","odds":"/nba/odds#27885","tickets":"http://www.awin1.com/cread.php?awinmid=4292&awinaffid=143258&clickref=nba&p=http://www.ticketsnow.com/InventoryBrowse/TicketList.aspx?PID=1607323"}},{"Id":28251,"GameState":2,"Date":"2015-04-03 22:30","SeasonType":1,"GameType":1,"AwayTeamId":25,"AwayLeader":"C McCollum 27 pts","HomeTeamId":23,"HomeLeader":"J Clarkson 27 pts","AwayRecord":"49-26","HomeRecord":"20-55","AwayScore":107,"HomeScore":77,"WinningTeamId":25,"Links":{"gametrax":"/nba/gameTrax?gameId=2015040313","boxscore":"/nba/boxscore?gameId=2015040313","recap":"http://www.foxsports.com/nba/story/blazers-celebrate-division-title-with-107-77-win-over-lakers-040415","preview":"http://www.foxsports.com/nba/story/trail-blazers-lakers-preview-040215","odds":"/nba/odds#28251","tickets":"http://www.awin1.com/cread.php?awinmid=4292&awinaffid=143258&clickref=nba&p=http://www.ticketsnow.com/InventoryBrowse/TicketList.aspx?PID=1606408"}}]