[{"Id":28621,"GameState":2,"Date":"2015-04-05 13:00","SeasonType":1,"GameType":1,"AwayTeamId":17,"AwayLeader":"J Harden 41 pts","HomeTeamId":27,"HomeLeader":"R Westbrook 40 pts","AwayRecord":"53-24","HomeRecord":"42-35","AwayScore":115,"HomeScore":112,"WinningTeamId":17,"Links":{"gametrax":"/nba/gameTrax?gameId=2015040525","boxscore":"/nba/boxscore?gameId=2015040525","recap":"http://www.foxsports.com/nba/story/hardens-41-points-helps-houston-beat-oklahoma-city-115-112-040515","preview":"http://www.foxsports.com/nba/story/rockets-thunder-preview-040415","odds":"/nba/odds#28621","tickets":"http://www.awin1.com/cread.php?awinmid=4292&awinaffid=143258&clickref=nba&p=http://www.ticketsnow.com/InventoryBrowse/TicketList.aspx?PID=1607157"}},{"Id":27926,"GameState":2,"Date":"2015-04-05 15:30","SeasonType":1,"GameType":1,"AwayTeamId":10,"AwayLeader":"M Dunleavy 24 pts","HomeTeamId":11,"HomeLeader":"K Irving 27 pts","AwayRecord":"46-31","HomeRecord":"50-27","AwayScore":94,"HomeScore":99,"WinningTeamId":11,"Links":{"gametrax":"/nba/gameTrax?gameId=2015040505","boxscore":"/nba/boxscore?gameId=2015040505","recap":"http://www.foxsports.com/nba/story/lebron-gets-triple-double-cavs-win-18th-straight-at-home-040515","preview":"http://www.foxsports.com/nba/story/bulls-cavaliers-preview-040415","odds":"/nba/odds#27926","tickets":"http://www.awin1.com/cread.php?awinmid=4292&awinaffid=143258&clickref=nba&p=http://www.ticketsnow.com/InventoryBrowse/TicketList.aspx?PID=1607458"}},{"Id":28335,"GameState":2,"Date":"2015-04-05 18:00","SeasonType":1,"GameType":1,"AwayTeamId":2,"AwayLeader":"D Wade 27 pts","HomeTeamId":13,"HomeLeader":"L Scola 23 pts","AwayRecord":"34-43","HomeRecord":"34-43","AwayScore":89,"HomeScore":112,"WinningTeamId":13,"Links":{"gametrax":"/nba/gameTrax?gameId=2015040511","boxscore":"/nba/boxscore?gameId=2015040511","recap":"http://www.foxsports.com/nba/story/pacers-use-georges-return-to-spur-112-89-rout-over-heat-040515","preview":"http://www.foxsports.com/nba/story/heat-pacers-preview-040515","odds":"/nba/odds#28335","tickets":"http://www.awin1.com/cread.php?awinmid=4292&awinaffid=143258&clickref=nba&p=http://www.ticketsnow.com/InventoryBrowse/TicketList.aspx?PID=1606286"}},{"Id":28499,"GameState":2,"Date":"2015-04-05 19:00","SeasonType":1,"GameType":1,"AwayTeamId":21,"AwayLeader":"S Curry 24 pts","HomeTeamId":19,"HomeLeader":"K Leonard 26 pts","AwayRecord":"63-14","HomeRecord":"51-26","AwayScore":92,"HomeScore":107,"WinningTeamId":19,"Links":{"gametrax":"/nba/gameTrax?gameId=2015040524","boxscore":"/nba/boxscore?gameId=2015040524","recap":"http://www.foxsports.com/nba/story/leonard-has-26-spurs-snap-warriors-12-game-streak-107-92-040515","preview":"http://www.foxsports.com/nba/story/warriors-spurs-preview-040515","odds":"/nba/odds#28499","tickets":"http://www.awin1.com/cread.php?awinmid=4292&awinaffid=143258&clickref=nba&p=http://www.ticketsnow.com/InventoryBrowse/TicketList.aspx?PID=1607368"}},{"Id":27803,"GameState":2,"Date":"2015-04-05 19:30","SeasonType":1,"GameType":1,"AwayTeamId":6,"AwayLeader":"I Smith 17 pts","HomeTeamId":4,"HomeLeader":"A Bargnani 25 pts","AwayRecord":"18-60","HomeRecord":"15-62","AwayScore":91,"HomeScore":101,"WinningTeamId":4,"Links":{"gametrax":"/nba/gameTrax?gameId=2015040518","boxscore":"/nba/boxscore?gameId=2015040518","recap":"http://www.foxsports.com/nba/story/knicks-snap-9-game-losing-streak-with-101-91-win-over-sixers-040515","preview":"http://www.foxsports.com/nba/story/76ers-knicks-preview-040515","odds":"/nba/odds#27803","tickets":"http://www.awin1.com/cread.php?awinmid=4292&awinaffid=143258&clickref=nba&p=http://www.ticketsnow.com/InventoryBrowse/TicketList.aspx?PID=1607051"}},{"Id":27886,"GameState":2,"Date":"2015-04-05 21:00","SeasonType":1,"GameType":1,"AwayTeamId":20,"AwayLeader":"R Hood 25 pts","HomeTeamId":26,"HomeLeader":"D Cousins 26 pts","AwayRecord":"35-42","HomeRecord":"26-50","AwayScore":101,"HomeScore":95,"WinningTeamId":20,"Links":{"gametrax":"/nba/gameTrax?gameId=2015040523","boxscore":"/nba/boxscore?gameId=2015040523","recap":"http://www.foxsports.com/nba/story/hoods-big-fourth-quarter-lifts-jazz-over-kings-101-95-040515","preview":"http://www.foxsports.com/nba/story/jazz-kings-preview-040515","odds":"/nba/odds#27886","tickets":"http://www.awin1.com/cread.php?awinmid=4292&awinaffid=143258&clickref=nba&p=http://www.ticketsnow.com/InventoryBrowse/TicketList.aspx?PID=1607324"}},{"Id":28252,"GameState":2,"Date":"2015-04-05 21:30","SeasonType":1,"GameType":1,"AwayTeamId":22,"AwayLeader":"B Griffin 18 pts","HomeTeamId":23,"HomeLeader":"W Johnson 16 pts","AwayRecord":"52-26","HomeRecord":"20-56","AwayScore":106,"HomeScore":78,"WinningTeamId":22,"Links":{"gametrax":"/nba/gameTrax?gameId=2015040513","boxscore":"/nba/boxscore?gameId=2015040513","recap":"http://www.foxsports.com/nba/story/clippers-send-lakers-to-record-56th-defeat-in-106-78-rout-040515","preview":"http://www.foxsports.com/nba/story/clippers-lakers-preview-040515","odds":"/nba/odds#28252","tickets":"http://www.awin1.com/cread.php?awinmid=4292&awinaffid=143258&clickref=nba&p=http://www.ticketsnow.com/InventoryBrowse/TicketList.aspx?PID=1606409"}}]