[{"Id":27668,"GameState":2,"Date":"2015-02-20 19:00","SeasonType":1,"GameType":1,"AwayTeamId":13,"AwayLeader":"R Stuckey 30 pts","HomeTeamId":6,"HomeLeader":"L Mbah a Moute 16 pts","AwayRecord":"22-33","HomeRecord":"12-42","AwayScore":106,"HomeScore":95,"WinningTeamId":13,"Links":{"gametrax":"/nba/gameTrax?gameId=2015022020","boxscore":"/nba/boxscore?gameId=2015022020","recap":"http://www.foxsports.com/nba/story/indiana-pacers-get-past-philadelphia-76ers-022015","preview":"http://www.foxsports.com/nba/story/pacers-76ers-preview-021915","odds":"/nba/odds#27668","tickets":"http://www.awin1.com/cread.php?awinmid=4292&awinaffid=143258&clickref=nba&p=http://www.ticketsnow.com/InventoryBrowse/TicketList.aspx?PID=1607592"}},{"Id":28691,"GameState":2,"Date":"2015-02-20 19:00","SeasonType":1,"GameType":1,"AwayTeamId":9,"AwayLeader":"T Evans 14 pts","HomeTeamId":5,"HomeLeader":"V Oladipo 22 pts","AwayRecord":"27-27","HomeRecord":"18-39","AwayScore":84,"HomeScore":95,"WinningTeamId":5,"Links":{"gametrax":"/nba/gameTrax?gameId=2015022019","boxscore":"/nba/boxscore?gameId=2015022019","recap":"http://www.foxsports.com/nba/story/orlando-magic-rally-past-new-orleans-pelicans-022015","preview":"http://www.foxsports.com/nba/story/pelicans-magic-preview-021915","odds":"/nba/odds#28691","tickets":"http://www.awin1.com/cread.php?awinmid=4292&awinaffid=143258&clickref=nba&p=http://www.ticketsnow.com/InventoryBrowse/TicketList.aspx?PID=1607194"}},{"Id":27752,"GameState":2,"Date":"2015-02-20 19:30","SeasonType":1,"GameType":1,"AwayTeamId":10,"AwayLeader":"J Butler 30 pts","HomeTeamId":12,"HomeLeader":"G Monroe 20 pts","AwayRecord":"34-21","HomeRecord":"22-33","AwayScore":91,"HomeScore":100,"WinningTeamId":12,"Links":{"gametrax":"/nba/gameTrax?gameId=2015022008","boxscore":"/nba/boxscore?gameId=2015022008","recap":"http://www.foxsports.com/nba/story/detroit-red-wings-top-chicago-bulls-022015","preview":"http://www.foxsports.com/nba/story/bulls-pistons-preview-021915","odds":"/nba/odds#27752","tickets":"http://www.awin1.com/cread.php?awinmid=4292&awinaffid=143258&clickref=nba&p=http://www.ticketsnow.com/InventoryBrowse/TicketList.aspx?PID=1606176"}},{"Id":27793,"GameState":2,"Date":"2015-02-20 19:30","SeasonType":1,"GameType":1,"AwayTeamId":2,"AwayLeader":"S Napier 18 pts","HomeTeamId":4,"HomeLeader":"L Galloway 19 pts","AwayRecord":"23-30","HomeRecord":"10-44","AwayScore":111,"HomeScore":87,"WinningTeamId":2,"Links":{"gametrax":"/nba/gameTrax?gameId=2015022018","boxscore":"/nba/boxscore?gameId=2015022018","recap":"http://www.foxsports.com/nba/story/miami-heat-rout-new-york-knicks-022015","preview":"http://www.foxsports.com/nba/story/heat-knicks-preview-021915","odds":"/nba/odds#27793","tickets":"http://www.awin1.com/cread.php?awinmid=4292&awinaffid=143258&clickref=nba&p=http://www.ticketsnow.com/InventoryBrowse/TicketList.aspx?PID=1607041"}},{"Id":28284,"GameState":2,"Date":"2015-02-20 19:30","SeasonType":1,"GameType":1,"AwayTeamId":30,"AwayLeader":"L Williams 26 pts","HomeTeamId":8,"HomeLeader":"P Millsap 11 pts","AwayRecord":"37-17","HomeRecord":"43-12","AwayScore":105,"HomeScore":80,"WinningTeamId":30,"Links":{"gametrax":"/nba/gameTrax?gameId=2015022001","boxscore":"/nba/boxscore?gameId=2015022001","recap":"http://www.foxsports.com/nba/story/toronto-raptors-dominate-atlanta-hawks-022015","preview":"http://www.foxsports.com/nba/story/raptors-hawks-preview-021915","odds":"/nba/odds#28284","tickets":"http://www.awin1.com/cread.php?awinmid=4292&awinaffid=143258&clickref=nba&p=http://www.ticketsnow.com/InventoryBrowse/TicketList.aspx?PID=1605841"}},{"Id":27629,"GameState":2,"Date":"2015-02-20 20:00","SeasonType":1,"GameType":1,"AwayTeamId":11,"AwayLeader":"L James 28 pts","HomeTeamId":7,"HomeLeader":"J Wall 18 pts","AwayRecord":"34-22","HomeRecord":"33-22","AwayScore":127,"HomeScore":89,"WinningTeamId":11,"Links":{"gametrax":"/nba/gameTrax?gameId=2015022027","boxscore":"/nba/boxscore?gameId=2015022027","recap":"http://www.foxsports.com/nba/story/cleveland-cavaliers-rout-washington-wizards-022015","preview":"http://www.foxsports.com/nba/story/cavaliers-wizards-preview-021915","odds":"/nba/odds#27629","tickets":"http://www.awin1.com/cread.php?awinmid=4292&awinaffid=143258&clickref=nba&p=http://www.ticketsnow.com/InventoryBrowse/TicketList.aspx?PID=1607401"}},{"Id":27956,"GameState":2,"Date":"2015-02-20 20:00","SeasonType":1,"GameType":1,"AwayTeamId":24,"AwayLeader":"M Morris 31 pts","HomeTeamId":18,"HomeLeader":"K Martin 28 pts","AwayRecord":"29-26","HomeRecord":"12-42","AwayScore":109,"HomeScore":111,"WinningTeamId":18,"Links":{"gametrax":"/nba/gameTrax?gameId=2015022016","boxscore":"/nba/boxscore?gameId=2015022016","recap":"http://www.foxsports.com/nba/story/minnesota-timberwolves-hold-off-phoenix-suns-022015","preview":"http://www.foxsports.com/nba/story/suns-timberwolves-preview-021915","odds":"/nba/odds#27956","tickets":"http://www.awin1.com/cread.php?awinmid=4292&awinaffid=143258&clickref=nba&p=http://www.ticketsnow.com/InventoryBrowse/TicketList.aspx?PID=1606765"}},{"Id":28076,"GameState":2,"Date":"2015-02-20 20:30","SeasonType":1,"GameType":1,"AwayTeamId":16,"AwayLeader":"W Chandler 19 pts","HomeTeamId":14,"HomeLeader":"K Middleton 15 pts","AwayRecord":"20-34","HomeRecord":"31-23","AwayScore":81,"HomeScore":89,"WinningTeamId":14,"Links":{"gametrax":"/nba/gameTrax?gameId=2015022015","boxscore":"/nba/boxscore?gameId=2015022015","recap":"http://www.foxsports.com/nba/story/milwaukee-bucks-top-denver-nuggets-022015","preview":"http://www.foxsports.com/nba/story/nuggets-bucks-preview-022015","odds":"/nba/odds#28076","tickets":"http://www.awin1.com/cread.php?awinmid=4292&awinaffid=143258&clickref=nba&p=http://www.ticketsnow.com/InventoryBrowse/TicketList.aspx?PID=1606541"}},{"Id":28405,"GameState":2,"Date":"2015-02-20 20:30","SeasonType":1,"GameType":1,"AwayTeamId":17,"AwayLeader":"J Harden 26 pts","HomeTeamId":15,"HomeLeader":"A Aminu 17 pts","AwayRecord":"36-18","HomeRecord":"37-20","AwayScore":100,"HomeScore":111,"WinningTeamId":15,"Links":{"gametrax":"/nba/gameTrax?gameId=2015022006","boxscore":"/nba/boxscore?gameId=2015022006","recap":"http://www.foxsports.com/nba/story/dallas-mavericks-hold-off-houston-rockets-022015","preview":"http://www.foxsports.com/nba/story/rockets-mavericks-preview-022015","odds":"/nba/odds#28405","tickets":"http://www.awin1.com/cread.php?awinmid=4292&awinaffid=143258&clickref=nba&p=http://www.ticketsnow.com/InventoryBrowse/TicketList.aspx?PID=1606035"}},{"Id":27585,"GameState":2,"Date":"2015-02-20 21:00","SeasonType":1,"GameType":1,"AwayTeamId":25,"AwayLeader":"D Lillard 19 pts","HomeTeamId":20,"HomeLeader":"G Hayward 20 pts","AwayRecord":"36-18","HomeRecord":"20-34","AwayScore":76,"HomeScore":92,"WinningTeamId":20,"Links":{"gametrax":"/nba/gameTrax?gameId=2015022026","boxscore":"/nba/boxscore?gameId=2015022026","recap":"http://www.foxsports.com/nba/story/utah-jazz-top-portland-trail-blazers-022015","preview":"http://www.foxsports.com/nba/story/trail-blazers-jazz-preview-021915","odds":"/nba/odds#27585","tickets":"http://www.awin1.com/cread.php?awinmid=4292&awinaffid=143258&clickref=nba&p=http://www.ticketsnow.com/InventoryBrowse/TicketList.aspx?PID=1607635"}},{"Id":27876,"GameState":2,"Date":"2015-02-20 22:00","SeasonType":1,"GameType":1,"AwayTeamId":1,"AwayLeader":"A Bradley 28 pts","HomeTeamId":26,"HomeLeader":"D Cousins 31 pts","AwayRecord":"20-32","HomeRecord":"19-34","AwayScore":101,"HomeScore":109,"WinningTeamId":26,"Links":{"gametrax":"/nba/gameTrax?gameId=2015022023","boxscore":"/nba/boxscore?gameId=2015022023","recap":"http://www.foxsports.com/nba/story/sacramento-kings-top-boston-celtics-in-george-karl-s-debut-022115","preview":"http://www.foxsports.com/nba/story/celtics-kings-preview-021915","odds":"/nba/odds#27876","tickets":"http://www.awin1.com/cread.php?awinmid=4292&awinaffid=143258&clickref=nba&p=http://www.ticketsnow.com/InventoryBrowse/TicketList.aspx?PID=1607314"}},{"Id":27708,"GameState":2,"Date":"2015-02-20 22:30","SeasonType":1,"GameType":1,"AwayTeamId":19,"AwayLeader":"A Baynes 12 pts","HomeTeamId":21,"HomeLeader":"S Curry 25 pts","AwayRecord":"34-21","HomeRecord":"43-9","AwayScore":99,"HomeScore":110,"WinningTeamId":21,"Links":{"gametrax":"/nba/gameTrax?gameId=2015022009","boxscore":"/nba/boxscore?gameId=2015022009","recap":"http://www.foxsports.com/nba/story/golden-state-warriors-top-san-antonio-spurs-022115","preview":"http://www.foxsports.com/nba/story/spurs-warriors-preview-022015","odds":"/nba/odds#27708","tickets":"http://www.awin1.com/cread.php?awinmid=4292&awinaffid=143258&clickref=nba&p=http://www.ticketsnow.com/InventoryBrowse/TicketList.aspx?PID=1606224"}},{"Id":28240,"GameState":2,"Date":"2015-02-20 22:30","SeasonType":1,"GameType":1,"AwayTeamId":3,"AwayLeader":"J Johnson 23 pts","HomeTeamId":23,"HomeLeader":"J Lin 18 pts","AwayRecord":"22-31","HomeRecord":"13-41","AwayScore":114,"HomeScore":105,"WinningTeamId":3,"Links":{"gametrax":"/nba/gameTrax?gameId=2015022013","boxscore":"/nba/boxscore?gameId=2015022013","recap":"http://www.foxsports.com/nba/story/brooklyn-nets-hold-off-los-angeles-lakers-022115","preview":"http://www.foxsports.com/nba/story/nets-lakers-preview-021915","odds":"/nba/odds#28240","tickets":"http://www.awin1.com/cread.php?awinmid=4292&awinaffid=143258&clickref=nba&p=http://www.ticketsnow.com/InventoryBrowse/TicketList.aspx?PID=1606397"}}]