[{"Id":27787,"GameState":3,"MakeupDate":"2015-03-03 00:00","Date":"2015-01-26 19:30","SeasonType":1,"GameType":1,"AwayTeamId":26,"HomeTeamId":4,"AwayRecord":"16-27","HomeRecord":"8-37","Links":{"gametrax":"/nba/gameTrax?gameId=2015012618","boxscore":"/nba/boxscore?gameId=2015012618","recap":"#","preview":"http://www.foxsports.com/nba/story/kings-knicks-preview-012515","odds":"/nba/odds#27787","tickets":"http://www.awin1.com/cread.php?awinmid=4292&awinaffid=143258&clickref=nba&p=http://www.ticketsnow.com/InventoryBrowse/TicketList.aspx?PID=1607036"}},{"Id":28730,"GameState":3,"MakeupDate":"2015-04-06 00:00","Date":"2015-01-26 19:30","SeasonType":1,"GameType":1,"AwayTeamId":25,"HomeTeamId":3,"AwayRecord":"32-13","HomeRecord":"18-26","Links":{"gametrax":"/nba/gameTrax?gameId=2015012617","boxscore":"/nba/boxscore?gameId=2015012617","recap":"#","preview":"http://www.foxsports.com/nba/story/trail-blazers-nets-preview-012515","odds":"/nba/odds#28730","tickets":"http://www.awin1.com/cread.php?awinmid=4292&awinaffid=143258&clickref=nba&p=http://www.ticketsnow.com/InventoryBrowse/TicketList.aspx?PID=1605458"}},{"Id":28439,"GameState":2,"Date":"2015-01-26 20:00","SeasonType":1,"GameType":1,"AwayTeamId":6,"AwayLeader":"K McDaniels 16 pts","HomeTeamId":9,"HomeLeader":"A Davis 32 pts","AwayRecord":"8-37","HomeRecord":"24-21","AwayScore":74,"HomeScore":99,"WinningTeamId":9,"Links":{"gametrax":"/nba/gameTrax?gameId=2015012603","boxscore":"/nba/boxscore?gameId=2015012603","recap":"http://www.foxsports.com/nba/story/anthony-davis-puts-on-dunk-display-in-new-orleans-pelicans-win-over-philadelphia-76ers-012615","preview":"#","odds":"/nba/odds#28439","tickets":"http://www.awin1.com/cread.php?awinmid=4292&awinaffid=143258&clickref=nba&p=http://www.ticketsnow.com/InventoryBrowse/TicketList.aspx?PID=1606870"}},{"Id":28566,"GameState":2,"Date":"2015-01-26 20:00","SeasonType":1,"GameType":1,"AwayTeamId":5,"AwayLeader":"N Vucevic 18 pts","HomeTeamId":31,"HomeLeader":"Z Randolph 24 pts","AwayRecord":"15-33","HomeRecord":"32-12","AwayScore":94,"HomeScore":103,"WinningTeamId":31,"Links":{"gametrax":"/nba/gameTrax?gameId=2015012629","boxscore":"/nba/boxscore?gameId=2015012629","recap":"#","preview":"#","odds":"/nba/odds#28566","tickets":"http://www.awin1.com/cread.php?awinmid=4292&awinaffid=143258&clickref=nba&p=http://www.ticketsnow.com/InventoryBrowse/TicketList.aspx?PID=1606441"}},{"Id":28603,"GameState":2,"Date":"2015-01-26 20:00","SeasonType":1,"GameType":1,"AwayTeamId":18,"AwayLeader":"A Wiggins 23 pts","HomeTeamId":27,"HomeLeader":"R Westbrook 18 pts","AwayRecord":"7-37","HomeRecord":"23-22","AwayScore":84,"HomeScore":92,"WinningTeamId":27,"Links":{"gametrax":"/nba/gameTrax?gameId=2015012625","boxscore":"/nba/boxscore?gameId=2015012625","recap":"http://www.foxsports.com/nba/story/oklahoma-city-thunder-beat-minnesota-timberwolves-with-kevin-durant-sitting-out-012615","preview":"#","odds":"/nba/odds#28603","tickets":"http://www.awin1.com/cread.php?awinmid=4292&awinaffid=143258&clickref=nba&p=http://www.ticketsnow.com/InventoryBrowse/TicketList.aspx?PID=1607139"}},{"Id":27580,"GameState":2,"Date":"2015-01-26 21:00","SeasonType":1,"GameType":1,"AwayTeamId":1,"AwayLeader":"T Prince 19 pts","HomeTeamId":20,"HomeLeader":"G Hayward 26 pts","AwayRecord":"16-27","HomeRecord":"16-29","AwayScore":99,"HomeScore":90,"WinningTeamId":1,"Links":{"gametrax":"/nba/gameTrax?gameId=2015012626","boxscore":"/nba/boxscore?gameId=2015012626","recap":"http://www.foxsports.com/nba/story/boston-celtics-beat-utah-jazz-with-huge-second-quarter-012615","preview":"#","odds":"/nba/odds#27580","tickets":"http://www.awin1.com/cread.php?awinmid=4292&awinaffid=143258&clickref=nba&p=http://www.ticketsnow.com/InventoryBrowse/TicketList.aspx?PID=1607630"}},{"Id":28200,"GameState":2,"Date":"2015-01-26 22:30","SeasonType":1,"GameType":1,"AwayTeamId":16,"AwayLeader":"T Lawson 19 pts","HomeTeamId":22,"HomeLeader":"J Crawford 23 pts","AwayRecord":"18-27","HomeRecord":"31-14","AwayScore":98,"HomeScore":102,"WinningTeamId":22,"Links":{"gametrax":"/nba/gameTrax?gameId=2015012612","boxscore":"/nba/boxscore?gameId=2015012612","recap":"http://www.foxsports.com/nba/story/jamal-crawford-takes-over-fourth-quarter-to-spur-los-angeles-clippers-rally-past-denver-nuggets-012715","preview":"http://www.foxsports.com/nba/story/nuggets-clippers-preview-012615","odds":"/nba/odds#28200","tickets":"http://www.awin1.com/cread.php?awinmid=4292&awinaffid=143258&clickref=nba&p=http://www.ticketsnow.com/InventoryBrowse/TicketList.aspx?PID=1606326"}}]