[{"Id":28000,"GameState":2,"Date":"2015-03-01 13:00","SeasonType":1,"GameType":1,"AwayTeamId":22,"AwayLeader":"C Paul 28 pts","HomeTeamId":10,"HomeLeader":"N Mirotic 29 pts","AwayRecord":"39-21","HomeRecord":"37-23","AwayScore":96,"HomeScore":86,"WinningTeamId":22,"Links":{"gametrax":"/nba/gameTrax?gameId=2015030104","boxscore":"/nba/boxscore?gameId=2015030104","recap":"http://www.foxsports.com/nba/story/chris-paul-deandre-jordan-lead-clippers-past-bulls-96-86-030115","preview":"http://www.foxsports.com/nba/story/clippers-bulls-preview-022815","odds":"/nba/odds#28000","tickets":"http://www.awin1.com/cread.php?awinmid=4292&awinaffid=143258&clickref=nba&p=http://www.ticketsnow.com/InventoryBrowse/TicketList.aspx?PID=1605992"}},{"Id":28532,"GameState":2,"FinalText":"OT","Date":"2015-03-01 15:30","SeasonType":1,"GameType":1,"AwayTeamId":11,"AwayLeader":"L James 37 pts","HomeTeamId":17,"HomeLeader":"J Harden 33 pts","AwayRecord":"37-24","HomeRecord":"41-18","AwayScore":103,"HomeScore":105,"WinningTeamId":17,"Links":{"gametrax":"/nba/gameTrax?gameId=2015030110","boxscore":"/nba/boxscore?gameId=2015030110","recap":"http://www.foxsports.com/nba/story/james-harden-scores-33-lebron-james-misses-big-three-throws-in-houston-rockets-win-over-cleveland-cavaliers-030115","preview":"http://www.foxsports.com/nba/story/cavaliers-rockets-preview-022815","odds":"/nba/odds#28532","tickets":"http://www.awin1.com/cread.php?awinmid=4292&awinaffid=143258&clickref=nba&p=http://www.ticketsnow.com/InventoryBrowse/TicketList.aspx?PID=1607549"}},{"Id":27548,"GameState":2,"Date":"2015-03-01 18:00","SeasonType":1,"GameType":1,"AwayTeamId":21,"AwayLeader":"S Curry 37 pts","HomeTeamId":1,"HomeLeader":"I Thomas 20 pts","AwayRecord":"46-11","HomeRecord":"23-34","AwayScore":106,"HomeScore":101,"WinningTeamId":21,"Links":{"gametrax":"/nba/gameTrax?gameId=2015030102","boxscore":"/nba/boxscore?gameId=2015030102","recap":"http://www.foxsports.com/nba/story/golden-state-warriors-rally-from-26-down-to-beat-boston-celtics-stephen-curry-scores-37-points-030115","preview":"http://www.foxsports.com/nba/story/warriors-celtics-preview-022815","odds":"/nba/odds#27548","tickets":"http://www.awin1.com/cread.php?awinmid=4292&awinaffid=143258&clickref=nba&p=http://www.ticketsnow.com/InventoryBrowse/TicketList.aspx?PID=1605890"}},{"Id":27879,"GameState":2,"Date":"2015-03-01 18:00","SeasonType":1,"GameType":1,"AwayTeamId":25,"AwayLeader":"D Lillard 31 pts","HomeTeamId":26,"HomeLeader":"R Gay 24 pts","AwayRecord":"39-19","HomeRecord":"20-37","AwayScore":110,"HomeScore":99,"WinningTeamId":25,"Links":{"gametrax":"/nba/gameTrax?gameId=2015030123","boxscore":"/nba/boxscore?gameId=2015030123","recap":"http://www.foxsports.com/nba/story/portland-trail-blazers-top-sacramento-kings-for-third-straight-win-damian-lillard-scores-31-points-030115","preview":"http://www.foxsports.com/nba/story/trail-blazers-kings-preview-022815","odds":"/nba/odds#27879","tickets":"http://www.awin1.com/cread.php?awinmid=4292&awinaffid=143258&clickref=nba&p=http://www.ticketsnow.com/InventoryBrowse/TicketList.aspx?PID=1607317"}},{"Id":28324,"GameState":2,"Date":"2015-03-01 18:00","SeasonType":1,"GameType":1,"AwayTeamId":6,"AwayLeader":"R Covington 12 pts","HomeTeamId":13,"HomeLeader":"G Hill 17 pts","AwayRecord":"13-46","HomeRecord":"25-34","AwayScore":74,"HomeScore":94,"WinningTeamId":13,"Links":{"gametrax":"/nba/gameTrax?gameId=2015030111","boxscore":"/nba/boxscore?gameId=2015030111","recap":"http://www.foxsports.com/nba/story/roy-hibbert-leads-surging-pacers-to-94-74-win-over-76ers-030115","preview":"http://www.foxsports.com/nba/story/76ers-pacers-preview-022815","odds":"/nba/odds#28324","tickets":"http://www.awin1.com/cread.php?awinmid=4292&awinaffid=143258&clickref=nba&p=http://www.ticketsnow.com/InventoryBrowse/TicketList.aspx?PID=1606275"}},{"Id":28694,"GameState":2,"Date":"2015-03-01 18:00","SeasonType":1,"GameType":1,"AwayTeamId":32,"AwayLeader":"M Williams 23 pts","HomeTeamId":5,"HomeLeader":"V Oladipo 21 pts","AwayRecord":"24-33","HomeRecord":"19-42","AwayScore":98,"HomeScore":83,"WinningTeamId":32,"Links":{"gametrax":"/nba/gameTrax?gameId=2015030119","boxscore":"/nba/boxscore?gameId=2015030119","recap":"http://www.foxsports.com/nba/story/charlotte-hornets-hold-off-orlando-magic-behind-mo-williams-double-double-030115","preview":"http://www.foxsports.com/nba/story/hornets-magic-preview-022815","odds":"/nba/odds#28694","tickets":"http://www.awin1.com/cread.php?awinmid=4292&awinaffid=143258&clickref=nba&p=http://www.ticketsnow.com/InventoryBrowse/TicketList.aspx?PID=1607197"}},{"Id":28243,"GameState":2,"Date":"2015-03-01 18:30","SeasonType":1,"GameType":1,"AwayTeamId":27,"AwayLeader":"S Ibaka 18 pts","HomeTeamId":23,"HomeLeader":"J Lin 20 pts","AwayRecord":"33-27","HomeRecord":"16-42","AwayScore":108,"HomeScore":101,"WinningTeamId":27,"Links":{"gametrax":"/nba/gameTrax?gameId=2015030113","boxscore":"/nba/boxscore?gameId=2015030113","recap":"http://www.foxsports.com/nba/story/oklahoma-city-thunder-beat-los-angeles-lakers-with-russell-westbrook-kevin-durant-sidelined-030115","preview":"http://www.foxsports.com/nba/story/thunder-lakers-preview-022815","odds":"/nba/odds#28243","tickets":"http://www.awin1.com/cread.php?awinmid=4292&awinaffid=143258&clickref=nba&p=http://www.ticketsnow.com/InventoryBrowse/TicketList.aspx?PID=1606400"}},{"Id":28162,"GameState":2,"Date":"2015-03-01 20:00","SeasonType":1,"GameType":1,"AwayTeamId":9,"AwayLeader":"T Evans 22 pts","HomeTeamId":16,"HomeLeader":"D Gallinari 21 pts","AwayRecord":"32-27","HomeRecord":"20-39","AwayScore":99,"HomeScore":92,"WinningTeamId":9,"Links":{"gametrax":"/nba/gameTrax?gameId=2015030107","boxscore":"/nba/boxscore?gameId=2015030107","recap":"http://www.foxsports.com/nba/story/new-orleans-pelicans-hold-off-denver-nuggets-for-fifth-straight-victory-030115","preview":"http://www.foxsports.com/nba/story/pelicans-nuggets-preview-022815","odds":"/nba/odds#28162","tickets":"http://www.awin1.com/cread.php?awinmid=4292&awinaffid=143258&clickref=nba&p=http://www.ticketsnow.com/InventoryBrowse/TicketList.aspx?PID=1607497"}}]