[{"Id":27607,"GameState":2,"Date":"2014-11-25 19:00","SeasonType":1,"GameType":1,"AwayTeamId":8,"AwayLeader":"J Teague 28 pts","HomeTeamId":7,"HomeLeader":"J Wall 21 pts","AwayRecord":"7-5","HomeRecord":"9-4","AwayScore":106,"HomeScore":102,"WinningTeamId":8,"Links":{"gametrax":"/nba/gameTrax?gameId=2014112527","boxscore":"/nba/boxscore?gameId=2014112527","recap":"http://www.foxsports.com/nba/story/hawks-top-wizards-106-102-for-6th-win-in-8-112514","preview":"http://www.foxsports.com/nba/story/hawks-wizards-preview-112414","odds":"/nba/odds#27607","tickets":"http://www.awin1.com/cread.php?awinmid=4292&awinaffid=143258&clickref=nba&p=http://www.ticketsnow.com/InventoryBrowse/TicketList.aspx?PID=1607379"}},{"Id":28346,"GameState":2,"Date":"2014-11-25 19:30","SeasonType":1,"GameType":1,"AwayTeamId":21,"AwayLeader":"S Curry 40 pts","HomeTeamId":2,"HomeLeader":"C Bosh 26 pts","AwayRecord":"11-2","HomeRecord":"8-7","AwayScore":114,"HomeScore":97,"WinningTeamId":21,"Links":{"gametrax":"/nba/gameTrax?gameId=2014112514","boxscore":"/nba/boxscore?gameId=2014112514","recap":"http://www.foxsports.com/nba/story/warriors-defeat-heat-stephen-curry-scores-40-points-chris-bosh-klay-thompson-112514","preview":"http://www.foxsports.com/nba/story/warriors-heat-preview-112414","odds":"/nba/odds#28346","tickets":"http://www.awin1.com/cread.php?awinmid=4292&awinaffid=143258&clickref=nba&p=http://www.ticketsnow.com/InventoryBrowse/TicketList.aspx?PID=1606508"}},{"Id":28058,"GameState":2,"Date":"2014-11-25 20:00","SeasonType":1,"GameType":1,"AwayTeamId":12,"AwayLeader":"A Drummond 23 pts","HomeTeamId":14,"HomeLeader":"B Knight 20 pts","AwayRecord":"3-11","HomeRecord":"8-7","AwayScore":86,"HomeScore":98,"WinningTeamId":14,"Links":{"gametrax":"/nba/gameTrax?gameId=2014112515","boxscore":"/nba/boxscore?gameId=2014112515","recap":"http://www.foxsports.com/nba/story/knight-helps-bucks-beat-pistons-98-86-112514","preview":"http://www.foxsports.com/nba/story/pistons-bucks-preview-112414","odds":"/nba/odds#28058","tickets":"http://www.awin1.com/cread.php?awinmid=4292&awinaffid=143258&clickref=nba&p=http://www.ticketsnow.com/InventoryBrowse/TicketList.aspx?PID=1606522"}},{"Id":28425,"GameState":2,"Date":"2014-11-25 20:00","SeasonType":1,"GameType":1,"AwayTeamId":26,"AwayLeader":"D Cousins 22 pts","HomeTeamId":9,"HomeLeader":"T Evans 22 pts","AwayRecord":"9-5","HomeRecord":"7-6","AwayScore":99,"HomeScore":89,"WinningTeamId":26,"Links":{"gametrax":"/nba/gameTrax?gameId=2014112503","boxscore":"/nba/boxscore?gameId=2014112503","recap":"http://www.foxsports.com/nba/story/cousins-kings-beat-pelicans-99-89-112514","preview":"http://www.foxsports.com/nba/story/kings-pelicans-preview-112414","odds":"/nba/odds#28425","tickets":"http://www.awin1.com/cread.php?awinmid=4292&awinaffid=143258&clickref=nba&p=http://www.ticketsnow.com/InventoryBrowse/TicketList.aspx?PID=1606857"}},{"Id":28139,"GameState":2,"Date":"2014-11-25 21:00","SeasonType":1,"GameType":1,"AwayTeamId":10,"AwayLeader":"J Butler 32 pts","HomeTeamId":16,"HomeLeader":"T Lawson 20 pts","AwayRecord":"9-6","HomeRecord":"7-7","AwayScore":109,"HomeScore":114,"WinningTeamId":16,"Links":{"gametrax":"/nba/gameTrax?gameId=2014112507","boxscore":"/nba/boxscore?gameId=2014112507","recap":"http://www.foxsports.com/nba/story/derrick-rose-leaves-with-injury-as-bulls-lose-to-nuggets-ty-lawson-arron-afflalo-112514","preview":"http://www.foxsports.com/nba/story/bulls-nuggets-preview-112514","odds":"/nba/odds#28139","tickets":"http://www.awin1.com/cread.php?awinmid=4292&awinaffid=143258&clickref=nba&p=http://www.ticketsnow.com/InventoryBrowse/TicketList.aspx?PID=1607474"}}]