[{"Id":28357,"GameState":2,"Date":"2015-01-20 19:30","SeasonType":1,"GameType":1,"AwayTeamId":27,"AwayLeader":"R Westbrook 19 pts","HomeTeamId":2,"HomeLeader":"D Wade 18 pts","AwayRecord":"21-20","HomeRecord":"18-23","AwayScore":94,"HomeScore":86,"WinningTeamId":27,"Links":{"gametrax":"/nba/gameTrax?gameId=2015012014","boxscore":"/nba/boxscore?gameId=2015012014","recap":"http://www.foxsports.com/nba/story/oklahoma-city-thunder-beat-miami-heat-to-climb-above-500-012015","preview":"http://www.foxsports.com/nba/story/thunder-heat-preview-012015","odds":"/nba/odds#28357","tickets":"http://www.awin1.com/cread.php?awinmid=4292&awinaffid=143258&clickref=nba&p=http://www.ticketsnow.com/InventoryBrowse/TicketList.aspx?PID=1606482"}},{"Id":28154,"GameState":2,"Date":"2015-01-20 21:00","SeasonType":1,"GameType":1,"AwayTeamId":19,"AwayLeader":"T Parker 18 pts","HomeTeamId":16,"HomeLeader":"K Faried 26 pts","AwayRecord":"27-16","HomeRecord":"18-24","AwayScore":109,"HomeScore":99,"WinningTeamId":19,"Links":{"gametrax":"/nba/gameTrax?gameId=2015012007","boxscore":"/nba/boxscore?gameId=2015012007","recap":"http://www.foxsports.com/nba/story/kawhi-leonard-double-double-helps-san-antonio-spurs-beat-denver-nuggets-012015","preview":"http://www.foxsports.com/nba/story/spurs-nuggets-preview-011915","odds":"/nba/odds#28154","tickets":"http://www.awin1.com/cread.php?awinmid=4292&awinaffid=143258&clickref=nba&p=http://www.ticketsnow.com/InventoryBrowse/TicketList.aspx?PID=1607489"}}]