[{"Id":27680,"GameState":2,"Date":"2015-04-08 19:00","SeasonType":1,"GameType":1,"AwayTeamId":7,"AwayLeader":"B Beal 21 pts","HomeTeamId":6,"HomeLeader":"R Covington 27 pts","AwayRecord":"45-33","HomeRecord":"18-61","AwayScore":119,"HomeScore":90,"WinningTeamId":7,"Links":{"gametrax":"/nba/gameTrax?gameId=2015040820","boxscore":"/nba/boxscore?gameId=2015040820","recap":"http://www.foxsports.com/nba/story/washington-wizards-drop-philadelphia-76ers-040815","preview":"http://www.foxsports.com/nba/story/wizards-76ers-preview-040715","odds":"/nba/odds#27680","tickets":"http://www.awin1.com/cread.php?awinmid=4292&awinaffid=143258&clickref=nba&p=http://www.ticketsnow.com/InventoryBrowse/TicketList.aspx?PID=1607604"}},{"Id":27762,"GameState":2,"Date":"2015-04-08 19:00","SeasonType":1,"GameType":1,"AwayTeamId":1,"AwayLeader":"I Thomas 34 pts","HomeTeamId":12,"HomeLeader":"A Drummond 22 pts","AwayRecord":"36-42","HomeRecord":"30-48","AwayScore":113,"HomeScore":103,"WinningTeamId":1,"Links":{"gametrax":"/nba/gameTrax?gameId=2015040808","boxscore":"/nba/boxscore?gameId=2015040808","recap":"http://www.foxsports.com/nba/story/boston-celtics-eliminate-detroit-pistons-from-playoff-race-040815","preview":"http://www.foxsports.com/nba/story/celtics-pistons-preview-040715","odds":"/nba/odds#27762","tickets":"http://www.awin1.com/cread.php?awinmid=4292&awinaffid=143258&clickref=nba&p=http://www.ticketsnow.com/InventoryBrowse/TicketList.aspx?PID=1606188"}},{"Id":28664,"GameState":2,"Date":"2015-04-08 19:00","SeasonType":1,"GameType":1,"AwayTeamId":30,"AwayLeader":"D DeRozan 18 pts","HomeTeamId":32,"HomeLeader":"K Walker 15 pts","AwayRecord":"46-32","HomeRecord":"33-45","AwayScore":92,"HomeScore":74,"WinningTeamId":30,"Links":{"gametrax":"/nba/gameTrax?gameId=2015040830","boxscore":"/nba/boxscore?gameId=2015040830","recap":"http://www.foxsports.com/nba/story/demar-derozan-helps-raptors-beat-hornets-92-74-040815","preview":"http://www.foxsports.com/nba/story/raptors-hornets-preview-040815","odds":"/nba/odds#28664","tickets":"http://www.awin1.com/cread.php?awinmid=4292&awinaffid=143258&clickref=nba&p=http://www.ticketsnow.com/InventoryBrowse/TicketList.aspx?PID=1605954"}},{"Id":28704,"GameState":2,"Date":"2015-04-08 19:00","SeasonType":1,"GameType":1,"AwayTeamId":10,"AwayLeader":"J Butler 19 pts","HomeTeamId":5,"HomeLeader":"V Oladipo 23 pts","AwayRecord":"46-32","HomeRecord":"25-53","AwayScore":103,"HomeScore":105,"WinningTeamId":5,"Links":{"gametrax":"/nba/gameTrax?gameId=2015040819","boxscore":"/nba/boxscore?gameId=2015040819","recap":"http://www.foxsports.com/nba/story/orlando-magic-edge-chicago-bulls-in-derrick-rose-s-return-040815","preview":"http://www.foxsports.com/nba/story/bulls-magic-preview-040715","odds":"/nba/odds#28704","tickets":"http://www.awin1.com/cread.php?awinmid=4292&awinaffid=143258&clickref=nba&p=http://www.ticketsnow.com/InventoryBrowse/TicketList.aspx?PID=1607207"}},{"Id":27804,"GameState":2,"Date":"2015-04-08 19:30","SeasonType":1,"GameType":1,"AwayTeamId":13,"AwayLeader":"G Hill 20 pts","HomeTeamId":4,"HomeLeader":"L Galloway 19 pts","AwayRecord":"35-43","HomeRecord":"15-63","AwayScore":102,"HomeScore":86,"WinningTeamId":13,"Links":{"gametrax":"/nba/gameTrax?gameId=2015040818","boxscore":"/nba/boxscore?gameId=2015040818","recap":"http://www.foxsports.com/nba/story/indiana-pacers-cruise-past-knicks-040815","preview":"http://www.foxsports.com/nba/story/pacers-knicks-preview-040715","odds":"/nba/odds#27804","tickets":"http://www.awin1.com/cread.php?awinmid=4292&awinaffid=143258&clickref=nba&p=http://www.ticketsnow.com/InventoryBrowse/TicketList.aspx?PID=1607052"}},{"Id":28745,"GameState":2,"Date":"2015-04-08 19:30","SeasonType":1,"GameType":1,"AwayTeamId":8,"AwayLeader":"A Horford 24 pts","HomeTeamId":3,"HomeLeader":"B Lopez 26 pts","AwayRecord":"59-19","HomeRecord":"36-42","AwayScore":114,"HomeScore":111,"WinningTeamId":8,"Links":{"gametrax":"/nba/gameTrax?gameId=2015040817","boxscore":"/nba/boxscore?gameId=2015040817","recap":"http://www.foxsports.com/nba/story/atlanta-hawks-top-brooklyn-nets-040815","preview":"http://www.foxsports.com/nba/story/hawks-nets-preview-040715","odds":"/nba/odds#28745","tickets":"http://www.awin1.com/cread.php?awinmid=4292&awinaffid=143258&clickref=nba&p=http://www.ticketsnow.com/InventoryBrowse/TicketList.aspx?PID=1605475"}},{"Id":28089,"GameState":2,"Date":"2015-04-08 20:00","SeasonType":1,"GameType":1,"AwayTeamId":11,"AwayLeader":"K Irving 27 pts","HomeTeamId":14,"HomeLeader":"M Carter-Williams 30 pts","AwayRecord":"51-27","HomeRecord":"38-40","AwayScore":104,"HomeScore":99,"WinningTeamId":11,"Links":{"gametrax":"/nba/gameTrax?gameId=2015040815","boxscore":"/nba/boxscore?gameId=2015040815","recap":"http://www.foxsports.com/nba/story/cavs-clinch-division-2nd-seed-104-99-over-bucks-040815","preview":"http://www.foxsports.com/nba/story/cavaliers-bucks-preview-040715","odds":"/nba/odds#28089","tickets":"http://www.awin1.com/cread.php?awinmid=4292&awinaffid=143258&clickref=nba&p=http://www.ticketsnow.com/InventoryBrowse/TicketList.aspx?PID=1606554"}},{"Id":28582,"GameState":2,"Date":"2015-04-08 20:00","SeasonType":1,"GameType":1,"AwayTeamId":9,"AwayLeader":"A Davis 12 pts","HomeTeamId":31,"HomeLeader":"Z Randolph 15 pts","AwayRecord":"42-36","HomeRecord":"53-25","AwayScore":74,"HomeScore":110,"WinningTeamId":31,"Links":{"gametrax":"/nba/gameTrax?gameId=2015040829","boxscore":"/nba/boxscore?gameId=2015040829","recap":"http://www.foxsports.com/nba/story/randolph-leads-balanced-grizzlies-past-pelicans-040815","preview":"http://www.foxsports.com/nba/story/pelicans-grizzlies-preview-040815","odds":"/nba/odds#28582","tickets":"http://www.awin1.com/cread.php?awinmid=4292&awinaffid=143258&clickref=nba&p=http://www.ticketsnow.com/InventoryBrowse/TicketList.aspx?PID=1606457"}},{"Id":28500,"GameState":2,"Date":"2015-04-08 20:30","SeasonType":1,"GameType":1,"AwayTeamId":17,"AwayLeader":"J Harden 22 pts","HomeTeamId":19,"HomeLeader":"T Parker 27 pts","AwayRecord":"53-25","HomeRecord":"53-26","AwayScore":98,"HomeScore":110,"WinningTeamId":19,"Links":{"gametrax":"/nba/gameTrax?gameId=2015040824","boxscore":"/nba/boxscore?gameId=2015040824","recap":"http://www.foxsports.com/nba/story/spurs-beat-rockets-110-98-for-9th-straight-victory-040815","preview":"http://www.foxsports.com/nba/story/rockets-spurs-preview-040815","odds":"/nba/odds#28500","tickets":"http://www.awin1.com/cread.php?awinmid=4292&awinaffid=143258&clickref=nba&p=http://www.ticketsnow.com/InventoryBrowse/TicketList.aspx?PID=1607370"}},{"Id":27598,"GameState":2,"Date":"2015-04-08 21:00","SeasonType":1,"GameType":1,"AwayTeamId":26,"AwayLeader":"O Casspi 16 pts","HomeTeamId":20,"HomeLeader":"R Hood 20 pts","AwayRecord":"27-51","HomeRecord":"36-42","AwayScore":91,"HomeScore":103,"WinningTeamId":20,"Links":{"gametrax":"/nba/gameTrax?gameId=2015040826","boxscore":"/nba/boxscore?gameId=2015040826","recap":"http://www.foxsports.com/nba/story/jazz-rally-for-103-91-win-over-kings-favors-scores-18-040815","preview":"http://www.foxsports.com/nba/story/kings-jazz-preview-040815","odds":"/nba/odds#27598","tickets":"http://www.awin1.com/cread.php?awinmid=4292&awinaffid=143258&clickref=nba&p=http://www.ticketsnow.com/InventoryBrowse/TicketList.aspx?PID=1607650"}},{"Id":28171,"GameState":2,"Date":"2015-04-08 21:00","SeasonType":1,"GameType":1,"AwayTeamId":23,"AwayLeader":"J Clarkson 21 pts","HomeTeamId":16,"HomeLeader":"K Faried 29 pts","AwayRecord":"20-58","HomeRecord":"29-49","AwayScore":101,"HomeScore":119,"WinningTeamId":16,"Links":{"gametrax":"/nba/gameTrax?gameId=2015040807","boxscore":"/nba/boxscore?gameId=2015040807","recap":"http://www.foxsports.com/nba/story/kenneth-faried-leads-nuggets-past-lakers-119-101-040815","preview":"http://www.foxsports.com/nba/story/lakers-nuggets-preview-040815","odds":"/nba/odds#28171","tickets":"http://www.awin1.com/cread.php?awinmid=4292&awinaffid=143258&clickref=nba&p=http://www.ticketsnow.com/InventoryBrowse/TicketList.aspx?PID=1607506"}},{"Id":28418,"GameState":2,"Date":"2015-04-08 21:30","SeasonType":1,"GameType":1,"AwayTeamId":24,"AwayLeader":"G Green 30 pts","HomeTeamId":15,"HomeLeader":"M Ellis 20 pts","AwayRecord":"39-40","HomeRecord":"47-31","AwayScore":104,"HomeScore":107,"WinningTeamId":15,"Links":{"gametrax":"/nba/gameTrax?gameId=2015040806","boxscore":"/nba/boxscore?gameId=2015040806","recap":"http://www.foxsports.com/nba/story/nowitzki-mavericks-knock-suns-out-of-playoff-race-040915","preview":"http://www.foxsports.com/nba/story/suns-mavericks-preview-040715","odds":"/nba/odds#28418","tickets":"http://www.awin1.com/cread.php?awinmid=4292&awinaffid=143258&clickref=nba&p=http://www.ticketsnow.com/InventoryBrowse/TicketList.aspx?PID=1606050"}},{"Id":28050,"GameState":2,"Date":"2015-04-08 22:00","SeasonType":1,"GameType":1,"AwayTeamId":18,"AwayLeader":"A Wiggins 29 pts","HomeTeamId":25,"HomeLeader":"L Aldridge 24 pts","AwayRecord":"16-62","HomeRecord":"51-27","AwayScore":91,"HomeScore":116,"WinningTeamId":25,"Links":{"gametrax":"/nba/gameTrax?gameId=2015040822","boxscore":"/nba/boxscore?gameId=2015040822","recap":"http://www.foxsports.com/nba/story/aldridge-has-24-and-blazers-rout-twolves-116-91-040915","preview":"http://www.foxsports.com/nba/story/timberwolves-trail-blazers-preview-040815","odds":"/nba/odds#28050","tickets":"http://www.awin1.com/cread.php?awinmid=4292&awinaffid=143258&clickref=nba&p=http://www.ticketsnow.com/InventoryBrowse/TicketList.aspx?PID=1607689"}}]