[{"Id":27679,"GameState":2,"FinalText":"OT","Date":"2015-03-30 19:00","SeasonType":1,"GameType":1,"AwayTeamId":23,"AwayLeader":"J Clarkson 26 pts","HomeTeamId":6,"HomeLeader":"N Noel 19 pts","AwayRecord":"20-53","HomeRecord":"18-57","AwayScore":113,"HomeScore":111,"WinningTeamId":23,"Links":{"gametrax":"/nba/gameTrax?gameId=2015033020","boxscore":"/nba/boxscore?gameId=2015033020","recap":"http://www.foxsports.com/nba/story/lakers-beat-76ers-113-111-in-ot-on-clarksons-basket-033015","preview":"http://www.foxsports.com/nba/story/lakers-76ers-preview-032915","odds":"/nba/odds#27679","tickets":"http://www.awin1.com/cread.php?awinmid=4292&awinaffid=143258&clickref=nba&p=http://www.ticketsnow.com/InventoryBrowse/TicketList.aspx?PID=1607603"}},{"Id":28661,"GameState":2,"Date":"2015-03-30 19:00","SeasonType":1,"GameType":1,"AwayTeamId":1,"AwayLeader":"A Bradley 30 pts","HomeTeamId":32,"HomeLeader":"K Walker 28 pts","AwayRecord":"33-41","HomeRecord":"31-42","AwayScore":116,"HomeScore":104,"WinningTeamId":1,"Links":{"gametrax":"/nba/gameTrax?gameId=2015033030","boxscore":"/nba/boxscore?gameId=2015033030","recap":"http://www.foxsports.com/nba/story/boston-celtics-beat-charlotte-hornets-reclaim-final-playoff-position-in-eastern-conference-033015","preview":"http://www.foxsports.com/nba/story/celtics-hornets-preview-032915","odds":"/nba/odds#28661","tickets":"http://www.awin1.com/cread.php?awinmid=4292&awinaffid=143258&clickref=nba&p=http://www.ticketsnow.com/InventoryBrowse/TicketList.aspx?PID=1605958"}},{"Id":28130,"GameState":2,"Date":"2015-03-30 19:30","SeasonType":1,"GameType":1,"AwayTeamId":17,"AwayLeader":"J Harden 31 pts","HomeTeamId":30,"HomeLeader":"D DeRozan 42 pts","AwayRecord":"50-24","HomeRecord":"44-30","AwayScore":96,"HomeScore":99,"WinningTeamId":30,"Links":{"gametrax":"/nba/gameTrax?gameId=2015033028","boxscore":"/nba/boxscore?gameId=2015033028","recap":"http://www.foxsports.com/nba/story/demar-derozan-scores-42-to-lead-toronto-raptors-over-houston-rockets-033015","preview":"http://www.foxsports.com/nba/story/rockets-raptors-preview-032915","odds":"/nba/odds#28130"}},{"Id":28292,"GameState":2,"Date":"2015-03-30 19:30","SeasonType":1,"GameType":1,"AwayTeamId":14,"AwayLeader":"G Antetokounmpo 18 pts","HomeTeamId":8,"HomeLeader":"D Carroll 23 pts","AwayRecord":"36-38","HomeRecord":"56-18","AwayScore":88,"HomeScore":101,"WinningTeamId":8,"Links":{"gametrax":"/nba/gameTrax?gameId=2015033001","boxscore":"/nba/boxscore?gameId=2015033001","recap":"http://www.foxsports.com/nba/story/kyle-korver-scores-11-points-in-65-seconds-atlanta-hawks-top-milwaukee-bucks-033015","preview":"http://www.foxsports.com/nba/story/bucks-hawks-preview-032915","odds":"/nba/odds#28292","tickets":"http://www.awin1.com/cread.php?awinmid=4292&awinaffid=143258&clickref=nba&p=http://www.ticketsnow.com/InventoryBrowse/TicketList.aspx?PID=1605849"}},{"Id":27965,"GameState":2,"Date":"2015-03-30 20:00","SeasonType":1,"GameType":1,"AwayTeamId":20,"AwayLeader":"G Hayward 22 pts","HomeTeamId":18,"HomeLeader":"Z LaVine 21 pts","AwayRecord":"33-41","HomeRecord":"16-58","AwayScore":104,"HomeScore":84,"WinningTeamId":20,"Links":{"gametrax":"/nba/gameTrax?gameId=2015033016","boxscore":"/nba/boxscore?gameId=2015033016","recap":"http://www.foxsports.com/nba/story/utah-jazz-beat-minnesota-timberwolves-for-second-straight-win-033015","preview":"http://www.foxsports.com/nba/story/jazz-timberwolves-preview-032915","odds":"/nba/odds#27965","tickets":"http://www.awin1.com/cread.php?awinmid=4292&awinaffid=143258&clickref=nba&p=http://www.ticketsnow.com/InventoryBrowse/TicketList.aspx?PID=1606774"}},{"Id":28579,"GameState":2,"Date":"2015-03-30 20:00","SeasonType":1,"GameType":1,"AwayTeamId":26,"AwayLeader":"R Gay 24 pts","HomeTeamId":31,"HomeLeader":"M Conley 18 pts","AwayRecord":"26-47","HomeRecord":"51-24","AwayScore":83,"HomeScore":97,"WinningTeamId":31,"Links":{"gametrax":"/nba/gameTrax?gameId=2015033029","boxscore":"/nba/boxscore?gameId=2015033029","recap":"http://www.foxsports.com/nba/story/memphis-grizzlies-down-sacramento-kings-to-snap-3-game-losing-streak-033015","preview":"http://www.foxsports.com/nba/story/kings-grizzlies-preview-033015","odds":"/nba/odds#28579","tickets":"http://www.awin1.com/cread.php?awinmid=4292&awinaffid=143258&clickref=nba&p=http://www.ticketsnow.com/InventoryBrowse/TicketList.aspx?PID=1606454"}},{"Id":28047,"GameState":2,"Date":"2015-03-30 22:00","SeasonType":1,"GameType":1,"AwayTeamId":24,"AwayLeader":"G Green 13 pts","HomeTeamId":25,"HomeLeader":"D Lillard 19 pts","AwayRecord":"38-37","HomeRecord":"48-25","AwayScore":86,"HomeScore":109,"WinningTeamId":25,"Links":{"gametrax":"/nba/gameTrax?gameId=2015033022","boxscore":"/nba/boxscore?gameId=2015033022","recap":"http://www.foxsports.com/nba/story/portland-trail-blazers-clinch-playoff-spot-with-victory-over-phoenix-suns-033115","preview":"http://www.foxsports.com/nba/story/suns-trail-blazers-preview-033015","odds":"/nba/odds#28047","tickets":"http://www.awin1.com/cread.php?awinmid=4292&awinaffid=143258&clickref=nba&p=http://www.ticketsnow.com/InventoryBrowse/TicketList.aspx?PID=1607686"}}]