[{"Id":28640,"GameState":2,"Date":"2014-12-22 19:00","SeasonType":1,"GameType":1,"AwayTeamId":16,"AwayLeader":"T Lawson 18 pts","HomeTeamId":32,"HomeLeader":"A Jefferson 22 pts","AwayRecord":"12-16","HomeRecord":"9-19","AwayScore":82,"HomeScore":110,"WinningTeamId":32,"Links":{"gametrax":"/nba/gameTrax?gameId=2014122230","boxscore":"/nba/boxscore?gameId=2014122230","recap":"http://www.foxsports.com/nba/story/charlotte-hornets-down-denver-nuggets-for-3rd-straight-win-122214","preview":"#","odds":"/nba/odds#28640","tickets":"http://www.awin1.com/cread.php?awinmid=4292&awinaffid=143258&clickref=nba&p=http://www.ticketsnow.com/InventoryBrowse/TicketList.aspx?PID=1605932"}},{"Id":27980,"GameState":2,"Date":"2014-12-22 20:00","SeasonType":1,"GameType":1,"AwayTeamId":30,"AwayLeader":"K Lowry 34 pts","HomeTeamId":10,"HomeLeader":"D Rose 29 pts","AwayRecord":"22-7","HomeRecord":"18-9","AwayScore":120,"HomeScore":129,"WinningTeamId":10,"Links":{"gametrax":"/nba/gameTrax?gameId=2014122204","boxscore":"/nba/boxscore?gameId=2014122204","recap":"http://www.foxsports.com/nba/story/back-from-illness-derrick-rose-scores-29-in-chicago-bulls-victory-over-toronto-raptors-122214","preview":"http://www.foxsports.com/nba/story/raptors-bulls-preview-122214","odds":"/nba/odds#27980","tickets":"http://www.awin1.com/cread.php?awinmid=4292&awinaffid=143258&clickref=nba&p=http://www.ticketsnow.com/InventoryBrowse/TicketList.aspx?PID=1605972"}},{"Id":28516,"GameState":2,"Date":"2014-12-22 20:00","SeasonType":1,"GameType":1,"AwayTeamId":25,"AwayLeader":"D Lillard 18 pts","HomeTeamId":17,"HomeLeader":"J Harden 44 pts","AwayRecord":"22-7","HomeRecord":"20-7","AwayScore":95,"HomeScore":110,"WinningTeamId":17,"Links":{"gametrax":"/nba/gameTrax?gameId=2014122210","boxscore":"/nba/boxscore?gameId=2014122210","recap":"http://www.foxsports.com/nba/story/james-harden-scores-44-points-in-houston-rockets-victory-over-portland-trail-blazers-122214","preview":"http://www.foxsports.com/nba/story/trail-blazers-rockets-preview-122214","odds":"/nba/odds#28516","tickets":"http://www.awin1.com/cread.php?awinmid=4292&awinaffid=143258&clickref=nba&p=http://www.ticketsnow.com/InventoryBrowse/TicketList.aspx?PID=1607533"}},{"Id":28557,"GameState":2,"Date":"2014-12-22 20:00","SeasonType":1,"GameType":1,"AwayTeamId":20,"AwayLeader":"A Burks 23 pts","HomeTeamId":31,"HomeLeader":"M Conley 28 pts","AwayRecord":"9-20","HomeRecord":"21-7","AwayScore":97,"HomeScore":91,"WinningTeamId":20,"Links":{"gametrax":"/nba/gameTrax?gameId=2014122229","boxscore":"/nba/boxscore?gameId=2014122229","recap":"http://www.foxsports.com/nba/story/memphis-grizzles-fall-to-utah-jazz-for-third-straight-loss-122214","preview":"http://www.foxsports.com/nba/story/jazz-grizzlies-preview-122114","odds":"/nba/odds#28557","tickets":"http://www.awin1.com/cread.php?awinmid=4292&awinaffid=143258&clickref=nba&p=http://www.ticketsnow.com/InventoryBrowse/TicketList.aspx?PID=1606432"}},{"Id":28393,"GameState":2,"Date":"2014-12-22 20:30","SeasonType":1,"GameType":1,"AwayTeamId":8,"AwayLeader":"D Schroder 22 pts","HomeTeamId":15,"HomeLeader":"M Ellis 18 pts","AwayRecord":"20-7","HomeRecord":"20-9","AwayScore":105,"HomeScore":102,"WinningTeamId":8,"Links":{"gametrax":"/nba/gameTrax?gameId=2014122206","boxscore":"/nba/boxscore?gameId=2014122206","recap":"http://www.foxsports.com/nba/story/atlanta-hawks-hold-off-dallas-mavericks-for-4th-straight-win-122214","preview":"http://www.foxsports.com/nba/story/hawks-mavericks-preview-122114","odds":"/nba/odds#28393","tickets":"http://www.awin1.com/cread.php?awinmid=4292&awinaffid=143258&clickref=nba&p=http://www.ticketsnow.com/InventoryBrowse/TicketList.aspx?PID=1606023"}},{"Id":28473,"GameState":2,"Date":"2014-12-22 20:30","SeasonType":1,"GameType":1,"AwayTeamId":22,"AwayLeader":"C Paul 25 pts","HomeTeamId":19,"HomeLeader":"T Parker 26 pts","AwayRecord":"19-9","HomeRecord":"18-11","AwayScore":118,"HomeScore":125,"WinningTeamId":19,"Links":{"gametrax":"/nba/gameTrax?gameId=2014122224","boxscore":"/nba/boxscore?gameId=2014122224","recap":"http://www.foxsports.com/nba/story/tony-parker-returns-leads-san-antonio-spurs-over-los-angeles-clippers-122214","preview":"http://www.foxsports.com/nba/story/clippers-spurs-preview-122114","odds":"/nba/odds#28473","tickets":"http://www.awin1.com/cread.php?awinmid=4292&awinaffid=143258&clickref=nba&p=http://www.ticketsnow.com/InventoryBrowse/TicketList.aspx?PID=1607342"}},{"Id":27693,"GameState":2,"Date":"2014-12-22 22:30","SeasonType":1,"GameType":1,"AwayTeamId":26,"AwayLeader":"D Cousins 22 pts","HomeTeamId":21,"HomeLeader":"K Thompson 25 pts","AwayRecord":"12-16","HomeRecord":"23-3","AwayScore":108,"HomeScore":128,"WinningTeamId":21,"Links":{"gametrax":"/nba/gameTrax?gameId=2014122209","boxscore":"/nba/boxscore?gameId=2014122209","recap":"http://www.foxsports.com/nba/story/golden-state-warriors-keep-rolling-down-sacramento-kings-122314","preview":"http://www.foxsports.com/nba/story/kings-warriors-preview-122214","odds":"/nba/odds#27693","tickets":"http://www.awin1.com/cread.php?awinmid=4292&awinaffid=143258&clickref=nba&p=http://www.ticketsnow.com/InventoryBrowse/TicketList.aspx?PID=1606209"}}]