[{"Id":28645,"GameState":2,"Date":"2015-01-14 19:00","SeasonType":1,"GameType":1,"AwayTeamId":19,"AwayLeader":"M Ginobili 27 pts","HomeTeamId":32,"HomeLeader":"K Walker 28 pts","AwayRecord":"24-16","HomeRecord":"15-25","AwayScore":98,"HomeScore":93,"WinningTeamId":19,"Links":{"gametrax":"/nba/gameTrax?gameId=2015011430","boxscore":"/nba/boxscore?gameId=2015011430","recap":"http://www.foxsports.com/nba/story/lance-stephenson-returns-charlotte-hornets-5-game-win-streak-ends-vs-san-antonio-spurs-011415","preview":"http://www.foxsports.com/nba/story/spurs-hornets-preview-011415","odds":"/nba/odds#28645","tickets":"http://www.awin1.com/cread.php?awinmid=4292&awinaffid=143258&clickref=nba&p=http://www.ticketsnow.com/InventoryBrowse/TicketList.aspx?PID=1605937"}},{"Id":28682,"GameState":2,"Date":"2015-01-14 19:00","SeasonType":1,"GameType":1,"AwayTeamId":17,"AwayLeader":"J Harden 26 pts","HomeTeamId":5,"HomeLeader":"V Oladipo 32 pts","AwayRecord":"27-12","HomeRecord":"15-27","AwayScore":113,"HomeScore":120,"WinningTeamId":5,"Links":{"gametrax":"/nba/gameTrax?gameId=2015011419","boxscore":"/nba/boxscore?gameId=2015011419","recap":"http://www.foxsports.com/nba/story/victor-oladipo-has-32-points-as-orlando-magic-rally-past-houston-rockets-011415","preview":"http://www.foxsports.com/nba/story/rockets-magic-preview-011315","odds":"/nba/odds#28682","tickets":"http://www.awin1.com/cread.php?awinmid=4292&awinaffid=143258&clickref=nba&p=http://www.ticketsnow.com/InventoryBrowse/TicketList.aspx?PID=1607210"}},{"Id":27743,"GameState":2,"Date":"2015-01-14 19:30","SeasonType":1,"GameType":1,"AwayTeamId":9,"AwayLeader":"A Davis 27 pts","HomeTeamId":12,"HomeLeader":"B Jennings 19 pts","AwayRecord":"19-19","HomeRecord":"14-25","AwayScore":105,"HomeScore":94,"WinningTeamId":9,"Links":{"gametrax":"/nba/gameTrax?gameId=2015011408","boxscore":"/nba/boxscore?gameId=2015011408","recap":"http://www.foxsports.com/nba/story/davis-has-double-double-as-pelicans-beat-pistons-105-94-011515","preview":"http://www.foxsports.com/nba/story/pelicans-pistons-preview-011315","odds":"/nba/odds#27743","tickets":"http://www.awin1.com/cread.php?awinmid=4292&awinaffid=143258&clickref=nba&p=http://www.ticketsnow.com/InventoryBrowse/TicketList.aspx?PID=1606167"}},{"Id":28112,"GameState":2,"Date":"2015-01-14 19:30","SeasonType":1,"GameType":1,"AwayTeamId":6,"AwayLeader":"M Carter-Williams 29 pts","HomeTeamId":30,"HomeLeader":"D DeRozan 20 pts","AwayRecord":"7-31","HomeRecord":"26-12","AwayScore":84,"HomeScore":100,"WinningTeamId":30,"Links":{"gametrax":"/nba/gameTrax?gameId=2015011428","boxscore":"/nba/boxscore?gameId=2015011428","recap":"http://www.foxsports.com/nba/story/demar-derozan-returns-with-20-points-in-toronto-raptors-win-over-philadelphia-76ers-011415","preview":"http://www.foxsports.com/nba/story/76ers-raptors-preview-011315","odds":"/nba/odds#28112"}},{"Id":28728,"GameState":2,"Date":"2015-01-14 19:30","SeasonType":1,"GameType":1,"AwayTeamId":31,"AwayLeader":"Z Randolph 20 pts","HomeTeamId":3,"HomeLeader":"M Plumlee 15 pts","AwayRecord":"27-11","HomeRecord":"16-23","AwayScore":103,"HomeScore":92,"WinningTeamId":31,"Links":{"gametrax":"/nba/gameTrax?gameId=2015011417","boxscore":"/nba/boxscore?gameId=2015011417","recap":"http://www.foxsports.com/nba/story/memphis-grizzlies-rout-brookyn-nets-011415","preview":"http://www.foxsports.com/nba/story/grizzlies-nets-preview-011315","odds":"/nba/odds#28728","tickets":"http://www.awin1.com/cread.php?awinmid=4292&awinaffid=143258&clickref=nba&p=http://www.ticketsnow.com/InventoryBrowse/TicketList.aspx?PID=1605456"}},{"Id":27539,"GameState":2,"Date":"2015-01-14 20:00","SeasonType":1,"GameType":1,"AwayTeamId":8,"AwayLeader":"D Carroll 22 pts","HomeTeamId":1,"HomeLeader":"A Bradley 17 pts","AwayRecord":"31-8","HomeRecord":"13-24","AwayScore":105,"HomeScore":91,"WinningTeamId":8,"Links":{"gametrax":"/nba/gameTrax?gameId=2015011402","boxscore":"/nba/boxscore?gameId=2015011402","recap":"http://www.foxsports.com/nba/story/atlanta-hawks-beat-boston-celtics-for-10th-straight-victory-011415","preview":"http://www.foxsports.com/nba/story/hawks-celtics-preview-011315","odds":"/nba/odds#27539","tickets":"http://www.awin1.com/cread.php?awinmid=4292&awinaffid=143258&clickref=nba&p=http://www.ticketsnow.com/InventoryBrowse/TicketList.aspx?PID=1605881"}},{"Id":27990,"GameState":2,"Date":"2015-01-14 20:00","SeasonType":1,"GameType":1,"AwayTeamId":7,"AwayLeader":"P Pierce 22 pts","HomeTeamId":10,"HomeLeader":"D Rose 32 pts","AwayRecord":"27-12","HomeRecord":"26-14","AwayScore":105,"HomeScore":99,"WinningTeamId":7,"Links":{"gametrax":"/nba/gameTrax?gameId=2015011404","boxscore":"/nba/boxscore?gameId=2015011404","recap":"http://www.foxsports.com/nba/story/chicago-bulls-fall-to-washington-wizards-despite-derrick-rose-s-season-high-32-points-011415","preview":"http://www.foxsports.com/nba/story/wizards-bulls-preview-011415","odds":"/nba/odds#27990","tickets":"http://www.awin1.com/cread.php?awinmid=4292&awinaffid=143258&clickref=nba&p=http://www.ticketsnow.com/InventoryBrowse/TicketList.aspx?PID=1605982"}},{"Id":28152,"GameState":2,"Date":"2015-01-14 21:00","SeasonType":1,"GameType":1,"AwayTeamId":15,"AwayLeader":"J Barea 17 pts","HomeTeamId":16,"HomeLeader":"T Lawson 29 pts","AwayRecord":"27-13","HomeRecord":"18-20","AwayScore":107,"HomeScore":114,"WinningTeamId":16,"Links":{"gametrax":"/nba/gameTrax?gameId=2015011407","boxscore":"/nba/boxscore?gameId=2015011407","recap":"http://www.foxsports.com/nba/story/denver-nuggets-top-dallas-mavericks-for-fifth-straight-victory-011415","preview":"http://www.foxsports.com/nba/story/mavericks-nuggets-preview-011415","odds":"/nba/odds#28152","tickets":"http://www.awin1.com/cread.php?awinmid=4292&awinaffid=143258&clickref=nba&p=http://www.ticketsnow.com/InventoryBrowse/TicketList.aspx?PID=1607487"}},{"Id":27700,"GameState":2,"Date":"2015-01-14 22:30","SeasonType":1,"GameType":1,"AwayTeamId":2,"AwayLeader":"C Bosh 26 pts","HomeTeamId":21,"HomeLeader":"S Curry 32 pts","AwayRecord":"17-22","HomeRecord":"31-5","AwayScore":89,"HomeScore":104,"WinningTeamId":21,"Links":{"gametrax":"/nba/gameTrax?gameId=2015011409","boxscore":"/nba/boxscore?gameId=2015011409","recap":"http://www.foxsports.com/nba/story/golden-state-warriors-beat-miami-heat-011515","preview":"http://www.foxsports.com/nba/story/heat-warriors-preview-011415","odds":"/nba/odds#27700","tickets":"http://www.awin1.com/cread.php?awinmid=4292&awinaffid=143258&clickref=nba&p=http://www.ticketsnow.com/InventoryBrowse/TicketList.aspx?PID=1606216"}},{"Id":28032,"GameState":2,"Date":"2015-01-14 22:30","SeasonType":1,"GameType":1,"AwayTeamId":22,"AwayLeader":"J Crawford 25 pts","HomeTeamId":25,"HomeLeader":"L Aldridge 37 pts","AwayRecord":"26-13","HomeRecord":"30-9","AwayScore":100,"HomeScore":94,"WinningTeamId":22,"Links":{"gametrax":"/nba/gameTrax?gameId=2015011422","boxscore":"/nba/boxscore?gameId=2015011422","recap":"http://www.foxsports.com/nba/story/los-angeles-clippers-get-past-portland-trail-blazers-011515","preview":"http://www.foxsports.com/nba/story/clippers-trail-blazers-preview-011315","odds":"/nba/odds#28032","tickets":"http://www.awin1.com/cread.php?awinmid=4292&awinaffid=143258&clickref=nba&p=http://www.ticketsnow.com/InventoryBrowse/TicketList.aspx?PID=1607671"}}]