[{"Id":27604,"GameState":2,"Date":"2014-11-15 19:00","SeasonType":1,"GameType":1,"AwayTeamId":5,"AwayLeader":"T Harris 19 pts","HomeTeamId":7,"HomeLeader":"K Humphries 16 pts","AwayRecord":"4-7","HomeRecord":"7-2","AwayScore":93,"HomeScore":98,"WinningTeamId":7,"Links":{"gametrax":"/nba/gameTrax?gameId=2014111527","boxscore":"/nba/boxscore?gameId=2014111527","recap":"http://www.foxsports.com/nba/story/wizards-beat-magic-111514","preview":"http://www.foxsports.com/nba/story/magic-wizards-preview-111514","odds":"/nba/odds#27604","tickets":"http://www.awin1.com/cread.php?awinmid=4292&awinaffid=143258&clickref=nba&p=http://www.ticketsnow.com/InventoryBrowse/TicketList.aspx?PID=1607376"}},{"Id":27891,"GameState":2,"Date":"2014-11-15 19:30","SeasonType":1,"GameType":1,"AwayTeamId":8,"AwayLeader":"P Millsap 16 pts","HomeTeamId":11,"HomeLeader":"L James 32 pts","AwayRecord":"5-4","HomeRecord":"5-3","AwayScore":94,"HomeScore":127,"WinningTeamId":11,"Links":{"gametrax":"/nba/gameTrax?gameId=2014111505","boxscore":"/nba/boxscore?gameId=2014111505","recap":"http://www.foxsports.com/nba/story/cavaliers-make-first-11-3-pointers-in-win-over-hawks-111514","preview":"http://www.foxsports.com/nba/story/hawks-cavaliers-preview-111514","odds":"/nba/odds#27891","tickets":"http://www.awin1.com/cread.php?awinmid=4292&awinaffid=143258&clickref=nba&p=http://www.ticketsnow.com/InventoryBrowse/TicketList.aspx?PID=1607420"}},{"Id":28098,"GameState":2,"Date":"2014-11-15 19:30","SeasonType":1,"GameType":1,"AwayTeamId":20,"AwayLeader":"D Favors 18 pts","HomeTeamId":30,"HomeLeader":"D DeRozan 27 pts","AwayRecord":"4-7","HomeRecord":"8-2","AwayScore":93,"HomeScore":111,"WinningTeamId":30,"Links":{"gametrax":"/nba/gameTrax?gameId=2014111528","boxscore":"/nba/boxscore?gameId=2014111528","recap":"http://www.foxsports.com/nba/story/demar-derozan-has-27-as-raptors-beat-jazz-111514","preview":"http://www.foxsports.com/nba/story/jazz-raptors-preview-111514","odds":"/nba/odds#28098"}},{"Id":27974,"GameState":2,"Date":"2014-11-15 20:00","SeasonType":1,"GameType":1,"AwayTeamId":13,"AwayLeader":"S Hill 21 pts","HomeTeamId":10,"HomeLeader":"J Butler 32 pts","AwayRecord":"4-7","HomeRecord":"7-3","AwayScore":99,"HomeScore":90,"WinningTeamId":13,"Links":{"gametrax":"/nba/gameTrax?gameId=2014111504","boxscore":"/nba/boxscore?gameId=2014111504","recap":"http://www.foxsports.com/nba/story/pacers-shake-off-injuries-beat-derrick-rose-less-bulls-111514","preview":"http://www.foxsports.com/nba/story/pacers-bulls-preview-111414","odds":"/nba/odds#27974","tickets":"http://www.awin1.com/cread.php?awinmid=4292&awinaffid=143258&clickref=nba&p=http://www.ticketsnow.com/InventoryBrowse/TicketList.aspx?PID=1605966"}},{"Id":28547,"GameState":2,"Date":"2014-11-15 20:00","SeasonType":1,"GameType":1,"AwayTeamId":12,"AwayLeader":"K Singler 21 pts","HomeTeamId":31,"HomeLeader":"M Gasol 23 pts","AwayRecord":"3-7","HomeRecord":"9-1","AwayScore":88,"HomeScore":95,"WinningTeamId":31,"Links":{"gametrax":"/nba/gameTrax?gameId=2014111529","boxscore":"/nba/boxscore?gameId=2014111529","recap":"http://www.foxsports.com/nba/story/gasol-randolph-lead-grizzlies-past-pistons-95-88-111514","preview":"http://www.foxsports.com/nba/story/pistons-grizzlies-preview-111514","odds":"/nba/odds#28547","tickets":"http://www.awin1.com/cread.php?awinmid=4292&awinaffid=143258&clickref=nba&p=http://www.ticketsnow.com/InventoryBrowse/TicketList.aspx?PID=1606422"}},{"Id":28384,"GameState":2,"Date":"2014-11-15 20:30","SeasonType":1,"GameType":1,"AwayTeamId":18,"AwayLeader":"K Martin 34 pts","HomeTeamId":15,"HomeLeader":"M Ellis 30 pts","AwayRecord":"2-7","HomeRecord":"7-3","AwayScore":117,"HomeScore":131,"WinningTeamId":15,"Links":{"gametrax":"/nba/gameTrax?gameId=2014111506","boxscore":"/nba/boxscore?gameId=2014111506","recap":"http://www.foxsports.com/nba/story/monta-ellis-mavericks-ease-past-timberwolves-111514","preview":"http://www.foxsports.com/nba/story/timberwolves-mavericks-preview-111514","odds":"/nba/odds#28384","tickets":"http://www.awin1.com/cread.php?awinmid=4292&awinaffid=143258&clickref=nba&p=http://www.ticketsnow.com/InventoryBrowse/TicketList.aspx?PID=1607795"}},{"Id":27851,"GameState":2,"Date":"2014-11-15 22:00","SeasonType":1,"GameType":1,"AwayTeamId":19,"AwayLeader":"M Ginobili 21 pts","HomeTeamId":26,"HomeLeader":"D Cousins 25 pts","AwayRecord":"5-4","HomeRecord":"6-4","AwayScore":91,"HomeScore":94,"WinningTeamId":26,"Links":{"gametrax":"/nba/gameTrax?gameId=2014111523","boxscore":"/nba/boxscore?gameId=2014111523","recap":"http://www.foxsports.com/nba/story/demarcus-cousins-leads-kings-to-rare-victory-over-spurs-111614","preview":"http://www.foxsports.com/nba/story/spurs-kings-preview-111514","odds":"/nba/odds#27851","tickets":"http://www.awin1.com/cread.php?awinmid=4292&awinaffid=143258&clickref=nba&p=http://www.ticketsnow.com/InventoryBrowse/TicketList.aspx?PID=1607289"}},{"Id":28017,"GameState":2,"Date":"2014-11-15 22:00","SeasonType":1,"GameType":1,"AwayTeamId":3,"AwayLeader":"B Lopez 21 pts","HomeTeamId":25,"HomeLeader":"D Lillard 28 pts","AwayRecord":"4-5","HomeRecord":"7-3","AwayScore":87,"HomeScore":97,"WinningTeamId":25,"Links":{"gametrax":"/nba/gameTrax?gameId=2014111522","boxscore":"/nba/boxscore?gameId=2014111522","recap":"http://www.foxsports.com/nba/story/blazers-beat-nets-111614","preview":"http://www.foxsports.com/nba/story/nets-trail-blazers-preview-111414","odds":"/nba/odds#28017","tickets":"http://www.awin1.com/cread.php?awinmid=4292&awinaffid=143258&clickref=nba&p=http://www.ticketsnow.com/InventoryBrowse/TicketList.aspx?PID=1608294"}},{"Id":27687,"GameState":2,"Date":"2014-11-15 22:30","SeasonType":1,"GameType":1,"AwayTeamId":32,"AwayLeader":"A Jefferson 19 pts","HomeTeamId":21,"HomeLeader":"K Thompson 21 pts","AwayRecord":"4-6","HomeRecord":"7-2","AwayScore":87,"HomeScore":112,"WinningTeamId":21,"Links":{"gametrax":"/nba/gameTrax?gameId=2014111509","boxscore":"/nba/boxscore?gameId=2014111509","recap":"http://www.foxsports.com/nba/story/klay-thompson-ste-hen-curry-lead-warriors-past-hornets-111614","preview":"http://www.foxsports.com/nba/story/hornets-warriors-preview-111514","odds":"/nba/odds#27687","tickets":"http://www.awin1.com/cread.php?awinmid=4292&awinaffid=143258&clickref=nba&p=http://www.ticketsnow.com/InventoryBrowse/TicketList.aspx?PID=1606203"}},{"Id":28179,"GameState":2,"Date":"2014-11-15 22:30","SeasonType":1,"GameType":1,"AwayTeamId":24,"AwayLeader":"G Green 26 pts","HomeTeamId":22,"HomeLeader":"C Paul 32 pts","AwayRecord":"5-5","HomeRecord":"5-3","AwayScore":107,"HomeScore":120,"WinningTeamId":22,"Links":{"gametrax":"/nba/gameTrax?gameId=2014111512","boxscore":"/nba/boxscore?gameId=2014111512","recap":"http://www.foxsports.com/nba/story/clippers-coast-to-win-over-suns-111614","preview":"http://www.foxsports.com/nba/story/suns-clippers-preview-111514","odds":"/nba/odds#28179","tickets":"http://www.awin1.com/cread.php?awinmid=4292&awinaffid=143258&clickref=nba&p=http://www.ticketsnow.com/InventoryBrowse/TicketList.aspx?PID=1607779"}}]