[{"Id":28302,"GameState":2,"Date":"2014-11-14 19:00","SeasonType":1,"GameType":1,"AwayTeamId":16,"AwayLeader":"A Afflalo 17 pts","HomeTeamId":13,"HomeLeader":"A Price 14 pts","AwayRecord":"2-6","HomeRecord":"3-7","AwayScore":108,"HomeScore":87,"WinningTeamId":16,"Links":{"gametrax":"/nba/gameTrax?gameId=2014111411","boxscore":"/nba/boxscore?gameId=2014111411","recap":"http://www.foxsports.com/nba/story/ty-lawson-helps-nuggets-rout-pacers-111414","preview":"http://www.foxsports.com/nba/story/nuggets-pacers-preview-111314","odds":"/nba/odds#28302","tickets":"http://www.awin1.com/cread.php?awinmid=4292&awinaffid=143258&clickref=nba&p=http://www.ticketsnow.com/InventoryBrowse/TicketList.aspx?PID=1606252"}},{"Id":28669,"GameState":2,"Date":"2014-11-14 19:00","SeasonType":1,"GameType":1,"AwayTeamId":14,"AwayLeader":"B Knight 24 pts","HomeTeamId":5,"HomeLeader":"T Harris 26 pts","AwayRecord":"4-5","HomeRecord":"4-6","AwayScore":85,"HomeScore":101,"WinningTeamId":5,"Links":{"gametrax":"/nba/gameTrax?gameId=2014111419","boxscore":"/nba/boxscore?gameId=2014111419","recap":"http://www.foxsports.com/nba/story/tobias-harris-double-double-leads-magic-past-bucks-111414","preview":"http://www.foxsports.com/nba/story/bucks-magic-preview-111314","odds":"/nba/odds#28669","tickets":"http://www.awin1.com/cread.php?awinmid=4292&awinaffid=143258&clickref=nba&p=http://www.ticketsnow.com/InventoryBrowse/TicketList.aspx?PID=1607172"}},{"Id":27523,"GameState":2,"Date":"2014-11-14 19:30","SeasonType":1,"GameType":1,"AwayTeamId":11,"AwayLeader":"L James 41 pts","HomeTeamId":1,"HomeLeader":"K Olynyk 21 pts","AwayRecord":"4-3","HomeRecord":"3-5","AwayScore":122,"HomeScore":121,"WinningTeamId":11,"Links":{"gametrax":"/nba/gameTrax?gameId=2014111402","boxscore":"/nba/boxscore?gameId=2014111402","recap":"http://www.foxsports.com/nba/story/lebron-james-scores-41-cavaliers-edge-celtics-111414","preview":"http://www.foxsports.com/nba/story/cavaliers-celtics-preview-111314","odds":"/nba/odds#27523","tickets":"http://www.awin1.com/cread.php?awinmid=4292&awinaffid=143258&clickref=nba&p=http://www.ticketsnow.com/InventoryBrowse/TicketList.aspx?PID=1605866"}},{"Id":27770,"GameState":2,"Date":"2014-11-14 19:30","SeasonType":1,"GameType":1,"AwayTeamId":20,"AwayLeader":"G Hayward 33 pts","HomeTeamId":4,"HomeLeader":"C Anthony 46 pts","AwayRecord":"4-6","HomeRecord":"2-8","AwayScore":102,"HomeScore":100,"WinningTeamId":20,"Links":{"gametrax":"/nba/gameTrax?gameId=2014111418","boxscore":"/nba/boxscore?gameId=2014111418","recap":"http://www.foxsports.com/nba/story/trey-burke-gives-jazz-win-over-carmelo-anthony-knicks-111414","preview":"http://www.foxsports.com/nba/story/jazz-knicks-preview-111314","odds":"/nba/odds#27770","tickets":"http://www.awin1.com/cread.php?awinmid=4292&awinaffid=143258&clickref=nba&p=http://www.ticketsnow.com/InventoryBrowse/TicketList.aspx?PID=1607018"}},{"Id":28259,"GameState":2,"Date":"2014-11-14 19:30","SeasonType":1,"GameType":1,"AwayTeamId":2,"AwayLeader":"M Chalmers 23 pts","HomeTeamId":8,"HomeLeader":"P Millsap 19 pts","AwayRecord":"5-4","HomeRecord":"5-3","AwayScore":103,"HomeScore":114,"WinningTeamId":8,"Links":{"gametrax":"/nba/gameTrax?gameId=2014111401","boxscore":"/nba/boxscore?gameId=2014111401","recap":"http://www.foxsports.com/nba/story/paul-millsap-al-horford-push-hawks-past-heat-111414","preview":"#","odds":"/nba/odds#28259","tickets":"http://www.awin1.com/cread.php?awinmid=4292&awinaffid=143258&clickref=nba&p=http://www.ticketsnow.com/InventoryBrowse/TicketList.aspx?PID=1605815"}},{"Id":28424,"GameState":2,"Date":"2014-11-14 20:00","SeasonType":1,"GameType":1,"AwayTeamId":18,"AwayLeader":"A Wiggins 20 pts","HomeTeamId":9,"HomeLeader":"J Holiday 24 pts","AwayRecord":"2-6","HomeRecord":"5-3","AwayScore":91,"HomeScore":139,"WinningTeamId":9,"Links":{"gametrax":"/nba/gameTrax?gameId=2014111403","boxscore":"/nba/boxscore?gameId=2014111403","recap":"http://www.foxsports.com/nba/story/pelicans-set-records-in-win-over-timberwolves-111414","preview":"http://www.foxsports.com/nba/story/timberwolves-pelicans-preview-111314","odds":"/nba/odds#28424","tickets":"http://www.awin1.com/cread.php?awinmid=4292&awinaffid=143258&clickref=nba&p=http://www.ticketsnow.com/InventoryBrowse/TicketList.aspx?PID=1606856"}},{"Id":28505,"GameState":2,"Date":"2014-11-14 20:00","SeasonType":1,"GameType":1,"AwayTeamId":6,"AwayLeader":"T Wroten 19 pts","HomeTeamId":17,"HomeLeader":"J Harden 35 pts","AwayRecord":"0-9","HomeRecord":"8-1","AwayScore":87,"HomeScore":88,"WinningTeamId":17,"Links":{"gametrax":"/nba/gameTrax?gameId=2014111410","boxscore":"/nba/boxscore?gameId=2014111410","recap":"http://www.foxsports.com/nba/story/james-harden-s-late-shot-lifts-rockets-past-76ers-111414","preview":"http://www.foxsports.com/nba/story/76ers-rockets-preview-111414","odds":"/nba/odds#28505","tickets":"http://www.awin1.com/cread.php?awinmid=4292&awinaffid=143258&clickref=nba&p=http://www.ticketsnow.com/InventoryBrowse/TicketList.aspx?PID=1607522"}},{"Id":28587,"GameState":2,"FinalText":"OT","Date":"2014-11-14 20:00","SeasonType":1,"GameType":1,"AwayTeamId":12,"AwayLeader":"B Jennings 29 pts","HomeTeamId":27,"HomeLeader":"J Lamb 24 pts","AwayRecord":"3-6","HomeRecord":"3-7","AwayScore":96,"HomeScore":89,"WinningTeamId":12,"Links":{"gametrax":"/nba/gameTrax?gameId=2014111425","boxscore":"/nba/boxscore?gameId=2014111425","recap":"http://www.foxsports.com/nba/story/jennings-leads-pistons-to-ot-win-at-thunder-111414","preview":"http://www.foxsports.com/nba/story/pistons-thunder-preview-111314","odds":"/nba/odds#28587","tickets":"http://www.awin1.com/cread.php?awinmid=4292&awinaffid=143258&clickref=nba&p=http://www.ticketsnow.com/InventoryBrowse/TicketList.aspx?PID=1607123"}},{"Id":27813,"GameState":2,"Date":"2014-11-14 21:00","SeasonType":1,"GameType":1,"AwayTeamId":32,"AwayLeader":"K Walker 19 pts","HomeTeamId":24,"HomeLeader":"E Bledsoe 22 pts","AwayRecord":"4-5","HomeRecord":"5-4","AwayScore":103,"HomeScore":95,"WinningTeamId":32,"Links":{"gametrax":"/nba/gameTrax?gameId=2014111421","boxscore":"/nba/boxscore?gameId=2014111421","recap":"http://www.foxsports.com/nba/story/kemba-walker-hornets-beat-suns-111414","preview":"http://www.foxsports.com/nba/story/hornets-suns-preview-111414","odds":"/nba/odds#27813","tickets":"http://www.awin1.com/cread.php?awinmid=4292&awinaffid=143258&clickref=nba&p=http://www.ticketsnow.com/InventoryBrowse/TicketList.aspx?PID=1607243"}},{"Id":28219,"GameState":2,"Date":"2014-11-14 22:00","SeasonType":1,"GameType":1,"AwayTeamId":19,"AwayLeader":"C Joseph 14 pts","HomeTeamId":23,"HomeLeader":"C Boozer 19 pts","AwayRecord":"5-3","HomeRecord":"1-8","AwayScore":93,"HomeScore":80,"WinningTeamId":19,"Links":{"gametrax":"/nba/gameTrax?gameId=2014111413","boxscore":"/nba/boxscore?gameId=2014111413","recap":"http://www.foxsports.com/nba/story/spurs-beat-lakers-as-kobe-bryant-struggles-111514","preview":"http://www.foxsports.com/nba/story/spurs-lakers-preview-111414","odds":"/nba/odds#28219","tickets":"http://www.awin1.com/cread.php?awinmid=4292&awinaffid=143258&clickref=nba&p=http://www.ticketsnow.com/InventoryBrowse/TicketList.aspx?PID=1606376"}}]