[{"Id":28649,"GameState":2,"Date":"2015-01-24 19:00","SeasonType":1,"GameType":1,"AwayTeamId":4,"AwayLeader":"T Hardaway Jr. 25 pts","HomeTeamId":32,"HomeLeader":"B Roberts 17 pts","AwayRecord":"8-37","HomeRecord":"19-26","AwayScore":71,"HomeScore":76,"WinningTeamId":32,"Links":{"gametrax":"/nba/gameTrax?gameId=2015012430","boxscore":"/nba/boxscore?gameId=2015012430","recap":"http://www.foxsports.com/nba/story/charlotte-hornets-beat-new-york-knicks-minus-carmelo-anthony-012415","preview":"http://www.foxsports.com/nba/story/knicks-hornets-preview-012415","odds":"/nba/odds#28649","tickets":"http://www.awin1.com/cread.php?awinmid=4292&awinaffid=143258&clickref=nba&p=http://www.ticketsnow.com/InventoryBrowse/TicketList.aspx?PID=1605941"}},{"Id":28070,"GameState":2,"Date":"2015-01-24 19:30","SeasonType":1,"GameType":1,"AwayTeamId":12,"AwayLeader":"B Jennings 16 pts","HomeTeamId":14,"HomeLeader":"O Mayo 20 pts","AwayRecord":"17-27","HomeRecord":"22-21","AwayScore":86,"HomeScore":101,"WinningTeamId":14,"Links":{"gametrax":"/nba/gameTrax?gameId=2015012415","boxscore":"/nba/boxscore?gameId=2015012415","recap":"http://www.foxsports.com/nba/story/milwaukee-bucks-crush-detroit-pistons-behind-o-j-mayo-khris-middleton-012415","preview":"http://www.foxsports.com/nba/story/pistons-bucks-preview-012315","odds":"/nba/odds#28070","tickets":"http://www.awin1.com/cread.php?awinmid=4292&awinaffid=143258&clickref=nba&p=http://www.ticketsnow.com/InventoryBrowse/TicketList.aspx?PID=1606535"}},{"Id":28565,"GameState":2,"Date":"2015-01-24 20:00","SeasonType":1,"GameType":1,"AwayTeamId":6,"AwayLeader":"J Grant 16 pts","HomeTeamId":31,"HomeLeader":"J Green 18 pts","AwayRecord":"8-36","HomeRecord":"31-12","AwayScore":83,"HomeScore":101,"WinningTeamId":31,"Links":{"gametrax":"/nba/gameTrax?gameId=2015012429","boxscore":"/nba/boxscore?gameId=2015012429","recap":"http://www.foxsports.com/nba/story/memphis-grizzlies-coast-past-philadelphia-76ers-behind-zach-randolph-012415","preview":"http://www.foxsports.com/nba/story/76ers-grizzlies-preview-012415","odds":"/nba/odds#28565","tickets":"http://www.awin1.com/cread.php?awinmid=4292&awinaffid=143258&clickref=nba&p=http://www.ticketsnow.com/InventoryBrowse/TicketList.aspx?PID=1606440"}},{"Id":27579,"GameState":2,"Date":"2015-01-24 21:00","SeasonType":1,"GameType":1,"AwayTeamId":3,"AwayLeader":"J Jack 16 pts","HomeTeamId":20,"HomeLeader":"G Hayward 24 pts","AwayRecord":"18-26","HomeRecord":"16-28","AwayScore":73,"HomeScore":108,"WinningTeamId":20,"Links":{"gametrax":"/nba/gameTrax?gameId=2015012426","boxscore":"/nba/boxscore?gameId=2015012426","recap":"http://www.foxsports.com/nba/story/hayward-has-24-as-jazz-roll-over-reeling-nets-108-73-012415","preview":"http://www.foxsports.com/nba/story/nets-jazz-preview-012315","odds":"/nba/odds#27579","tickets":"http://www.awin1.com/cread.php?awinmid=4292&awinaffid=143258&clickref=nba&p=http://www.ticketsnow.com/InventoryBrowse/TicketList.aspx?PID=1607629"}},{"Id":28035,"GameState":2,"Date":"2015-01-24 22:00","SeasonType":1,"GameType":1,"AwayTeamId":7,"AwayLeader":"J Wall 25 pts","HomeTeamId":25,"HomeLeader":"L Aldridge 26 pts","AwayRecord":"29-15","HomeRecord":"32-13","AwayScore":96,"HomeScore":103,"WinningTeamId":25,"Links":{"gametrax":"/nba/gameTrax?gameId=2015012422","boxscore":"/nba/boxscore?gameId=2015012422","recap":"http://www.foxsports.com/nba/story/aldridge-returns-and-blazers-beat-wizards-103-96-012515","preview":"http://www.foxsports.com/nba/story/wizards-trail-blazers-preview-012315","odds":"/nba/odds#28035","tickets":"http://www.awin1.com/cread.php?awinmid=4292&awinaffid=143258&clickref=nba&p=http://www.ticketsnow.com/InventoryBrowse/TicketList.aspx?PID=1607674"}}]