[{"Id":27623,"GameState":2,"Date":"2015-01-19 14:00","SeasonType":1,"GameType":1,"AwayTeamId":6,"AwayLeader":"H Sims 13 pts","HomeTeamId":7,"HomeLeader":"M Gortat 20 pts","AwayRecord":"8-33","HomeRecord":"29-13","AwayScore":76,"HomeScore":111,"WinningTeamId":7,"Links":{"gametrax":"/nba/gameTrax?gameId=2015011927","boxscore":"/nba/boxscore?gameId=2015011927","recap":"http://www.foxsports.com/nba/story/washington-wizards-pull-ahead-early-rout-sixers-011915","preview":"http://www.foxsports.com/nba/story/76ers-wizards-preview-011815","odds":"/nba/odds#27623","tickets":"http://www.awin1.com/cread.php?awinmid=4292&awinaffid=143258&clickref=nba&p=http://www.ticketsnow.com/InventoryBrowse/TicketList.aspx?PID=1607395"}},{"Id":28647,"GameState":2,"Date":"2015-01-19 14:00","SeasonType":1,"GameType":1,"AwayTeamId":18,"AwayLeader":"T Young 18 pts","HomeTeamId":32,"HomeLeader":"G Henderson 17 pts","AwayRecord":"7-33","HomeRecord":"17-25","AwayScore":80,"HomeScore":105,"WinningTeamId":32,"Links":{"gametrax":"/nba/gameTrax?gameId=2015011930","boxscore":"/nba/boxscore?gameId=2015011930","recap":"http://www.foxsports.com/nba/story/charlotte-hornets-beat-minnesota-timberwolves-in-jefferson-s-return-011915","preview":"http://www.foxsports.com/nba/story/timberwolves-hornets-preview-011815","odds":"/nba/odds#28647","tickets":"http://www.awin1.com/cread.php?awinmid=4292&awinaffid=143258&clickref=nba&p=http://www.ticketsnow.com/InventoryBrowse/TicketList.aspx?PID=1605939"}},{"Id":28275,"GameState":2,"Date":"2015-01-19 14:30","SeasonType":1,"GameType":1,"AwayTeamId":12,"AwayLeader":"G Monroe 16 pts","HomeTeamId":8,"HomeLeader":"P Millsap 20 pts","AwayRecord":"16-26","HomeRecord":"34-8","AwayScore":82,"HomeScore":93,"WinningTeamId":8,"Links":{"gametrax":"/nba/gameTrax?gameId=2015011901","boxscore":"/nba/boxscore?gameId=2015011901","recap":"http://www.foxsports.com/nba/story/atlanta-hawks-win-13th-in-a-row-with-victory-over-detroit-pistons-011915","preview":"http://www.foxsports.com/nba/story/pistons-hawks-preview-011815","odds":"/nba/odds#28275","tickets":"http://www.awin1.com/cread.php?awinmid=4292&awinaffid=143258&clickref=nba&p=http://www.ticketsnow.com/InventoryBrowse/TicketList.aspx?PID=1605832"}},{"Id":28198,"GameState":2,"Date":"2015-01-19 15:30","SeasonType":1,"GameType":1,"AwayTeamId":1,"AwayLeader":"B Bass 17 pts","HomeTeamId":22,"HomeLeader":"B Griffin 22 pts","AwayRecord":"13-26","HomeRecord":"28-14","AwayScore":93,"HomeScore":102,"WinningTeamId":22,"Links":{"gametrax":"/nba/gameTrax?gameId=2015011912","boxscore":"/nba/boxscore?gameId=2015011912","recap":"http://www.foxsports.com/nba/story/la-clippers-beat-boston-celtics-for-8th-win-in-11-011915","preview":"http://www.foxsports.com/nba/story/celtics-clippers-preview-011815","odds":"/nba/odds#28198","tickets":"http://www.awin1.com/cread.php?awinmid=4292&awinaffid=143258&clickref=nba&p=http://www.ticketsnow.com/InventoryBrowse/TicketList.aspx?PID=1607788"}},{"Id":27701,"GameState":2,"Date":"2015-01-19 16:00","SeasonType":1,"GameType":1,"AwayTeamId":16,"AwayLeader":"T Lawson 19 pts","HomeTeamId":21,"HomeLeader":"K Thompson 22 pts","AwayRecord":"18-23","HomeRecord":"33-6","AwayScore":79,"HomeScore":122,"WinningTeamId":21,"Links":{"gametrax":"/nba/gameTrax?gameId=2015011909","boxscore":"/nba/boxscore?gameId=2015011909","recap":"http://www.foxsports.com/nba/story/golden-state-warriors-blow-out-denver-nuggets-with-43-point-win-011915","preview":"http://www.foxsports.com/nba/story/nuggets-warriors-preview-011915","odds":"/nba/odds#27701","tickets":"http://www.awin1.com/cread.php?awinmid=4292&awinaffid=143258&clickref=nba&p=http://www.ticketsnow.com/InventoryBrowse/TicketList.aspx?PID=1606217"}},{"Id":28563,"GameState":2,"Date":"2015-01-19 17:00","SeasonType":1,"GameType":1,"AwayTeamId":15,"AwayLeader":"M Ellis 25 pts","HomeTeamId":31,"HomeLeader":"M Conley 22 pts","AwayRecord":"29-13","HomeRecord":"29-12","AwayScore":103,"HomeScore":95,"WinningTeamId":15,"Links":{"gametrax":"/nba/gameTrax?gameId=2015011929","boxscore":"/nba/boxscore?gameId=2015011929","recap":"http://www.foxsports.com/nba/story/dirk-nowitzki-dominates-last-2-minutes-of-dallas-mavericks-win-over-memphis-grizzlies-011915","preview":"http://www.foxsports.com/nba/story/mavericks-grizzlies-preview-011815","odds":"/nba/odds#28563","tickets":"http://www.awin1.com/cread.php?awinmid=4292&awinaffid=143258&clickref=nba&p=http://www.ticketsnow.com/InventoryBrowse/TicketList.aspx?PID=1606438"}},{"Id":27785,"GameState":2,"Date":"2015-01-19 17:30","SeasonType":1,"GameType":1,"AwayTeamId":9,"AwayLeader":"T Evans 23 pts","HomeTeamId":4,"HomeLeader":"C Anthony 24 pts","AwayRecord":"20-21","HomeRecord":"6-36","AwayScore":92,"HomeScore":99,"WinningTeamId":4,"Links":{"gametrax":"/nba/gameTrax?gameId=2015011918","boxscore":"/nba/boxscore?gameId=2015011918","recap":"http://www.foxsports.com/nba/story/new-york-knicks-beat-new-orleans-pelicans-to-end-16-game-losing-streak-011915","preview":"http://www.foxsports.com/nba/story/pelicans-knicks-preview-011815","odds":"/nba/odds#27785","tickets":"http://www.awin1.com/cread.php?awinmid=4292&awinaffid=143258&clickref=nba&p=http://www.ticketsnow.com/InventoryBrowse/TicketList.aspx?PID=1607034"}},{"Id":28523,"GameState":2,"Date":"2015-01-19 17:30","SeasonType":1,"GameType":1,"AwayTeamId":13,"AwayLeader":"C Miles 23 pts","HomeTeamId":17,"HomeLeader":"J Harden 45 pts","AwayRecord":"15-28","HomeRecord":"29-13","AwayScore":98,"HomeScore":110,"WinningTeamId":17,"Links":{"gametrax":"/nba/gameTrax?gameId=2015011910","boxscore":"/nba/boxscore?gameId=2015011910","recap":"http://www.foxsports.com/nba/story/james-harden-scores-45-points-leads-houston-rockets-over-indiana-pacers-011915","preview":"http://www.foxsports.com/nba/story/pacers-rockets-preview-011815","odds":"/nba/odds#28523","tickets":"http://www.awin1.com/cread.php?awinmid=4292&awinaffid=143258&clickref=nba&p=http://www.ticketsnow.com/InventoryBrowse/TicketList.aspx?PID=1607540"}},{"Id":27909,"GameState":2,"Date":"2015-01-19 19:30","SeasonType":1,"GameType":1,"AwayTeamId":10,"AwayLeader":"J Butler 20 pts","HomeTeamId":11,"HomeLeader":"L James 26 pts","AwayRecord":"27-16","HomeRecord":"22-20","AwayScore":94,"HomeScore":108,"WinningTeamId":11,"Links":{"gametrax":"/nba/gameTrax?gameId=2015011905","boxscore":"/nba/boxscore?gameId=2015011905","recap":"http://www.foxsports.com/nba/story/lebron-james-scores-26-to-lead-cleveland-cavaliers-over-chicago-bulls-011915","preview":"http://www.foxsports.com/nba/story/bulls-cavaliers-preview-011915","odds":"/nba/odds#27909","tickets":"http://www.awin1.com/cread.php?awinmid=4292&awinaffid=143258&clickref=nba&p=http://www.ticketsnow.com/InventoryBrowse/TicketList.aspx?PID=1607438"}},{"Id":28068,"GameState":2,"Date":"2015-01-19 20:00","SeasonType":1,"GameType":1,"AwayTeamId":30,"AwayLeader":"K Lowry 18 pts","HomeTeamId":14,"HomeLeader":"B Knight 20 pts","AwayRecord":"27-14","HomeRecord":"21-20","AwayScore":92,"HomeScore":89,"WinningTeamId":30,"Links":{"gametrax":"/nba/gameTrax?gameId=2015011915","boxscore":"/nba/boxscore?gameId=2015011915","recap":"http://www.foxsports.com/nba/story/kyle-lowry-scores-18-as-toronto-raptors-edge-milwaukee-bucks-011915","preview":"http://www.foxsports.com/nba/story/raptors-bucks-preview-011815","odds":"/nba/odds#28068","tickets":"http://www.awin1.com/cread.php?awinmid=4292&awinaffid=143258&clickref=nba&p=http://www.ticketsnow.com/InventoryBrowse/TicketList.aspx?PID=1606533"}},{"Id":27825,"GameState":2,"Date":"2015-01-19 22:00","SeasonType":1,"GameType":1,"AwayTeamId":23,"AwayLeader":"N Young 24 pts","HomeTeamId":24,"HomeLeader":"G Dragic 24 pts","AwayRecord":"12-30","HomeRecord":"25-18","AwayScore":100,"HomeScore":115,"WinningTeamId":24,"Links":{"gametrax":"/nba/gameTrax?gameId=2015011921","boxscore":"/nba/boxscore?gameId=2015011921","recap":"http://www.foxsports.com/nba/story/kobe-bryant-rests-again-los-angeles-lakers-fall-to-phoenix-suns-for-5th-straight-loss-012015","preview":"http://www.foxsports.com/nba/story/lakers-suns-preview-011815","odds":"/nba/odds#27825","tickets":"http://www.awin1.com/cread.php?awinmid=4292&awinaffid=143258&clickref=nba&p=http://www.ticketsnow.com/InventoryBrowse/TicketList.aspx?PID=1607255"}},{"Id":28033,"GameState":2,"Date":"2015-01-19 22:00","SeasonType":1,"GameType":1,"AwayTeamId":26,"AwayLeader":"R Gay 26 pts","HomeTeamId":25,"HomeLeader":"D Lillard 22 pts","AwayRecord":"16-25","HomeRecord":"31-11","AwayScore":94,"HomeScore":98,"WinningTeamId":25,"Links":{"gametrax":"/nba/gameTrax?gameId=2015011922","boxscore":"/nba/boxscore?gameId=2015011922","recap":"http://www.foxsports.com/nba/story/lamarcus-aldridge-injures-hand-in-portland-trail-blazers-victory-over-sacramento-kings-012015","preview":"http://www.foxsports.com/nba/story/kings-trail-blazers-preview-011915","odds":"/nba/odds#28033","tickets":"http://www.awin1.com/cread.php?awinmid=4292&awinaffid=143258&clickref=nba&p=http://www.ticketsnow.com/InventoryBrowse/TicketList.aspx?PID=1607672"}}]