[{"Id":27610,"GameState":2,"Date":"2014-12-03 19:00","SeasonType":1,"GameType":1,"AwayTeamId":23,"AwayLeader":"K Bryant 29 pts","HomeTeamId":7,"HomeLeader":"B Beal 27 pts","AwayRecord":"5-14","HomeRecord":"12-5","AwayScore":95,"HomeScore":111,"WinningTeamId":7,"Links":{"gametrax":"/nba/gameTrax?gameId=2014120327","boxscore":"/nba/boxscore?gameId=2014120327","recap":"#","preview":"#","odds":"/nba/odds#27610","tickets":"http://www.awin1.com/cread.php?awinmid=4292&awinaffid=143258&clickref=nba&p=http://www.ticketsnow.com/InventoryBrowse/TicketList.aspx?PID=1607382"}},{"Id":28634,"GameState":2,"Date":"2014-12-03 19:00","SeasonType":1,"GameType":1,"AwayTeamId":10,"AwayLeader":"P Gasol 19 pts","HomeTeamId":32,"HomeLeader":"K Walker 23 pts","AwayRecord":"12-7","HomeRecord":"4-15","AwayScore":102,"HomeScore":95,"WinningTeamId":10,"Links":{"gametrax":"/nba/gameTrax?gameId=2014120330","boxscore":"/nba/boxscore?gameId=2014120330","recap":"#","preview":"http://www.foxsports.com/nba/story/bulls-hornets-preview-120314","odds":"/nba/odds#28634","tickets":"http://www.awin1.com/cread.php?awinmid=4292&awinaffid=143258&clickref=nba&p=http://www.ticketsnow.com/InventoryBrowse/TicketList.aspx?PID=1605926"}},{"Id":27528,"GameState":2,"FinalText":"OT","Date":"2014-12-03 19:30","SeasonType":1,"GameType":1,"AwayTeamId":12,"AwayLeader":"G Monroe 29 pts","HomeTeamId":1,"HomeLeader":"J Green 32 pts","AwayRecord":"3-16","HomeRecord":"5-11","AwayScore":102,"HomeScore":109,"WinningTeamId":1,"Links":{"gametrax":"/nba/gameTrax?gameId=2014120302","boxscore":"/nba/boxscore?gameId=2014120302","recap":"http://www.foxsports.com/nba/story/detroit-pistons-push-boston-celtics-to-ot-before-taking-10th-straight-loss-120314","preview":"http://www.foxsports.com/nba/story/pistons-celtics-preview-120314","odds":"/nba/odds#27528","tickets":"http://www.awin1.com/cread.php?awinmid=4292&awinaffid=143258&clickref=nba&p=http://www.ticketsnow.com/InventoryBrowse/TicketList.aspx?PID=1605871"}},{"Id":28347,"GameState":2,"Date":"2014-12-03 19:30","SeasonType":1,"GameType":1,"AwayTeamId":8,"AwayLeader":"J Teague 27 pts","HomeTeamId":2,"HomeLeader":"D Wade 28 pts","AwayRecord":"11-6","HomeRecord":"9-9","AwayScore":112,"HomeScore":102,"WinningTeamId":8,"Links":{"gametrax":"/nba/gameTrax?gameId=2014120314","boxscore":"/nba/boxscore?gameId=2014120314","recap":"http://www.foxsports.com/nba/story/atlanta-hawks-top-miami-heat-for-fourth-straight-victory-120314","preview":"#","odds":"/nba/odds#28347","tickets":"http://www.awin1.com/cread.php?awinmid=4292&awinaffid=143258&clickref=nba&p=http://www.ticketsnow.com/InventoryBrowse/TicketList.aspx?PID=1606472"}},{"Id":28715,"GameState":2,"FinalText":"OT","Date":"2014-12-03 19:30","SeasonType":1,"GameType":1,"AwayTeamId":19,"AwayLeader":"D Green 20 pts","HomeTeamId":3,"HomeLeader":"M Teletovic 26 pts","AwayRecord":"13-5","HomeRecord":"8-9","AwayScore":93,"HomeScore":95,"WinningTeamId":3,"Links":{"gametrax":"/nba/gameTrax?gameId=2014120317","boxscore":"/nba/boxscore?gameId=2014120317","recap":"#","preview":"#","odds":"/nba/odds#28715","tickets":"http://www.awin1.com/cread.php?awinmid=4292&awinaffid=143258&clickref=nba&p=http://www.ticketsnow.com/InventoryBrowse/TicketList.aspx?PID=1605444"}},{"Id":27936,"GameState":2,"Date":"2014-12-03 20:00","SeasonType":1,"GameType":1,"AwayTeamId":6,"AwayLeader":"M Carter-Williams 20 pts","HomeTeamId":18,"HomeLeader":"T Young 16 pts","AwayRecord":"1-17","HomeRecord":"4-13","AwayScore":85,"HomeScore":77,"WinningTeamId":6,"Links":{"gametrax":"/nba/gameTrax?gameId=2014120316","boxscore":"/nba/boxscore?gameId=2014120316","recap":"#","preview":"http://www.foxsports.com/nba/story/philadelphia-76ers-look-to-avoid-making-history-against-minnesota-timberwolves-120214","odds":"/nba/odds#27936","tickets":"http://www.awin1.com/cread.php?awinmid=4292&awinaffid=143258&clickref=nba&p=http://www.ticketsnow.com/InventoryBrowse/TicketList.aspx?PID=1606745"}},{"Id":28060,"GameState":2,"Date":"2014-12-03 20:00","SeasonType":1,"GameType":1,"AwayTeamId":15,"AwayLeader":"M Ellis 23 pts","HomeTeamId":14,"HomeLeader":"B Knight 25 pts","AwayRecord":"15-5","HomeRecord":"10-10","AwayScore":107,"HomeScore":105,"WinningTeamId":15,"Links":{"gametrax":"/nba/gameTrax?gameId=2014120315","boxscore":"/nba/boxscore?gameId=2014120315","recap":"http://www.foxsports.com/nba/story/monta-ellis-hits-buzzer-beater-as-dallas-mavericks-beat-milwaukee-bucks-without-dirk-nowitzki-120314","preview":"http://www.foxsports.com/nba/story/mavericks-bucks-preview-120314","odds":"/nba/odds#28060","tickets":"http://www.awin1.com/cread.php?awinmid=4292&awinaffid=143258&clickref=nba&p=http://www.ticketsnow.com/InventoryBrowse/TicketList.aspx?PID=1606524"}},{"Id":28511,"GameState":2,"Date":"2014-12-03 20:00","SeasonType":1,"GameType":1,"AwayTeamId":31,"AwayLeader":"M Conley 15 pts","HomeTeamId":17,"HomeLeader":"J Harden 21 pts","AwayRecord":"15-3","HomeRecord":"14-4","AwayScore":96,"HomeScore":105,"WinningTeamId":17,"Links":{"gametrax":"/nba/gameTrax?gameId=2014120310","boxscore":"/nba/boxscore?gameId=2014120310","recap":"http://www.foxsports.com/nba/story/houston-rockets-top-memphis-grizzlies-in-matchup-of-league-s-top-defenses-120314","preview":"http://www.foxsports.com/nba/story/grizzlies-rockets-preview-120214","odds":"/nba/odds#28511","tickets":"http://www.awin1.com/cread.php?awinmid=4292&awinaffid=143258&clickref=nba&p=http://www.ticketsnow.com/InventoryBrowse/TicketList.aspx?PID=1607528"}},{"Id":27569,"GameState":2,"Date":"2014-12-03 21:00","SeasonType":1,"GameType":1,"AwayTeamId":30,"AwayLeader":"K Lowry 39 pts","HomeTeamId":20,"HomeLeader":"E Kanter 19 pts","AwayRecord":"15-4","HomeRecord":"5-14","AwayScore":123,"HomeScore":104,"WinningTeamId":30,"Links":{"gametrax":"/nba/gameTrax?gameId=2014120326","boxscore":"/nba/boxscore?gameId=2014120326","recap":"http://www.foxsports.com/nba/story/kyle-lowry-scores-39-toronto-raptors-hand-utah-jazz-seventh-straight-loss-120314","preview":"http://www.foxsports.com/nba/story/raptors-jazz-preview-120314","odds":"/nba/odds#27569","tickets":"http://www.awin1.com/cread.php?awinmid=4292&awinaffid=143258&clickref=nba&p=http://www.ticketsnow.com/InventoryBrowse/TicketList.aspx?PID=1607619"}},{"Id":28182,"GameState":2,"Date":"2014-12-03 22:30","SeasonType":1,"GameType":1,"AwayTeamId":5,"AwayLeader":"T Harris 16 pts","HomeTeamId":22,"HomeLeader":"B Griffin 21 pts","AwayRecord":"7-14","HomeRecord":"13-5","AwayScore":86,"HomeScore":114,"WinningTeamId":22,"Links":{"gametrax":"/nba/gameTrax?gameId=2014120312","boxscore":"/nba/boxscore?gameId=2014120312","recap":"http://www.foxsports.com/nba/story/clippers-rout-magic-for-6th-straight-win-120414","preview":"http://www.foxsports.com/nba/story/magic-clippers-preview-120314","odds":"/nba/odds#28182","tickets":"http://www.awin1.com/cread.php?awinmid=4292&awinaffid=143258&clickref=nba&p=http://www.ticketsnow.com/InventoryBrowse/TicketList.aspx?PID=1606308"}}]