[{"Id":27608,"GameState":2,"Date":"2014-11-29 19:00","SeasonType":1,"GameType":1,"AwayTeamId":9,"AwayLeader":"A Davis 30 pts","HomeTeamId":7,"HomeLeader":"M Gortat 24 pts","AwayRecord":"7-8","HomeRecord":"10-5","AwayScore":80,"HomeScore":83,"WinningTeamId":7,"Links":{"gametrax":"/nba/gameTrax?gameId=2014112927","boxscore":"/nba/boxscore?gameId=2014112927","recap":"http://www.foxsports.com/nba/story/marcin-gortat-s-big-game-carries-wizards-over-pelicans-112914","preview":"http://www.foxsports.com/nba/story/pelicans-wizards-preview-112814","odds":"/nba/odds#27608","tickets":"http://www.awin1.com/cread.php?awinmid=4292&awinaffid=143258&clickref=nba&p=http://www.ticketsnow.com/InventoryBrowse/TicketList.aspx?PID=1607380"}},{"Id":27650,"GameState":2,"Date":"2014-11-29 19:00","SeasonType":1,"GameType":1,"AwayTeamId":15,"AwayLeader":"T Chandler 20 pts","HomeTeamId":6,"HomeLeader":"K McDaniels 21 pts","AwayRecord":"13-5","HomeRecord":"0-16","AwayScore":110,"HomeScore":103,"WinningTeamId":15,"Links":{"gametrax":"/nba/gameTrax?gameId=2014112920","boxscore":"/nba/boxscore?gameId=2014112920","recap":"http://www.foxsports.com/nba/story/tyson-chandler-leads-mavericks-to-win-over-76ers-112914","preview":"http://www.foxsports.com/nba/story/mavericks-76ers-preview-112914","odds":"/nba/odds#27650","tickets":"http://www.awin1.com/cread.php?awinmid=4292&awinaffid=143258&clickref=nba&p=http://www.ticketsnow.com/InventoryBrowse/TicketList.aspx?PID=1607574"}},{"Id":27897,"GameState":2,"Date":"2014-11-29 19:30","SeasonType":1,"GameType":1,"AwayTeamId":13,"AwayLeader":"D West 14 pts","HomeTeamId":11,"HomeLeader":"K Love 28 pts","AwayRecord":"7-10","HomeRecord":"8-7","AwayScore":97,"HomeScore":109,"WinningTeamId":11,"Links":{"gametrax":"/nba/gameTrax?gameId=2014112905","boxscore":"/nba/boxscore?gameId=2014112905","recap":"http://www.foxsports.com/nba/story/kevin-love-kyrie-irving-lead-cavaliers-to-win-over-pacers-112914","preview":"http://www.foxsports.com/nba/story/pacers-cavaliers-preview-112914","odds":"/nba/odds#27897","tickets":"http://www.awin1.com/cread.php?awinmid=4292&awinaffid=143258&clickref=nba&p=http://www.ticketsnow.com/InventoryBrowse/TicketList.aspx?PID=1607426"}},{"Id":28264,"GameState":2,"Date":"2014-11-29 19:30","SeasonType":1,"GameType":1,"AwayTeamId":32,"AwayLeader":"P Hairston 15 pts","HomeTeamId":8,"HomeLeader":"P Millsap 18 pts","AwayRecord":"4-14","HomeRecord":"9-6","AwayScore":75,"HomeScore":105,"WinningTeamId":8,"Links":{"gametrax":"/nba/gameTrax?gameId=2014112901","boxscore":"/nba/boxscore?gameId=2014112901","recap":"http://www.foxsports.com/nba/story/paul-millsap-leads-hawks-to-blowout-of-hornets-112914","preview":"http://www.foxsports.com/nba/story/hornets-hawks-preview-112814","odds":"/nba/odds#28264","tickets":"http://www.awin1.com/cread.php?awinmid=4292&awinaffid=143258&clickref=nba&p=http://www.ticketsnow.com/InventoryBrowse/TicketList.aspx?PID=1605820"}},{"Id":27567,"GameState":2,"Date":"2014-11-29 21:00","SeasonType":1,"GameType":1,"AwayTeamId":22,"AwayLeader":"B Griffin 28 pts","HomeTeamId":20,"HomeLeader":"G Hayward 30 pts","AwayRecord":"11-5","HomeRecord":"5-12","AwayScore":112,"HomeScore":96,"WinningTeamId":22,"Links":{"gametrax":"/nba/gameTrax?gameId=2014112926","boxscore":"/nba/boxscore?gameId=2014112926","recap":"http://www.foxsports.com/nba/story/blake-griffin-chris-paul-lead-clippers-to-easy-win-over-jazz-112914","preview":"http://www.foxsports.com/nba/story/clippers-jazz-preview-112914","odds":"/nba/odds#27567","tickets":"http://www.awin1.com/cread.php?awinmid=4292&awinaffid=143258&clickref=nba&p=http://www.ticketsnow.com/InventoryBrowse/TicketList.aspx?PID=1607617"}},{"Id":28059,"GameState":2,"Date":"2014-11-29 21:00","SeasonType":1,"GameType":1,"AwayTeamId":17,"AwayLeader":"J Harden 34 pts","HomeTeamId":14,"HomeLeader":"J Parker 19 pts","AwayRecord":"13-4","HomeRecord":"10-8","AwayScore":117,"HomeScore":103,"WinningTeamId":17,"Links":{"gametrax":"/nba/gameTrax?gameId=2014112915","boxscore":"/nba/boxscore?gameId=2014112915","recap":"http://www.foxsports.com/nba/story/harden-leads-rockets-over-bucks-117-103-113014","preview":"http://www.foxsports.com/nba/story/rockets-bucks-preview-112914","odds":"/nba/odds#28059","tickets":"http://www.awin1.com/cread.php?awinmid=4292&awinaffid=143258&clickref=nba&p=http://www.ticketsnow.com/InventoryBrowse/TicketList.aspx?PID=1606523"}}]