[{"Id":28108,"GameState":2,"Date":"2014-12-21 15:30","SeasonType":1,"GameType":1,"AwayTeamId":4,"AwayLeader":"C Anthony 28 pts","HomeTeamId":30,"HomeLeader":"K Lowry 22 pts","AwayRecord":"5-25","HomeRecord":"22-6","AwayScore":108,"HomeScore":118,"WinningTeamId":30,"Links":{"gametrax":"/nba/gameTrax?gameId=2014122128","boxscore":"/nba/boxscore?gameId=2014122128","recap":"http://www.foxsports.com/nba/story/toronto-raptors-beat-new-york-knicks-for-6th-straight-win-lou-williams-kyle-lowry-each-score-22-points-122114","preview":"http://www.foxsports.com/nba/story/knicks-raptors-preview-122014","odds":"/nba/odds#28108"}},{"Id":27903,"GameState":2,"Date":"2014-12-21 16:30","SeasonType":1,"GameType":1,"AwayTeamId":31,"AwayLeader":"M Gasol 23 pts","HomeTeamId":11,"HomeLeader":"L James 25 pts","AwayRecord":"21-6","HomeRecord":"16-10","AwayScore":91,"HomeScore":105,"WinningTeamId":11,"Links":{"gametrax":"/nba/gameTrax?gameId=2014122105","boxscore":"/nba/boxscore?gameId=2014122105","recap":"http://www.foxsports.com/nba/story/cleveland-cavaliers-beat-memphis-grizzlies-while-shooting-season-best-61-percent-lebron-james-scores-25-points-122114","preview":"http://www.foxsports.com/nba/story/grizzlies-cavaliers-preview-122014","odds":"/nba/odds#27903","tickets":"http://www.awin1.com/cread.php?awinmid=4292&awinaffid=143258&clickref=nba&p=http://www.ticketsnow.com/InventoryBrowse/TicketList.aspx?PID=1607432"}},{"Id":27616,"GameState":2,"Date":"2014-12-21 18:00","SeasonType":1,"GameType":1,"AwayTeamId":24,"AwayLeader":"E Bledsoe 17 pts","HomeTeamId":7,"HomeLeader":"R Butler 17 pts","AwayRecord":"15-14","HomeRecord":"19-7","AwayScore":104,"HomeScore":92,"WinningTeamId":24,"Links":{"gametrax":"/nba/gameTrax?gameId=2014122127","boxscore":"/nba/boxscore?gameId=2014122127","recap":"http://www.foxsports.com/nba/story/phoenix-suns-complete-3-0-road-trip-by-ending-washington-wizards-6-game-winning-streak-122114","preview":"http://www.foxsports.com/nba/story/suns-wizards-preview-122014","odds":"/nba/odds#27616","tickets":"http://www.awin1.com/cread.php?awinmid=4292&awinaffid=143258&clickref=nba&p=http://www.ticketsnow.com/InventoryBrowse/TicketList.aspx?PID=1607388"}},{"Id":27863,"GameState":2,"Date":"2014-12-21 18:00","SeasonType":1,"GameType":1,"AwayTeamId":23,"AwayLeader":"N Young 26 pts","HomeTeamId":26,"HomeLeader":"D Cousins 29 pts","AwayRecord":"8-19","HomeRecord":"12-15","AwayScore":101,"HomeScore":108,"WinningTeamId":26,"Links":{"gametrax":"/nba/gameTrax?gameId=2014122123","boxscore":"/nba/boxscore?gameId=2014122123","recap":"http://www.foxsports.com/nba/story/demarcus-cousins-scores-29-as-sacramento-kings-beat-los-angeles-lakers-to-snap-5-game-losing-streak-122114","preview":"http://www.foxsports.com/nba/story/lakers-kings-preview-122014","odds":"/nba/odds#27863","tickets":"http://www.awin1.com/cread.php?awinmid=4292&awinaffid=143258&clickref=nba&p=http://www.ticketsnow.com/InventoryBrowse/TicketList.aspx?PID=1607301"}},{"Id":28351,"GameState":2,"Date":"2014-12-21 18:00","SeasonType":1,"GameType":1,"AwayTeamId":1,"AwayLeader":"T Zeller 22 pts","HomeTeamId":2,"HomeLeader":"L Deng 23 pts","AwayRecord":"10-15","HomeRecord":"13-15","AwayScore":84,"HomeScore":100,"WinningTeamId":2,"Links":{"gametrax":"/nba/gameTrax?gameId=2014122114","boxscore":"/nba/boxscore?gameId=2014122114","recap":"http://www.foxsports.com/nba/story/miami-heat-beat-boston-celtics-without-dwyane-wade-chris-bosh-to-end-5-game-home-losing-streak-122114","preview":"http://www.foxsports.com/nba/story/celtics-heat-preview-122014","odds":"/nba/odds#28351","tickets":"http://www.awin1.com/cread.php?awinmid=4292&awinaffid=143258&clickref=nba&p=http://www.ticketsnow.com/InventoryBrowse/TicketList.aspx?PID=1606476"}},{"Id":28676,"GameState":2,"Date":"2014-12-21 18:00","SeasonType":1,"GameType":1,"AwayTeamId":6,"AwayLeader":"M Carter-Williams 21 pts","HomeTeamId":5,"HomeLeader":"V Oladipo 23 pts","AwayRecord":"3-23","HomeRecord":"10-20","AwayScore":96,"HomeScore":88,"WinningTeamId":6,"Links":{"gametrax":"/nba/gameTrax?gameId=2014122119","boxscore":"/nba/boxscore?gameId=2014122119","recap":"http://www.foxsports.com/nba/story/philadelphia-76ers-top-orlando-magic-for-third-win-of-season-122114","preview":"http://www.foxsports.com/nba/story/76ers-magic-preview-122014","odds":"/nba/odds#28676","tickets":"http://www.awin1.com/cread.php?awinmid=4292&awinaffid=143258&clickref=nba&p=http://www.ticketsnow.com/InventoryBrowse/TicketList.aspx?PID=1607179"}},{"Id":28720,"GameState":2,"Date":"2014-12-21 18:00","SeasonType":1,"GameType":1,"AwayTeamId":12,"AwayLeader":"K Caldwell-Pope 20 pts","HomeTeamId":3,"HomeLeader":"M Plumlee 21 pts","AwayRecord":"5-23","HomeRecord":"11-15","AwayScore":105,"HomeScore":110,"WinningTeamId":3,"Links":{"gametrax":"/nba/gameTrax?gameId=2014122117","boxscore":"/nba/boxscore?gameId=2014122117","recap":"http://www.foxsports.com/nba/story/mason-plumlee-hot-in-4th-quarter-to-help-brooklyn-nets-down-detroit-pistons-122114","preview":"http://www.foxsports.com/nba/story/pistons-nets-preview-122014","odds":"/nba/odds#28720","tickets":"http://www.awin1.com/cread.php?awinmid=4292&awinaffid=143258&clickref=nba&p=http://www.ticketsnow.com/InventoryBrowse/TicketList.aspx?PID=1605449"}},{"Id":27942,"GameState":2,"Date":"2014-12-21 19:00","SeasonType":1,"GameType":1,"AwayTeamId":13,"AwayLeader":"C Miles 28 pts","HomeTeamId":18,"HomeLeader":"M Williams 24 pts","AwayRecord":"9-19","HomeRecord":"5-21","AwayScore":100,"HomeScore":96,"WinningTeamId":13,"Links":{"gametrax":"/nba/gameTrax?gameId=2014122116","boxscore":"/nba/boxscore?gameId=2014122116","recap":"http://www.foxsports.com/nba/story/cj-miles-scores-28-to-help-indiana-pacers-fend-off-minnesota-timberwolves-122114","preview":"http://www.foxsports.com/nba/story/pacers-timberwolves-preview-122114","odds":"/nba/odds#27942","tickets":"http://www.awin1.com/cread.php?awinmid=4292&awinaffid=143258&clickref=nba&p=http://www.ticketsnow.com/InventoryBrowse/TicketList.aspx?PID=1606751"}},{"Id":28596,"GameState":2,"Date":"2014-12-21 19:00","SeasonType":1,"GameType":1,"AwayTeamId":9,"AwayLeader":"A Davis 38 pts","HomeTeamId":27,"HomeLeader":"R Westbrook 29 pts","AwayRecord":"14-13","HomeRecord":"13-15","AwayScore":101,"HomeScore":99,"WinningTeamId":9,"Links":{"gametrax":"/nba/gameTrax?gameId=2014122125","boxscore":"/nba/boxscore?gameId=2014122125","recap":"http://www.foxsports.com/nba/story/anthony-davis-scores-38-to-lead-new-orleans-pelicans-over-oklahoma-city-thunder-who-go-without-kevin-durant-122114","preview":"http://www.foxsports.com/nba/story/pelicans-thunder-preview-122114","odds":"/nba/odds#28596","tickets":"http://www.awin1.com/cread.php?awinmid=4292&awinaffid=143258&clickref=nba&p=http://www.ticketsnow.com/InventoryBrowse/TicketList.aspx?PID=1607132"}}]