[{"Id":27794,"GameState":2,"Date":"2015-02-22 13:00","SeasonType":1,"GameType":1,"AwayTeamId":11,"AwayLeader":"L James 18 pts","HomeTeamId":4,"HomeLeader":"L Galloway 13 pts","AwayRecord":"35-22","HomeRecord":"10-45","AwayScore":101,"HomeScore":83,"WinningTeamId":11,"Links":{"gametrax":"/nba/gameTrax?gameId=2015022218","boxscore":"/nba/boxscore?gameId=2015022218","recap":"http://www.foxsports.com/nba/story/cavs-crush-knicks-101-83-as-smith-shumpert-return-to-ny-022215","preview":"http://www.foxsports.com/nba/story/cavaliers-knicks-preview-022115","odds":"/nba/odds#27794","tickets":"http://www.awin1.com/cread.php?awinmid=4292&awinaffid=143258&clickref=nba&p=http://www.ticketsnow.com/InventoryBrowse/TicketList.aspx?PID=1607042"}},{"Id":27753,"GameState":2,"Date":"2015-02-22 15:30","SeasonType":1,"GameType":1,"AwayTeamId":7,"AwayLeader":"M Gortat 24 pts","HomeTeamId":12,"HomeLeader":"K Caldwell-Pope 26 pts","AwayRecord":"33-23","HomeRecord":"23-33","AwayScore":89,"HomeScore":106,"WinningTeamId":12,"Links":{"gametrax":"/nba/gameTrax?gameId=2015022208","boxscore":"/nba/boxscore?gameId=2015022208","recap":"http://www.foxsports.com/nba/story/reggie-jackson-has-17-points-in-detroit-pistons-debut-a-win-over-washington-wizards-022215","preview":"http://www.foxsports.com/nba/story/wizards-pistons-preview-022115","odds":"/nba/odds#27753","tickets":"http://www.awin1.com/cread.php?awinmid=4292&awinaffid=143258&clickref=nba&p=http://www.ticketsnow.com/InventoryBrowse/TicketList.aspx?PID=1606177"}},{"Id":28077,"GameState":2,"Date":"2015-02-22 15:30","SeasonType":1,"GameType":1,"AwayTeamId":8,"AwayLeader":"P Millsap 23 pts","HomeTeamId":14,"HomeLeader":"K Middleton 19 pts","AwayRecord":"44-12","HomeRecord":"31-24","AwayScore":97,"HomeScore":86,"WinningTeamId":8,"Links":{"gametrax":"/nba/gameTrax?gameId=2015022215","boxscore":"/nba/boxscore?gameId=2015022215","recap":"http://www.foxsports.com/nba/story/atlanta-hawks-avoid-3-game-losing-streak-with-victory-over-milwaukee-bucks-022215","preview":"http://www.foxsports.com/nba/story/hawks-bucks-preview-022115","odds":"/nba/odds#28077","tickets":"http://www.awin1.com/cread.php?awinmid=4292&awinaffid=143258&clickref=nba&p=http://www.ticketsnow.com/InventoryBrowse/TicketList.aspx?PID=1606542"}},{"Id":28322,"GameState":2,"Date":"2015-02-22 18:00","SeasonType":1,"GameType":1,"AwayTeamId":21,"AwayLeader":"K Thompson 39 pts","HomeTeamId":13,"HomeLeader":"R Stuckey 30 pts","AwayRecord":"43-10","HomeRecord":"23-33","AwayScore":98,"HomeScore":104,"WinningTeamId":13,"Links":{"gametrax":"/nba/gameTrax?gameId=2015022211","boxscore":"/nba/boxscore?gameId=2015022211","recap":"http://www.foxsports.com/nba/story/indiana-pacers-beat-golden-state-warriors-rodney-stuckey-scores-30-points-despite-sprained-ankle-022215","preview":"http://www.foxsports.com/nba/story/warriors-pacers-preview-022115","odds":"/nba/odds#28322","tickets":"http://www.awin1.com/cread.php?awinmid=4292&awinaffid=143258&clickref=nba&p=http://www.ticketsnow.com/InventoryBrowse/TicketList.aspx?PID=1606273"}},{"Id":28692,"GameState":2,"Date":"2015-02-22 18:00","SeasonType":1,"GameType":1,"AwayTeamId":6,"AwayLeader":"R Covington 16 pts","HomeTeamId":5,"HomeLeader":"N Vucevic 31 pts","AwayRecord":"12-43","HomeRecord":"19-39","AwayScore":98,"HomeScore":103,"WinningTeamId":5,"Links":{"gametrax":"/nba/gameTrax?gameId=2015022219","boxscore":"/nba/boxscore?gameId=2015022219","recap":"http://www.foxsports.com/nba/story/orlando-magic-beat-philadelphia-76ers-for-their-first-three-game-win-streak-of-season-022215","preview":"http://www.foxsports.com/nba/story/76ers-magic-preview-022115","odds":"/nba/odds#28692","tickets":"http://www.awin1.com/cread.php?awinmid=4292&awinaffid=143258&clickref=nba&p=http://www.ticketsnow.com/InventoryBrowse/TicketList.aspx?PID=1607195"}},{"Id":28609,"GameState":2,"Date":"2015-02-22 19:00","SeasonType":1,"GameType":1,"AwayTeamId":16,"AwayLeader":"T Lawson 17 pts","HomeTeamId":27,"HomeLeader":"R Westbrook 21 pts","AwayRecord":"20-35","HomeRecord":"31-25","AwayScore":94,"HomeScore":119,"WinningTeamId":27,"Links":{"gametrax":"/nba/gameTrax?gameId=2015022225","boxscore":"/nba/boxscore?gameId=2015022225","recap":"http://www.foxsports.com/nba/story/russell-westbrook-leads-oklahoma-city-thunder-over-denver-nuggets-with-kevin-durant-sidelined-022215","preview":"http://www.foxsports.com/nba/story/nuggets-thunder-preview-022215","odds":"/nba/odds#28609","tickets":"http://www.awin1.com/cread.php?awinmid=4292&awinaffid=143258&clickref=nba&p=http://www.ticketsnow.com/InventoryBrowse/TicketList.aspx?PID=1607145"}},{"Id":28406,"GameState":2,"Date":"2015-02-22 19:30","SeasonType":1,"GameType":1,"AwayTeamId":32,"AwayLeader":"M Williams 22 pts","HomeTeamId":15,"HomeLeader":"M Ellis 23 pts","AwayRecord":"22-32","HomeRecord":"38-20","AwayScore":81,"HomeScore":92,"WinningTeamId":15,"Links":{"gametrax":"/nba/gameTrax?gameId=2015022206","boxscore":"/nba/boxscore?gameId=2015022206","recap":"http://www.foxsports.com/nba/story/amare-stoudemire-debuts-for-dallas-mavericks-with-14-points-in-win-over-charlotte-hornets-022215","preview":"http://www.foxsports.com/nba/story/hornets-mavericks-preview-022215","odds":"/nba/odds#28406","tickets":"http://www.awin1.com/cread.php?awinmid=4292&awinaffid=143258&clickref=nba&p=http://www.ticketsnow.com/InventoryBrowse/TicketList.aspx?PID=1606036"}},{"Id":28039,"GameState":2,"Date":"2015-02-22 21:00","SeasonType":1,"GameType":1,"AwayTeamId":31,"AwayLeader":"M Gasol 21 pts","HomeTeamId":25,"HomeLeader":"D Lillard 18 pts","AwayRecord":"40-14","HomeRecord":"36-19","AwayScore":98,"HomeScore":92,"WinningTeamId":31,"Links":{"gametrax":"/nba/gameTrax?gameId=2015022222","boxscore":"/nba/boxscore?gameId=2015022222","recap":"http://www.foxsports.com/nba/story/without-lamarcus-aldridge-portland-trail-blazers-fall-to-memphis-grizzlies-022215","preview":"http://www.foxsports.com/nba/story/grizzlies-trail-blazers-preview-022115","odds":"/nba/odds#28039","tickets":"http://www.awin1.com/cread.php?awinmid=4292&awinaffid=143258&clickref=nba&p=http://www.ticketsnow.com/InventoryBrowse/TicketList.aspx?PID=1607678"}},{"Id":28241,"GameState":2,"FinalText":"OT","Date":"2015-02-22 21:30","SeasonType":1,"GameType":1,"AwayTeamId":1,"AwayLeader":"J Crowder 22 pts","HomeTeamId":23,"HomeLeader":"J Lin 25 pts","AwayRecord":"20-33","HomeRecord":"14-41","AwayScore":111,"HomeScore":118,"WinningTeamId":23,"Links":{"gametrax":"/nba/gameTrax?gameId=2015022213","boxscore":"/nba/boxscore?gameId=2015022213","recap":"http://www.foxsports.com/nba/story/lakers-stop-7-game-losing-streak-with-ot-win-over-celtics-022315","preview":"http://www.foxsports.com/nba/story/celtics-lakers-preview-022115","odds":"/nba/odds#28241","tickets":"http://www.awin1.com/cread.php?awinmid=4292&awinaffid=143258&clickref=nba&p=http://www.ticketsnow.com/InventoryBrowse/TicketList.aspx?PID=1606398"}}]