[{"Id":28085,"GameState":2,"Date":"2015-03-26 20:00","SeasonType":1,"GameType":1,"AwayTeamId":13,"AwayLeader":"C Miles 26 pts","HomeTeamId":14,"HomeLeader":"E Ilyasova 34 pts","AwayRecord":"31-41","HomeRecord":"36-36","AwayScore":107,"HomeScore":111,"WinningTeamId":14,"Links":{"gametrax":"/nba/gameTrax?gameId=2015032615","boxscore":"/nba/boxscore?gameId=2015032615","recap":"http://www.foxsports.com/nba/story/ersan-ilyasova-scores-career-high-34-points-to-lead-milwaukee-bucks-over-indiana-pacers-032615","preview":"http://www.foxsports.com/nba/story/pacers-bucks-preview-032615","odds":"/nba/odds#28085","tickets":"http://www.awin1.com/cread.php?awinmid=4292&awinaffid=143258&clickref=nba&p=http://www.ticketsnow.com/InventoryBrowse/TicketList.aspx?PID=1606550"}}]