[{"Id":27779,"GameState":2,"Date":"2014-12-20 13:00","SeasonType":1,"GameType":1,"AwayTeamId":24,"AwayLeader":"E Bledsoe 25 pts","HomeTeamId":4,"HomeLeader":"C Anthony 25 pts","AwayRecord":"14-14","HomeRecord":"5-24","AwayScore":99,"HomeScore":90,"WinningTeamId":24,"Links":{"gametrax":"/nba/gameTrax?gameId=2014122018","boxscore":"/nba/boxscore?gameId=2014122018","recap":"http://www.foxsports.com/nba/story/phoenix-suns-top-new-york-knicks-122014","preview":"http://www.foxsports.com/nba/story/suns-knicks-preview-121914","odds":"/nba/odds#27779","tickets":"http://www.awin1.com/cread.php?awinmid=4292&awinaffid=143258&clickref=nba&p=http://www.ticketsnow.com/InventoryBrowse/TicketList.aspx?PID=1607027"}},{"Id":28431,"GameState":2,"Date":"2014-12-20 19:00","SeasonType":1,"GameType":1,"AwayTeamId":25,"AwayLeader":"L Aldridge 27 pts","HomeTeamId":9,"HomeLeader":"A Rivers 21 pts","AwayRecord":"22-6","HomeRecord":"13-13","AwayScore":114,"HomeScore":88,"WinningTeamId":25,"Links":{"gametrax":"/nba/gameTrax?gameId=2014122003","boxscore":"/nba/boxscore?gameId=2014122003","recap":"http://www.foxsports.com/nba/story/lamarcus-aldridge-scores-27-points-to-lead-blazers-past-pelicans-122014","preview":"http://www.foxsports.com/nba/story/trail-blazers-pelicans-preview-122014","odds":"/nba/odds#28431","tickets":"http://www.awin1.com/cread.php?awinmid=4292&awinaffid=143258&clickref=nba&p=http://www.ticketsnow.com/InventoryBrowse/TicketList.aspx?PID=1606862"}},{"Id":28639,"GameState":2,"Date":"2014-12-20 19:00","SeasonType":1,"GameType":1,"AwayTeamId":20,"AwayLeader":"G Hayward 14 pts","HomeTeamId":32,"HomeLeader":"K Walker 20 pts","AwayRecord":"8-20","HomeRecord":"8-19","AwayScore":86,"HomeScore":104,"WinningTeamId":32,"Links":{"gametrax":"/nba/gameTrax?gameId=2014122030","boxscore":"/nba/boxscore?gameId=2014122030","recap":"http://www.foxsports.com/nba/story/hornets-beat-jazz-for-first-time-in-six-years-122014","preview":"http://www.foxsports.com/nba/story/jazz-hornets-preview-122014","odds":"/nba/odds#28639","tickets":"http://www.awin1.com/cread.php?awinmid=4292&awinaffid=143258&clickref=nba&p=http://www.ticketsnow.com/InventoryBrowse/TicketList.aspx?PID=1605931"}},{"Id":28515,"GameState":2,"Date":"2014-12-20 20:00","SeasonType":1,"GameType":1,"AwayTeamId":8,"AwayLeader":"K Korver 22 pts","HomeTeamId":17,"HomeLeader":"D Howard 19 pts","AwayRecord":"19-7","HomeRecord":"19-7","AwayScore":104,"HomeScore":97,"WinningTeamId":8,"Links":{"gametrax":"/nba/gameTrax?gameId=2014122010","boxscore":"/nba/boxscore?gameId=2014122010","recap":"http://www.foxsports.com/nba/story/korver-leads-hawks-over-houston-104-97-122014","preview":"http://www.foxsports.com/nba/story/hawks-rockets-preview-121914","odds":"/nba/odds#28515","tickets":"http://www.awin1.com/cread.php?awinmid=4292&awinaffid=143258&clickref=nba&p=http://www.ticketsnow.com/InventoryBrowse/TicketList.aspx?PID=1607532"}},{"Id":28392,"GameState":2,"Date":"2014-12-20 20:30","SeasonType":1,"GameType":1,"AwayTeamId":19,"AwayLeader":"M Belinelli 21 pts","HomeTeamId":15,"HomeLeader":"M Ellis 38 pts","AwayRecord":"17-11","HomeRecord":"20-8","AwayScore":93,"HomeScore":99,"WinningTeamId":15,"Links":{"gametrax":"/nba/gameTrax?gameId=2014122006","boxscore":"/nba/boxscore?gameId=2014122006","recap":"http://www.foxsports.com/nba/story/monta-ellis-leads-mavericks-past-spurs-in-rajon-rondo-s-debut-122014","preview":"http://www.foxsports.com/nba/story/spurs-mavericks-preview-122014","odds":"/nba/odds#28392","tickets":"http://www.awin1.com/cread.php?awinmid=4292&awinaffid=143258&clickref=nba&p=http://www.ticketsnow.com/InventoryBrowse/TicketList.aspx?PID=1606022"}},{"Id":28146,"GameState":2,"Date":"2014-12-20 21:00","SeasonType":1,"GameType":1,"AwayTeamId":13,"AwayLeader":"D West 19 pts","HomeTeamId":16,"HomeLeader":"D Gallinari 19 pts","AwayRecord":"8-19","HomeRecord":"12-15","AwayScore":73,"HomeScore":76,"WinningTeamId":16,"Links":{"gametrax":"/nba/gameTrax?gameId=2014122007","boxscore":"/nba/boxscore?gameId=2014122007","recap":"http://www.foxsports.com/nba/story/nuggets-beat-pacers-despite-season-low-point-total-122014","preview":"http://www.foxsports.com/nba/story/pacers-nuggets-preview-122014","odds":"/nba/odds#28146","tickets":"http://www.awin1.com/cread.php?awinmid=4292&awinaffid=143258&clickref=nba&p=http://www.ticketsnow.com/InventoryBrowse/TicketList.aspx?PID=1607481"}},{"Id":28187,"GameState":2,"Date":"2014-12-20 22:30","SeasonType":1,"GameType":1,"AwayTeamId":14,"AwayLeader":"G Antetokounmpo 18 pts","HomeTeamId":22,"HomeLeader":"C Paul 27 pts","AwayRecord":"14-14","HomeRecord":"19-8","AwayScore":102,"HomeScore":106,"WinningTeamId":22,"Links":{"gametrax":"/nba/gameTrax?gameId=2014122012","boxscore":"/nba/boxscore?gameId=2014122012","recap":"http://www.foxsports.com/nba/story/clippers-stage-fourth-quarter-comeback-to-beat-bucks-122114","preview":"http://www.foxsports.com/nba/story/bucks-clippers-preview-122014","odds":"/nba/odds#28187","tickets":"http://www.awin1.com/cread.php?awinmid=4292&awinaffid=143258&clickref=nba&p=http://www.ticketsnow.com/InventoryBrowse/TicketList.aspx?PID=1607781"}}]