[{"Id":27656,"GameState":2,"Date":"2015-01-05 19:00","SeasonType":1,"GameType":1,"AwayTeamId":11,"AwayLeader":"K Love 28 pts","HomeTeamId":6,"HomeLeader":"T Wroten 20 pts","AwayRecord":"19-16","HomeRecord":"5-28","AwayScore":92,"HomeScore":95,"WinningTeamId":6,"Links":{"gametrax":"/nba/gameTrax?gameId=2015010520","boxscore":"/nba/boxscore?gameId=2015010520","recap":"http://www.foxsports.com/nba/story/philadelphia-76ers-beat-depleted-cleveland-cavaliers-for-first-home-win-of-season-010515","preview":"http://www.foxsports.com/nba/story/cavaliers-76ers-preview-010415","odds":"/nba/odds#27656","tickets":"http://www.awin1.com/cread.php?awinmid=4292&awinaffid=143258&clickref=nba&p=http://www.ticketsnow.com/InventoryBrowse/TicketList.aspx?PID=1607580"}},{"Id":27537,"GameState":2,"Date":"2015-01-05 19:30","SeasonType":1,"GameType":1,"AwayTeamId":32,"AwayLeader":"K Walker 33 pts","HomeTeamId":1,"HomeLeader":"J Sullinger 22 pts","AwayRecord":"12-24","HomeRecord":"11-21","AwayScore":104,"HomeScore":95,"WinningTeamId":32,"Links":{"gametrax":"/nba/gameTrax?gameId=2015010502","boxscore":"/nba/boxscore?gameId=2015010502","recap":"http://www.foxsports.com/nba/story/kemba-walker-scores-33-carries-charlotte-hornets-past-boston-celtics-010515","preview":"http://www.foxsports.com/nba/story/hornets-celtics-preview-010415","odds":"/nba/odds#27537","tickets":"http://www.awin1.com/cread.php?awinmid=4292&awinaffid=143258&clickref=nba&p=http://www.ticketsnow.com/InventoryBrowse/TicketList.aspx?PID=1605879"}},{"Id":28724,"GameState":2,"FinalText":"OT","Date":"2015-01-05 19:30","SeasonType":1,"GameType":1,"AwayTeamId":15,"AwayLeader":"M Ellis 19 pts","HomeTeamId":3,"HomeLeader":"B Lopez 22 pts","AwayRecord":"26-10","HomeRecord":"16-18","AwayScore":96,"HomeScore":88,"WinningTeamId":15,"Links":{"gametrax":"/nba/gameTrax?gameId=2015010517","boxscore":"/nba/boxscore?gameId=2015010517","recap":"http://www.foxsports.com/nba/story/dallas-mavericks-dirk-nowitzki-passes-moses-malone-on-career-scoring-list-during-win-over-brooklyn-nets-010515","preview":"http://www.foxsports.com/nba/story/mavericks-nets-preview-010515","odds":"/nba/odds#28724","tickets":"http://www.awin1.com/cread.php?awinmid=4292&awinaffid=143258&clickref=nba&p=http://www.ticketsnow.com/InventoryBrowse/TicketList.aspx?PID=1605453"}},{"Id":27945,"GameState":2,"Date":"2015-01-05 20:00","SeasonType":1,"GameType":1,"AwayTeamId":16,"AwayLeader":"A Afflalo 34 pts","HomeTeamId":18,"HomeLeader":"G Dieng 22 pts","AwayRecord":"15-20","HomeRecord":"5-28","AwayScore":110,"HomeScore":101,"WinningTeamId":16,"Links":{"gametrax":"/nba/gameTrax?gameId=2015010516","boxscore":"/nba/boxscore?gameId=2015010516","recap":"http://www.foxsports.com/nba/story/denver-nuggets-hand-minnesota-timberwolves-their-12th-straight-loss-010515","preview":"http://www.foxsports.com/nba/story/nuggets-timberwolves-preview-010415","odds":"/nba/odds#27945","tickets":"http://www.awin1.com/cread.php?awinmid=4292&awinaffid=143258&clickref=nba&p=http://www.ticketsnow.com/InventoryBrowse/TicketList.aspx?PID=1606754"}},{"Id":27986,"GameState":2,"Date":"2015-01-05 20:00","SeasonType":1,"GameType":1,"AwayTeamId":17,"AwayLeader":"J Smith 21 pts","HomeTeamId":10,"HomeLeader":"P Gasol 27 pts","AwayRecord":"23-11","HomeRecord":"25-10","AwayScore":105,"HomeScore":114,"WinningTeamId":10,"Links":{"gametrax":"/nba/gameTrax?gameId=2015010504","boxscore":"/nba/boxscore?gameId=2015010504","recap":"http://www.foxsports.com/nba/story/pau-gasol-scores-27-to-help-chicago-bulls-beat-houston-rockets-010515","preview":"http://www.foxsports.com/nba/story/rockets-bulls-preview-010415","odds":"/nba/odds#27986","tickets":"http://www.awin1.com/cread.php?awinmid=4292&awinaffid=143258&clickref=nba&p=http://www.ticketsnow.com/InventoryBrowse/TicketList.aspx?PID=1605978"}},{"Id":28435,"GameState":2,"Date":"2015-01-05 20:00","SeasonType":1,"GameType":1,"AwayTeamId":7,"AwayLeader":"J Wall 15 pts","HomeTeamId":9,"HomeLeader":"A Davis 21 pts","AwayRecord":"23-11","HomeRecord":"17-17","AwayScore":92,"HomeScore":85,"WinningTeamId":7,"Links":{"gametrax":"/nba/gameTrax?gameId=2015010503","boxscore":"/nba/boxscore?gameId=2015010503","recap":"http://www.foxsports.com/nba/story/washington-wizards-beat-new-orleans-pelicans-to-end-three-game-skid-010515","preview":"http://www.foxsports.com/nba/story/wizards-pelicans-preview-010415","odds":"/nba/odds#28435","tickets":"http://www.awin1.com/cread.php?awinmid=4292&awinaffid=143258&clickref=nba&p=http://www.ticketsnow.com/InventoryBrowse/TicketList.aspx?PID=1606866"}},{"Id":28560,"GameState":2,"Date":"2015-01-05 20:00","SeasonType":1,"GameType":1,"AwayTeamId":4,"AwayLeader":"Q Acy 19 pts","HomeTeamId":31,"HomeLeader":"M Conley 22 pts","AwayRecord":"5-32","HomeRecord":"25-9","AwayScore":83,"HomeScore":105,"WinningTeamId":31,"Links":{"gametrax":"/nba/gameTrax?gameId=2015010529","boxscore":"/nba/boxscore?gameId=2015010529","recap":"http://www.foxsports.com/nba/story/new-york-knicks-fall-to-memphis-grizzlies-match-franchise-record-with-12-straight-losses-010515","preview":"http://www.foxsports.com/nba/story/knicks-grizzlies-preview-010515","odds":"/nba/odds#28560","tickets":"http://www.awin1.com/cread.php?awinmid=4292&awinaffid=143258&clickref=nba&p=http://www.ticketsnow.com/InventoryBrowse/TicketList.aspx?PID=1606435"}},{"Id":27576,"GameState":2,"Date":"2015-01-05 21:00","SeasonType":1,"GameType":1,"AwayTeamId":13,"AwayLeader":"R Hibbert 22 pts","HomeTeamId":20,"HomeLeader":"D Favors 27 pts","AwayRecord":"14-22","HomeRecord":"12-23","AwayScore":105,"HomeScore":101,"WinningTeamId":13,"Links":{"gametrax":"/nba/gameTrax?gameId=2015010526","boxscore":"/nba/boxscore?gameId=2015010526","recap":"http://www.foxsports.com/nba/story/roy-hibbert-scores-22-to-lead-indiana-pacers-over-utah-jazz-010615","preview":"http://www.foxsports.com/nba/story/pacers-jazz-preview-010515","odds":"/nba/odds#27576","tickets":"http://www.awin1.com/cread.php?awinmid=4292&awinaffid=143258&clickref=nba&p=http://www.ticketsnow.com/InventoryBrowse/TicketList.aspx?PID=1607626"}},{"Id":28029,"GameState":2,"Date":"2015-01-05 22:00","SeasonType":1,"GameType":1,"AwayTeamId":23,"AwayLeader":"J Hill 23 pts","HomeTeamId":25,"HomeLeader":"D Lillard 39 pts","AwayRecord":"11-24","HomeRecord":"27-8","AwayScore":94,"HomeScore":98,"WinningTeamId":25,"Links":{"gametrax":"/nba/gameTrax?gameId=2015010522","boxscore":"/nba/boxscore?gameId=2015010522","recap":"http://www.foxsports.com/nba/story/without-kobe-bryant-los-angeles-lakers-squander-10-point-lead-in-second-half-vs-portland-trail-blazers-010615","preview":"http://www.foxsports.com/nba/story/lakers-trail-blazers-preview-010515","odds":"/nba/odds#28029","tickets":"http://www.awin1.com/cread.php?awinmid=4292&awinaffid=143258&clickref=nba&p=http://www.ticketsnow.com/InventoryBrowse/TicketList.aspx?PID=1607668"}},{"Id":27697,"GameState":2,"Date":"2015-01-05 22:30","SeasonType":1,"GameType":1,"AwayTeamId":27,"AwayLeader":"R Westbrook 22 pts","HomeTeamId":21,"HomeLeader":"H Barnes 23 pts","AwayRecord":"17-18","HomeRecord":"27-5","AwayScore":91,"HomeScore":117,"WinningTeamId":21,"Links":{"gametrax":"/nba/gameTrax?gameId=2015010509","boxscore":"/nba/boxscore?gameId=2015010509","recap":"http://www.foxsports.com/nba/story/golden-state-warriors-hold-oklahoma-city-thunder-to-30-percent-shooting-in-victory-010615","preview":"http://www.foxsports.com/nba/story/thunder-warriors-preview-010415","odds":"/nba/odds#27697","tickets":"http://www.awin1.com/cread.php?awinmid=4292&awinaffid=143258&clickref=nba&p=http://www.ticketsnow.com/InventoryBrowse/TicketList.aspx?PID=1606213"}},{"Id":28193,"GameState":2,"Date":"2015-01-05 22:30","SeasonType":1,"GameType":1,"AwayTeamId":8,"AwayLeader":"P Millsap 23 pts","HomeTeamId":22,"HomeLeader":"B Griffin 26 pts","AwayRecord":"26-8","HomeRecord":"23-12","AwayScore":107,"HomeScore":98,"WinningTeamId":8,"Links":{"gametrax":"/nba/gameTrax?gameId=2015010512","boxscore":"/nba/boxscore?gameId=2015010512","recap":"http://www.foxsports.com/nba/story/atlanta-hawks-beat-los-angeles-clippers-for-7th-straight-road-win-010615","preview":"http://www.foxsports.com/nba/story/hawks-clippers-preview-010515","odds":"/nba/odds#28193","tickets":"http://www.awin1.com/cread.php?awinmid=4292&awinaffid=143258&clickref=nba&p=http://www.ticketsnow.com/InventoryBrowse/TicketList.aspx?PID=1606319"}}]