[{"Id":28656,"GameState":2,"Date":"2015-03-09 19:00","SeasonType":1,"GameType":1,"AwayTeamId":7,"AwayLeader":"M Gortat 20 pts","HomeTeamId":32,"HomeLeader":"M Williams 19 pts","AwayRecord":"36-28","HomeRecord":"28-34","AwayScore":95,"HomeScore":69,"WinningTeamId":7,"Links":{"gametrax":"/nba/gameTrax?gameId=2015030930","boxscore":"/nba/boxscore?gameId=2015030930","recap":"http://www.foxsports.com/nba/story/gortat-wizards-roll-to-95-69-victory-over-hornets-030915","preview":"http://www.foxsports.com/nba/story/wizards-hornets-preview-030915","odds":"/nba/odds#28656","tickets":"http://www.awin1.com/cread.php?awinmid=4292&awinaffid=143258&clickref=nba&p=http://www.ticketsnow.com/InventoryBrowse/TicketList.aspx?PID=1605948"}},{"Id":28289,"GameState":2,"Date":"2015-03-09 19:30","SeasonType":1,"GameType":1,"AwayTeamId":26,"AwayLeader":"R Gay 23 pts","HomeTeamId":8,"HomeLeader":"D Carroll 20 pts","AwayRecord":"21-41","HomeRecord":"50-13","AwayScore":105,"HomeScore":130,"WinningTeamId":8,"Links":{"gametrax":"/nba/gameTrax?gameId=2015030901","boxscore":"/nba/boxscore?gameId=2015030901","recap":"http://www.foxsports.com/nba/story/atlanta-hawks-reach-50-wins-by-defeating-sacramento-kings-030915","preview":"http://www.foxsports.com/nba/story/kings-hawks-preview-030815","odds":"/nba/odds#28289","tickets":"http://www.awin1.com/cread.php?awinmid=4292&awinaffid=143258&clickref=nba&p=http://www.ticketsnow.com/InventoryBrowse/TicketList.aspx?PID=1605846"}},{"Id":28368,"GameState":2,"Date":"2015-03-09 19:30","SeasonType":1,"GameType":1,"AwayTeamId":1,"AwayLeader":"I Thomas 25 pts","HomeTeamId":2,"HomeLeader":"D Wade 34 pts","AwayRecord":"26-36","HomeRecord":"28-35","AwayScore":100,"HomeScore":90,"WinningTeamId":1,"Links":{"gametrax":"/nba/gameTrax?gameId=2015030914","boxscore":"/nba/boxscore?gameId=2015030914","recap":"http://www.foxsports.com/nba/story/boston-celtics-top-miami-heat-isaiah-thomas-scores-25-points-030915","preview":"http://www.foxsports.com/nba/story/celtics-heat-preview-030915","odds":"/nba/odds#28368","tickets":"http://www.awin1.com/cread.php?awinmid=4292&awinaffid=143258&clickref=nba&p=http://www.ticketsnow.com/InventoryBrowse/TicketList.aspx?PID=1606497"}},{"Id":28003,"GameState":2,"Date":"2015-03-09 20:00","SeasonType":1,"GameType":1,"AwayTeamId":31,"AwayLeader":"M Gasol 23 pts","HomeTeamId":10,"HomeLeader":"T Snell 21 pts","AwayRecord":"45-18","HomeRecord":"39-26","AwayScore":101,"HomeScore":91,"WinningTeamId":31,"Links":{"gametrax":"/nba/gameTrax?gameId=2015030904","boxscore":"/nba/boxscore?gameId=2015030904","recap":"http://www.foxsports.com/nba/story/marc-gasol-leads-memphis-grizzlies-over-brother-paul-gasol-s-chicago-bulls-030915","preview":"http://www.foxsports.com/nba/story/grizzlies-bulls-preview-030815","odds":"/nba/odds#28003","tickets":"http://www.awin1.com/cread.php?awinmid=4292&awinaffid=143258&clickref=nba&p=http://www.ticketsnow.com/InventoryBrowse/TicketList.aspx?PID=1605995"}},{"Id":28080,"GameState":2,"Date":"2015-03-09 20:00","SeasonType":1,"GameType":1,"AwayTeamId":9,"AwayLeader":"A Davis 43 pts","HomeTeamId":14,"HomeLeader":"G Antetokounmpo 29 pts","AwayRecord":"35-29","HomeRecord":"33-30","AwayScore":114,"HomeScore":103,"WinningTeamId":9,"Links":{"gametrax":"/nba/gameTrax?gameId=2015030915","boxscore":"/nba/boxscore?gameId=2015030915","recap":"http://www.foxsports.com/nba/story/anthony-davis-scores-43-points-to-carry-new-orleans-pelicans-over-milwaukee-bucks-030915","preview":"http://www.foxsports.com/nba/story/pelicans-bucks-preview-030815","odds":"/nba/odds#28080","tickets":"http://www.awin1.com/cread.php?awinmid=4292&awinaffid=143258&clickref=nba&p=http://www.ticketsnow.com/InventoryBrowse/TicketList.aspx?PID=1606545"}},{"Id":28165,"GameState":2,"Date":"2015-03-09 21:00","SeasonType":1,"GameType":1,"AwayTeamId":4,"AwayLeader":"A Shved 19 pts","HomeTeamId":16,"HomeLeader":"K Faried 19 pts","AwayRecord":"12-50","HomeRecord":"23-41","AwayScore":78,"HomeScore":106,"WinningTeamId":16,"Links":{"gametrax":"/nba/gameTrax?gameId=2015030907","boxscore":"/nba/boxscore?gameId=2015030907","recap":"http://www.foxsports.com/nba/story/farieds-19-points-leads-nuggets-past-knicks-106-78-030915","preview":"http://www.foxsports.com/nba/story/knicks-nuggets-preview-030815","odds":"/nba/odds#28165","tickets":"http://www.awin1.com/cread.php?awinmid=4292&awinaffid=143258&clickref=nba&p=http://www.ticketsnow.com/InventoryBrowse/TicketList.aspx?PID=1607500"}},{"Id":27837,"GameState":2,"Date":"2015-03-09 22:00","SeasonType":1,"GameType":1,"AwayTeamId":21,"AwayLeader":"S Curry 36 pts","HomeTeamId":24,"HomeLeader":"E Bledsoe 19 pts","AwayRecord":"50-12","HomeRecord":"33-32","AwayScore":98,"HomeScore":80,"WinningTeamId":21,"Links":{"gametrax":"/nba/gameTrax?gameId=2015030921","boxscore":"/nba/boxscore?gameId=2015030921","recap":"http://www.foxsports.com/nba/story/stephen-curry-scores-36-to-lead-golden-state-warriors-past-phoenix-suns-for-50th-win-of-season-031015","preview":"http://www.foxsports.com/nba/story/warriors-suns-preview-030815","odds":"/nba/odds#27837","tickets":"http://www.awin1.com/cread.php?awinmid=4292&awinaffid=143258&clickref=nba&p=http://www.ticketsnow.com/InventoryBrowse/TicketList.aspx?PID=1607267"}},{"Id":28206,"GameState":2,"Date":"2015-03-09 22:30","SeasonType":1,"GameType":1,"AwayTeamId":18,"AwayLeader":"A Payne 16 pts","HomeTeamId":22,"HomeLeader":"J Redick 26 pts","AwayRecord":"14-48","HomeRecord":"41-23","AwayScore":76,"HomeScore":89,"WinningTeamId":22,"Links":{"gametrax":"/nba/gameTrax?gameId=2015030912","boxscore":"/nba/boxscore?gameId=2015030912","recap":"http://www.foxsports.com/nba/story/redick-leads-short-handed-clippers-past-minnesota-89-76-031015","preview":"http://www.foxsports.com/nba/story/timberwolves-clippers-preview-030815","odds":"/nba/odds#28206","tickets":"http://www.awin1.com/cread.php?awinmid=4292&awinaffid=143258&clickref=nba&p=http://www.ticketsnow.com/InventoryBrowse/TicketList.aspx?PID=1606332"}}]