[{"Id":27757,"GameState":2,"Date":"2015-03-17 19:30","SeasonType":1,"GameType":1,"AwayTeamId":31,"AwayLeader":"J Green 21 pts","HomeTeamId":12,"HomeLeader":"K Caldwell-Pope 24 pts","AwayRecord":"47-21","HomeRecord":"24-43","AwayScore":95,"HomeScore":105,"WinningTeamId":12,"Links":{"gametrax":"/nba/gameTrax?gameId=2015031708","boxscore":"/nba/boxscore?gameId=2015031708","recap":"http://www.foxsports.com/nba/story/detroit-pistons-beat-memphis-grizzlies-to-end-10-game-losing-streak-reggie-jackson-has-23-points-20-assists-031715","preview":"http://www.foxsports.com/nba/story/grizzlies-pistons-preview-031715","odds":"/nba/odds#27757","tickets":"http://www.awin1.com/cread.php?awinmid=4292&awinaffid=143258&clickref=nba&p=http://www.ticketsnow.com/InventoryBrowse/TicketList.aspx?PID=1606183"}},{"Id":27797,"GameState":2,"FinalText":"OT","Date":"2015-03-17 19:30","SeasonType":1,"GameType":1,"AwayTeamId":19,"AwayLeader":"T Parker 21 pts","HomeTeamId":4,"HomeLeader":"L Galloway 22 pts","AwayRecord":"41-25","HomeRecord":"14-53","AwayScore":100,"HomeScore":104,"WinningTeamId":4,"Links":{"gametrax":"/nba/gameTrax?gameId=2015031718","boxscore":"/nba/boxscore?gameId=2015031718","recap":"http://www.foxsports.com/nba/story/new-york-knicks-pull-off-surprise-ot-victory-over-san-antonio-spurs-031715","preview":"http://www.foxsports.com/nba/story/spurs-knicks-preview-031615","odds":"/nba/odds#27797","tickets":"http://www.awin1.com/cread.php?awinmid=4292&awinaffid=143258&clickref=nba&p=http://www.ticketsnow.com/InventoryBrowse/TicketList.aspx?PID=1607045"}},{"Id":28454,"GameState":2,"Date":"2015-03-17 20:00","SeasonType":1,"GameType":1,"AwayTeamId":14,"AwayLeader":"G Antetokounmpo 15 pts","HomeTeamId":9,"HomeLeader":"A Davis 20 pts","AwayRecord":"34-33","HomeRecord":"37-30","AwayScore":84,"HomeScore":85,"WinningTeamId":9,"Links":{"gametrax":"/nba/gameTrax?gameId=2015031703","boxscore":"/nba/boxscore?gameId=2015031703","recap":"http://www.foxsports.com/nba/story/anthony-davis-shoots-6-of-18-but-hits-key-one-in-new-orleans-pelicans-victory-over-milwaukee-bucks-031715","preview":"http://www.foxsports.com/nba/story/bucks-pelicans-preview-031615","odds":"/nba/odds#28454","tickets":"http://www.awin1.com/cread.php?awinmid=4292&awinaffid=143258&clickref=nba&p=http://www.ticketsnow.com/InventoryBrowse/TicketList.aspx?PID=1606885"}},{"Id":28535,"GameState":2,"Date":"2015-03-17 20:00","SeasonType":1,"GameType":1,"AwayTeamId":5,"AwayLeader":"V Oladipo 29 pts","HomeTeamId":17,"HomeLeader":"D Motiejunas 23 pts","AwayRecord":"21-48","HomeRecord":"45-22","AwayScore":94,"HomeScore":107,"WinningTeamId":17,"Links":{"gametrax":"/nba/gameTrax?gameId=2015031710","boxscore":"/nba/boxscore?gameId=2015031710","recap":"http://www.foxsports.com/nba/story/houston-rockets-hand-orlando-magic-fourth-straight-loss-donatas-motiejunas-scores-23-to-offset-off-night-by-james-harden-031715","preview":"http://www.foxsports.com/nba/story/magic-rockets-preview-031615","odds":"/nba/odds#28535","tickets":"http://www.awin1.com/cread.php?awinmid=4292&awinaffid=143258&clickref=nba&p=http://www.ticketsnow.com/InventoryBrowse/TicketList.aspx?PID=1607552"}},{"Id":28208,"GameState":2,"Date":"2015-03-17 22:30","SeasonType":1,"GameType":1,"AwayTeamId":32,"AwayLeader":"A Jefferson 21 pts","HomeTeamId":22,"HomeLeader":"J Redick 23 pts","AwayRecord":"29-37","HomeRecord":"43-25","AwayScore":92,"HomeScore":99,"WinningTeamId":22,"Links":{"gametrax":"/nba/gameTrax?gameId=2015031712","boxscore":"/nba/boxscore?gameId=2015031712","recap":"http://www.foxsports.com/nba/story/redick-clippers-take-22-point-lead-hold-off-hornets-031815","preview":"http://www.foxsports.com/nba/story/hornets-clippers-preview-031715","odds":"/nba/odds#28208","tickets":"http://www.awin1.com/cread.php?awinmid=4292&awinaffid=143258&clickref=nba&p=http://www.ticketsnow.com/InventoryBrowse/TicketList.aspx?PID=1606334"}}]