[{"Id":28096,"GameState":2,"Date":"2014-11-11 19:30","SeasonType":1,"GameType":1,"AwayTeamId":5,"AwayLeader":"E Fournier 24 pts","HomeTeamId":30,"HomeLeader":"K Lowry 19 pts","AwayRecord":"2-6","HomeRecord":"7-1","AwayScore":100,"HomeScore":104,"WinningTeamId":30,"Links":{"gametrax":"/nba/gameTrax?gameId=2014111128","boxscore":"/nba/boxscore?gameId=2014111128","recap":"http://www.foxsports.com/nba/story/toronto-raptors-improve-to-7-1-with-fourth-quarter-rally-vs-orlando-magic-111114","preview":"http://www.foxsports.com/nba/story/magic-raptors-preview-111014","odds":"/nba/odds#28096"}},{"Id":28055,"GameState":2,"Date":"2014-11-11 20:00","SeasonType":1,"GameType":1,"AwayTeamId":27,"AwayLeader":"R Jackson 29 pts","HomeTeamId":14,"HomeLeader":"O Mayo 19 pts","AwayRecord":"2-6","HomeRecord":"4-4","AwayScore":78,"HomeScore":85,"WinningTeamId":14,"Links":{"gametrax":"/nba/gameTrax?gameId=2014111115","boxscore":"/nba/boxscore?gameId=2014111115","recap":"http://www.foxsports.com/nba/story/mayo-knight-help-bucks-hold-off-thunder-85-78-111114","preview":"http://www.foxsports.com/nba/story/thunder-bucks-preview-111014","odds":"/nba/odds#28055","tickets":"http://www.awin1.com/cread.php?awinmid=4292&awinaffid=143258&clickref=nba&p=http://www.ticketsnow.com/InventoryBrowse/TicketList.aspx?PID=1606520"}},{"Id":28545,"GameState":2,"Date":"2014-11-11 20:00","SeasonType":1,"GameType":1,"AwayTeamId":23,"AwayLeader":"K Bryant 28 pts","HomeTeamId":31,"HomeLeader":"M Conley 23 pts","AwayRecord":"1-6","HomeRecord":"7-1","AwayScore":102,"HomeScore":107,"WinningTeamId":31,"Links":{"gametrax":"/nba/gameTrax?gameId=2014111129","boxscore":"/nba/boxscore?gameId=2014111129","recap":"http://www.foxsports.com/nba/story/conley-leads-grizzlies-past-lakers-107-102-111114","preview":"#","odds":"/nba/odds#28545","tickets":"http://www.awin1.com/cread.php?awinmid=4292&awinaffid=143258&clickref=nba&p=http://www.ticketsnow.com/InventoryBrowse/TicketList.aspx?PID=1606420"}},{"Id":28382,"GameState":2,"Date":"2014-11-11 20:30","SeasonType":1,"GameType":1,"AwayTeamId":26,"AwayLeader":"R Gay 26 pts","HomeTeamId":15,"HomeLeader":"D Nowitzki 23 pts","AwayRecord":"5-3","HomeRecord":"5-3","AwayScore":98,"HomeScore":106,"WinningTeamId":15,"Links":{"gametrax":"/nba/gameTrax?gameId=2014111106","boxscore":"/nba/boxscore?gameId=2014111106","recap":"http://www.foxsports.com/nba/story/dirk-nowitzki-passes-hakeem-olajuwon-at-top-foreign-born-scorer-in-dallas-mavericks-victory-over-sacramento-kings-111114","preview":"#","odds":"/nba/odds#28382","tickets":"http://www.awin1.com/cread.php?awinmid=4292&awinaffid=143258&clickref=nba&p=http://www.ticketsnow.com/InventoryBrowse/TicketList.aspx?PID=1607794"}},{"Id":28016,"GameState":2,"Date":"2014-11-11 22:00","SeasonType":1,"GameType":1,"AwayTeamId":32,"AwayLeader":"A Jefferson 22 pts","HomeTeamId":25,"HomeLeader":"D Lillard 29 pts","AwayRecord":"3-5","HomeRecord":"5-3","AwayScore":100,"HomeScore":102,"WinningTeamId":25,"Links":{"gametrax":"/nba/gameTrax?gameId=2014111122","boxscore":"/nba/boxscore?gameId=2014111122","recap":"#","preview":"http://www.foxsports.com/nba/story/hornets-trail-blazers-preview-111014","odds":"/nba/odds#28016","tickets":"http://www.awin1.com/cread.php?awinmid=4292&awinaffid=143258&clickref=nba&p=http://www.ticketsnow.com/InventoryBrowse/TicketList.aspx?PID=1607656"}},{"Id":27685,"GameState":2,"Date":"2014-11-11 22:30","SeasonType":1,"GameType":1,"AwayTeamId":19,"AwayLeader":"T Parker 28 pts","HomeTeamId":21,"HomeLeader":"K Thompson 29 pts","AwayRecord":"4-3","HomeRecord":"5-2","AwayScore":113,"HomeScore":100,"WinningTeamId":19,"Links":{"gametrax":"/nba/gameTrax?gameId=2014111109","boxscore":"/nba/boxscore?gameId=2014111109","recap":"http://www.foxsports.com/nba/story/back-to-back-no-sweat-for-san-antonio-spurs-who-knock-off-golden-state-warriors-111214","preview":"http://www.foxsports.com/nba/story/spurs-warriors-preview-111114","odds":"/nba/odds#27685","tickets":"http://www.awin1.com/cread.php?awinmid=4292&awinaffid=143258&clickref=nba&p=http://www.ticketsnow.com/InventoryBrowse/TicketList.aspx?PID=1606194"}}]