[{"Id":28331,"GameState":2,"Date":"2015-03-21 19:00","SeasonType":1,"GameType":1,"AwayTeamId":3,"AwayLeader":"B Lopez 26 pts","HomeTeamId":13,"HomeLeader":"G Hill 18 pts","AwayRecord":"29-39","HomeRecord":"30-39","AwayScore":123,"HomeScore":111,"WinningTeamId":3,"Links":{"gametrax":"/nba/gameTrax?gameId=2015032111","boxscore":"/nba/boxscore?gameId=2015032111","recap":"http://www.foxsports.com/nba/story/brooklyn-nets-defeat-indiana-pacers-032115","preview":"http://www.foxsports.com/nba/story/nets-pacers-preview-032115","odds":"/nba/odds#28331","tickets":"http://www.awin1.com/cread.php?awinmid=4292&awinaffid=143258&clickref=nba&p=http://www.ticketsnow.com/InventoryBrowse/TicketList.aspx?PID=1606282"}},{"Id":27758,"GameState":2,"Date":"2015-03-21 19:30","SeasonType":1,"GameType":1,"AwayTeamId":10,"AwayLeader":"P Gasol 27 pts","HomeTeamId":12,"HomeLeader":"R Jackson 22 pts","AwayRecord":"42-29","HomeRecord":"25-44","AwayScore":91,"HomeScore":107,"WinningTeamId":12,"Links":{"gametrax":"/nba/gameTrax?gameId=2015032108","boxscore":"/nba/boxscore?gameId=2015032108","recap":"http://www.foxsports.com/nba/story/detroit-pistons-rally-past-chicago-bulls-032115","preview":"http://www.foxsports.com/nba/story/bulls-pistons-preview-032115","odds":"/nba/odds#27758","tickets":"http://www.awin1.com/cread.php?awinmid=4292&awinaffid=143258&clickref=nba&p=http://www.ticketsnow.com/InventoryBrowse/TicketList.aspx?PID=1606184"}},{"Id":28537,"GameState":2,"Date":"2015-03-21 20:00","SeasonType":1,"GameType":1,"AwayTeamId":24,"AwayLeader":"E Bledsoe 34 pts","HomeTeamId":17,"HomeLeader":"D Motiejunas 18 pts","AwayRecord":"37-33","HomeRecord":"46-23","AwayScore":117,"HomeScore":102,"WinningTeamId":24,"Links":{"gametrax":"/nba/gameTrax?gameId=2015032110","boxscore":"/nba/boxscore?gameId=2015032110","recap":"http://www.foxsports.com/nba/story/phoenix-suns-get-past-houston-rockets-032115","preview":"http://www.foxsports.com/nba/story/suns-rockets-preview-032015","odds":"/nba/odds#28537","tickets":"http://www.awin1.com/cread.php?awinmid=4292&awinaffid=143258&clickref=nba&p=http://www.ticketsnow.com/InventoryBrowse/TicketList.aspx?PID=1607554"}},{"Id":28576,"GameState":2,"Date":"2015-03-21 20:00","SeasonType":1,"GameType":1,"AwayTeamId":25,"AwayLeader":"D Lillard 27 pts","HomeTeamId":31,"HomeLeader":"J Green 23 pts","AwayRecord":"44-24","HomeRecord":"49-21","AwayScore":86,"HomeScore":97,"WinningTeamId":31,"Links":{"gametrax":"/nba/gameTrax?gameId=2015032129","boxscore":"/nba/boxscore?gameId=2015032129","recap":"http://www.foxsports.com/nba/story/memphis-grizzlies-down-portland-trail-blazers-lamarcus-aldridge-injured-032115","preview":"http://www.foxsports.com/nba/story/trail-blazers-grizzlies-preview-032115","odds":"/nba/odds#28576","tickets":"http://www.awin1.com/cread.php?awinmid=4292&awinaffid=143258&clickref=nba&p=http://www.ticketsnow.com/InventoryBrowse/TicketList.aspx?PID=1606451"}},{"Id":27717,"GameState":2,"Date":"2015-03-21 22:30","SeasonType":1,"GameType":1,"AwayTeamId":20,"AwayLeader":"D Favors 21 pts","HomeTeamId":21,"HomeLeader":"S Curry 24 pts","AwayRecord":"31-38","HomeRecord":"56-13","AwayScore":91,"HomeScore":106,"WinningTeamId":21,"Links":{"gametrax":"/nba/gameTrax?gameId=2015032109","boxscore":"/nba/boxscore?gameId=2015032109","recap":"http://www.foxsports.com/nba/story/golden-state-warriors-down-utah-jazz-032215","preview":"http://www.foxsports.com/nba/story/jazz-warriors-preview-032115","odds":"/nba/odds#27717","tickets":"http://www.awin1.com/cread.php?awinmid=4292&awinaffid=143258&clickref=nba&p=http://www.ticketsnow.com/InventoryBrowse/TicketList.aspx?PID=1606233"}}]