[{"Id":28066,"GameState":2,"Date":"2015-01-06 20:00","SeasonType":1,"GameType":1,"AwayTeamId":24,"AwayLeader":"M Morris 26 pts","HomeTeamId":14,"HomeLeader":"B Knight 26 pts","AwayRecord":"21-16","HomeRecord":"18-18","AwayScore":102,"HomeScore":96,"WinningTeamId":24,"Links":{"gametrax":"/nba/gameTrax?gameId=2015010615","boxscore":"/nba/boxscore?gameId=2015010615","recap":"#","preview":"http://www.foxsports.com/nba/story/suns-bucks-preview-010515","odds":"/nba/odds#28066","tickets":"http://www.awin1.com/cread.php?awinmid=4292&awinaffid=143258&clickref=nba&p=http://www.ticketsnow.com/InventoryBrowse/TicketList.aspx?PID=1606530"}},{"Id":28478,"GameState":2,"Date":"2015-01-06 20:30","SeasonType":1,"GameType":1,"AwayTeamId":12,"AwayLeader":"A Drummond 20 pts","HomeTeamId":19,"HomeLeader":"J Ayres 16 pts","AwayRecord":"11-23","HomeRecord":"21-15","AwayScore":105,"HomeScore":104,"WinningTeamId":12,"Links":{"gametrax":"/nba/gameTrax?gameId=2015010624","boxscore":"/nba/boxscore?gameId=2015010624","recap":"#","preview":"http://www.foxsports.com/nba/story/pistons-spurs-preview-010515","odds":"/nba/odds#28478","tickets":"http://www.awin1.com/cread.php?awinmid=4292&awinaffid=143258&clickref=nba&p=http://www.ticketsnow.com/InventoryBrowse/TicketList.aspx?PID=1607347"}}]