[{"Id":27780,"GameState":2,"Date":"2014-12-25 12:00","SeasonType":1,"GameType":1,"AwayTeamId":7,"AwayLeader":"J Wall 24 pts","HomeTeamId":4,"HomeLeader":"C Anthony 34 pts","AwayRecord":"20-8","HomeRecord":"5-26","AwayScore":102,"HomeScore":91,"WinningTeamId":7,"Links":{"gametrax":"/nba/gameTrax?gameId=2014122518","boxscore":"/nba/boxscore?gameId=2014122518","recap":"#","preview":"http://www.foxsports.com/nba/story/wizards-knicks-preview-122414","odds":"/nba/odds#27780","tickets":"http://www.awin1.com/cread.php?awinmid=4292&awinaffid=143258&clickref=nba&p=http://www.ticketsnow.com/InventoryBrowse/TicketList.aspx?PID=1607028"}},{"Id":28474,"GameState":2,"Date":"2014-12-25 14:30","SeasonType":1,"GameType":1,"AwayTeamId":27,"AwayLeader":"R Westbrook 34 pts","HomeTeamId":19,"HomeLeader":"M Bonner 17 pts","AwayRecord":"14-16","HomeRecord":"18-12","AwayScore":114,"HomeScore":106,"WinningTeamId":27,"Links":{"gametrax":"/nba/gameTrax?gameId=2014122524","boxscore":"/nba/boxscore?gameId=2014122524","recap":"http://www.foxsports.com/nba/story/russell-westbrook-scores-34-as-kevin-durant-sits-out-oklahoma-city-thunder-s-victory-over-san-antonio-spurs-122514","preview":"http://www.foxsports.com/nba/story/thunder-spurs-preview-122414","odds":"/nba/odds#28474","tickets":"http://www.awin1.com/cread.php?awinmid=4292&awinaffid=143258&clickref=nba&p=http://www.ticketsnow.com/InventoryBrowse/TicketList.aspx?PID=1607343"}},{"Id":28353,"GameState":2,"Date":"2014-12-25 17:00","SeasonType":1,"GameType":1,"AwayTeamId":11,"AwayLeader":"L James 30 pts","HomeTeamId":2,"HomeLeader":"D Wade 31 pts","AwayRecord":"17-11","HomeRecord":"14-16","AwayScore":91,"HomeScore":101,"WinningTeamId":2,"Links":{"gametrax":"/nba/gameTrax?gameId=2014122514","boxscore":"/nba/boxscore?gameId=2014122514","recap":"#","preview":"http://www.foxsports.com/nba/story/cavaliers-heat-preview-122414","odds":"/nba/odds#28353","tickets":"http://www.awin1.com/cread.php?awinmid=4292&awinaffid=143258&clickref=nba&p=http://www.ticketsnow.com/InventoryBrowse/TicketList.aspx?PID=1606478"}},{"Id":27981,"GameState":2,"Date":"2014-12-25 20:00","SeasonType":1,"GameType":1,"AwayTeamId":23,"AwayLeader":"W Johnson 19 pts","HomeTeamId":10,"HomeLeader":"P Gasol 23 pts","AwayRecord":"9-20","HomeRecord":"20-9","AwayScore":93,"HomeScore":113,"WinningTeamId":10,"Links":{"gametrax":"/nba/gameTrax?gameId=2014122504","boxscore":"/nba/boxscore?gameId=2014122504","recap":"http://www.foxsports.com/nba/story/chicago-bulls-down-los-angeles-lakers-as-pau-gasol-torches-former-team-122514","preview":"http://www.foxsports.com/nba/story/lakers-bulls-preview-122414","odds":"/nba/odds#27981","tickets":"http://www.awin1.com/cread.php?awinmid=4292&awinaffid=143258&clickref=nba&p=http://www.ticketsnow.com/InventoryBrowse/TicketList.aspx?PID=1605973"}},{"Id":28188,"GameState":2,"Date":"2014-12-25 22:30","SeasonType":1,"GameType":1,"AwayTeamId":21,"AwayLeader":"K Thompson 15 pts","HomeTeamId":22,"HomeLeader":"J Crawford 24 pts","AwayRecord":"23-5","HomeRecord":"20-10","AwayScore":86,"HomeScore":100,"WinningTeamId":22,"Links":{"gametrax":"/nba/gameTrax?gameId=2014122512","boxscore":"/nba/boxscore?gameId=2014122512","recap":"http://www.foxsports.com/nba/story/los-angeles-clippers-rally-past-golden-state-warriors-behind-chris-paul-jamal-crawford-122614","preview":"http://www.foxsports.com/nba/story/warriors-clippers-preview-122414","odds":"/nba/odds#28188","tickets":"http://www.awin1.com/cread.php?awinmid=4292&awinaffid=143258&clickref=nba&p=http://www.ticketsnow.com/InventoryBrowse/TicketList.aspx?PID=1606314"}}]