[{"Id":27890,"GameState":2,"Date":"2014-11-10 19:00","SeasonType":1,"GameType":1,"AwayTeamId":9,"AwayLeader":"R Anderson 32 pts","HomeTeamId":11,"HomeLeader":"L James 32 pts","AwayRecord":"3-3","HomeRecord":"3-3","AwayScore":111,"HomeScore":118,"WinningTeamId":11,"Links":{"gametrax":"/nba/gameTrax?gameId=2014111005","boxscore":"/nba/boxscore?gameId=2014111005","recap":"http://www.foxsports.com/nba/story/lebron-james-triple-double-helps-cleveland-cavaliers-down-new-orleans-pelicans-111014","preview":"http://www.foxsports.com/nba/story/pelicans-cavaliers-preview-110914","odds":"/nba/odds#27890","tickets":"http://www.awin1.com/cread.php?awinmid=4292&awinaffid=143258&clickref=nba&p=http://www.ticketsnow.com/InventoryBrowse/TicketList.aspx?PID=1607419"}},{"Id":28301,"GameState":2,"Date":"2014-11-10 19:00","SeasonType":1,"GameType":1,"AwayTeamId":20,"AwayLeader":"G Hayward 30 pts","HomeTeamId":13,"HomeLeader":"R Hibbert 29 pts","AwayRecord":"3-5","HomeRecord":"2-6","AwayScore":86,"HomeScore":97,"WinningTeamId":13,"Links":{"gametrax":"/nba/gameTrax?gameId=2014111011","boxscore":"/nba/boxscore?gameId=2014111011","recap":"http://www.foxsports.com/nba/story/indiana-pacers-beat-utah-jazz-end-6-game-losing-streak-behind-roy-hibbert-s-29-points-111014","preview":"http://www.foxsports.com/nba/story/jazz-pacers-preview-110914","odds":"/nba/odds#28301","tickets":"http://www.awin1.com/cread.php?awinmid=4292&awinaffid=143258&clickref=nba&p=http://www.ticketsnow.com/InventoryBrowse/TicketList.aspx?PID=1606251"}},{"Id":27768,"GameState":2,"Date":"2014-11-10 19:30","SeasonType":1,"GameType":1,"AwayTeamId":8,"AwayLeader":"P Millsap 19 pts","HomeTeamId":4,"HomeLeader":"C Anthony 25 pts","AwayRecord":"3-3","HomeRecord":"2-6","AwayScore":91,"HomeScore":85,"WinningTeamId":8,"Links":{"gametrax":"/nba/gameTrax?gameId=2014111018","boxscore":"/nba/boxscore?gameId=2014111018","recap":"http://www.foxsports.com/nba/story/atlanta-hawks-send-new-york-knicks-to-fifth-straight-loss-111014","preview":"http://www.foxsports.com/nba/story/hawks-knicks-preview-110914","odds":"/nba/odds#27768","tickets":"http://www.awin1.com/cread.php?awinmid=4292&awinaffid=143258&clickref=nba&p=http://www.ticketsnow.com/InventoryBrowse/TicketList.aspx?PID=1607016"}},{"Id":27973,"GameState":2,"Date":"2014-11-10 20:00","SeasonType":1,"GameType":1,"AwayTeamId":12,"AwayLeader":"J Smith 19 pts","HomeTeamId":10,"HomeLeader":"D Rose 24 pts","AwayRecord":"2-5","HomeRecord":"6-2","AwayScore":91,"HomeScore":102,"WinningTeamId":10,"Links":{"gametrax":"/nba/gameTrax?gameId=2014111004","boxscore":"/nba/boxscore?gameId=2014111004","recap":"http://www.foxsports.com/nba/story/derrick-rose-returns-from-sprained-ankles-helps-chicago-bulls-top-detroit-pistons-111014","preview":"http://www.foxsports.com/nba/story/pistons-bulls-preview-110914","odds":"/nba/odds#27973","tickets":"http://www.awin1.com/cread.php?awinmid=4292&awinaffid=143258&clickref=nba&p=http://www.ticketsnow.com/InventoryBrowse/TicketList.aspx?PID=1605965"}},{"Id":28178,"GameState":2,"Date":"2014-11-10 22:30","SeasonType":1,"GameType":1,"AwayTeamId":19,"AwayLeader":"K Leonard 26 pts","HomeTeamId":22,"HomeLeader":"B Griffin 23 pts","AwayRecord":"3-3","HomeRecord":"4-3","AwayScore":89,"HomeScore":85,"WinningTeamId":19,"Links":{"gametrax":"/nba/gameTrax?gameId=2014111012","boxscore":"/nba/boxscore?gameId=2014111012","recap":"http://www.foxsports.com/nba/story/kawhi-leonard-scores-career-high-26-as-san-antonio-spurs-rally-past-los-angeles-clippers-111114","preview":"http://www.foxsports.com/nba/story/spurs-clippers-preview-110914","odds":"/nba/odds#28178","tickets":"http://www.awin1.com/cread.php?awinmid=4292&awinaffid=143258&clickref=nba&p=http://www.ticketsnow.com/InventoryBrowse/TicketList.aspx?PID=1606304"}}]