[{"Id":28452,"GameState":2,"Date":"2015-03-07 19:00","SeasonType":1,"GameType":1,"AwayTeamId":31,"AwayLeader":"J Green 20 pts","HomeTeamId":9,"HomeLeader":"T Evans 26 pts","AwayRecord":"44-18","HomeRecord":"34-29","AwayScore":89,"HomeScore":95,"WinningTeamId":9,"Links":{"gametrax":"/nba/gameTrax?gameId=2015030703","boxscore":"/nba/boxscore?gameId=2015030703","recap":"http://www.foxsports.com/nba/story/new-orleans-pelicans-rally-past-memphis-grizzlies-030715","preview":"http://www.foxsports.com/nba/story/grizzlies-pelicans-preview-030715","odds":"/nba/odds#28452","tickets":"http://www.awin1.com/cread.php?awinmid=4292&awinaffid=143258&clickref=nba&p=http://www.ticketsnow.com/InventoryBrowse/TicketList.aspx?PID=1606883"}},{"Id":27672,"GameState":2,"Date":"2015-03-07 19:30","SeasonType":1,"GameType":1,"AwayTeamId":8,"AwayLeader":"J Teague 17 pts","HomeTeamId":6,"HomeLeader":"H Thompson 19 pts","AwayRecord":"49-13","HomeRecord":"14-49","AwayScore":84,"HomeScore":92,"WinningTeamId":6,"Links":{"gametrax":"/nba/gameTrax?gameId=2015030720","boxscore":"/nba/boxscore?gameId=2015030720","recap":"http://www.foxsports.com/nba/story/philadelphia-76ers-stun-atlanta-hawks-030715","preview":"http://www.foxsports.com/nba/story/hawks-76ers-preview-030615","odds":"/nba/odds#27672","tickets":"http://www.awin1.com/cread.php?awinmid=4292&awinaffid=143258&clickref=nba&p=http://www.ticketsnow.com/InventoryBrowse/TicketList.aspx?PID=1607596"}},{"Id":27796,"GameState":2,"Date":"2015-03-07 19:30","SeasonType":1,"GameType":1,"AwayTeamId":13,"AwayLeader":"R Stuckey 17 pts","HomeTeamId":4,"HomeLeader":"A Bargnani 21 pts","AwayRecord":"28-34","HomeRecord":"12-49","AwayScore":92,"HomeScore":86,"WinningTeamId":13,"Links":{"gametrax":"/nba/gameTrax?gameId=2015030718","boxscore":"/nba/boxscore?gameId=2015030718","recap":"http://www.foxsports.com/nba/story/indiana-pacers-down-new-york-knicks-030715","preview":"http://www.foxsports.com/nba/story/pacers-knicks-preview-030615","odds":"/nba/odds#27796","tickets":"http://www.awin1.com/cread.php?awinmid=4292&awinaffid=143258&clickref=nba&p=http://www.ticketsnow.com/InventoryBrowse/TicketList.aspx?PID=1607057"}},{"Id":27921,"GameState":2,"Date":"2015-03-07 19:30","SeasonType":1,"GameType":1,"AwayTeamId":24,"AwayLeader":"M Morris 16 pts","HomeTeamId":11,"HomeLeader":"T Mozgov 19 pts","AwayRecord":"33-31","HomeRecord":"40-25","AwayScore":79,"HomeScore":89,"WinningTeamId":11,"Links":{"gametrax":"/nba/gameTrax?gameId=2015030705","boxscore":"/nba/boxscore?gameId=2015030705","recap":"http://www.foxsports.com/nba/story/lebron-james-ties-cavs-career-assists-record-030715","preview":"http://www.foxsports.com/nba/story/suns-cavaliers-preview-030715","odds":"/nba/odds#27921","tickets":"http://www.awin1.com/cread.php?awinmid=4292&awinaffid=143258&clickref=nba&p=http://www.ticketsnow.com/InventoryBrowse/TicketList.aspx?PID=1607453"}},{"Id":28367,"GameState":2,"FinalText":"OT","Date":"2015-03-07 19:30","SeasonType":1,"GameType":1,"AwayTeamId":26,"AwayLeader":"D Cousins 27 pts","HomeTeamId":2,"HomeLeader":"D Wade 28 pts","AwayRecord":"21-40","HomeRecord":"28-34","AwayScore":109,"HomeScore":114,"WinningTeamId":2,"Links":{"gametrax":"/nba/gameTrax?gameId=2015030714","boxscore":"/nba/boxscore?gameId=2015030714","recap":"http://www.foxsports.com/nba/story/miami-heat-top-sacramento-kings-in-ot-030715","preview":"http://www.foxsports.com/nba/story/kings-heat-preview-030715","odds":"/nba/odds#28367","tickets":"http://www.awin1.com/cread.php?awinmid=4292&awinaffid=143258&clickref=nba&p=http://www.ticketsnow.com/InventoryBrowse/TicketList.aspx?PID=1606496"}},{"Id":27961,"GameState":2,"Date":"2015-03-07 20:00","SeasonType":1,"GameType":1,"AwayTeamId":25,"AwayLeader":"D Lillard 32 pts","HomeTeamId":18,"HomeLeader":"K Martin 29 pts","AwayRecord":"41-20","HomeRecord":"14-47","AwayScore":113,"HomeScore":121,"WinningTeamId":18,"Links":{"gametrax":"/nba/gameTrax?gameId=2015030716","boxscore":"/nba/boxscore?gameId=2015030716","recap":"http://www.foxsports.com/nba/story/minnesota-timberwolves-snap-portland-trail-blazers-win-streak-030715","preview":"http://www.foxsports.com/nba/story/trail-blazers-timberwolves-preview-030615","odds":"/nba/odds#27961","tickets":"http://www.awin1.com/cread.php?awinmid=4292&awinaffid=143258&clickref=nba&p=http://www.ticketsnow.com/InventoryBrowse/TicketList.aspx?PID=1606770"}},{"Id":28079,"GameState":2,"Date":"2015-03-07 20:30","SeasonType":1,"GameType":1,"AwayTeamId":7,"AwayLeader":"P Pierce 14 pts","HomeTeamId":14,"HomeLeader":"K Middleton 30 pts","AwayRecord":"35-28","HomeRecord":"33-29","AwayScore":85,"HomeScore":91,"WinningTeamId":14,"Links":{"gametrax":"/nba/gameTrax?gameId=2015030715","boxscore":"/nba/boxscore?gameId=2015030715","recap":"http://www.foxsports.com/nba/story/milwaukee-bucks-beat-washington-wizards-030715","preview":"http://www.foxsports.com/nba/story/wizards-bucks-preview-030715","odds":"/nba/odds#28079","tickets":"http://www.awin1.com/cread.php?awinmid=4292&awinaffid=143258&clickref=nba&p=http://www.ticketsnow.com/InventoryBrowse/TicketList.aspx?PID=1606544"}},{"Id":28164,"GameState":2,"Date":"2015-03-07 21:00","SeasonType":1,"GameType":1,"AwayTeamId":17,"AwayLeader":"J Harden 28 pts","HomeTeamId":16,"HomeLeader":"W Chandler 26 pts","AwayRecord":"43-20","HomeRecord":"22-41","AwayScore":114,"HomeScore":100,"WinningTeamId":17,"Links":{"gametrax":"/nba/gameTrax?gameId=2015030707","boxscore":"/nba/boxscore?gameId=2015030707","recap":"http://www.foxsports.com/nba/story/harden-scores-28-rockets-beat-nuggets-114-100-030715","preview":"http://www.foxsports.com/nba/story/rockets-nuggets-preview-030715","odds":"/nba/odds#28164","tickets":"http://www.awin1.com/cread.php?awinmid=4292&awinaffid=143258&clickref=nba&p=http://www.ticketsnow.com/InventoryBrowse/TicketList.aspx?PID=1607499"}}]