[{"Id":27669,"GameState":2,"Date":"2015-02-27 19:00","SeasonType":1,"GameType":1,"AwayTeamId":7,"AwayLeader":"J Wall 21 pts","HomeTeamId":6,"HomeLeader":"N Noel 14 pts","AwayRecord":"33-26","HomeRecord":"13-45","AwayScore":81,"HomeScore":89,"WinningTeamId":6,"Links":{"gametrax":"/nba/gameTrax?gameId=2015022720","boxscore":"/nba/boxscore?gameId=2015022720","recap":"http://www.foxsports.com/nba/story/philadelphia-76ers-top-washington-wizards-behind-nerlens-noel-022715","preview":"http://www.foxsports.com/nba/story/wizards-76ers-preview-022615","odds":"/nba/odds#27669","tickets":"http://www.awin1.com/cread.php?awinmid=4292&awinaffid=143258&clickref=nba&p=http://www.ticketsnow.com/InventoryBrowse/TicketList.aspx?PID=1607593"}},{"Id":28323,"GameState":2,"Date":"2015-02-27 19:00","SeasonType":1,"GameType":1,"AwayTeamId":11,"AwayLeader":"J Smith 21 pts","HomeTeamId":13,"HomeLeader":"R Stuckey 19 pts","AwayRecord":"37-23","HomeRecord":"24-34","AwayScore":86,"HomeScore":93,"WinningTeamId":13,"Links":{"gametrax":"/nba/gameTrax?gameId=2015022711","boxscore":"/nba/boxscore?gameId=2015022711","recap":"http://www.foxsports.com/nba/story/indiana-pacers-top-cleveland-cavaliers-022715","preview":"http://www.foxsports.com/nba/story/cavaliers-pacers-preview-022715","odds":"/nba/odds#28323","tickets":"http://www.awin1.com/cread.php?awinmid=4292&awinaffid=143258&clickref=nba&p=http://www.ticketsnow.com/InventoryBrowse/TicketList.aspx?PID=1606274"}},{"Id":27547,"GameState":2,"Date":"2015-02-27 19:30","SeasonType":1,"GameType":1,"AwayTeamId":32,"AwayLeader":"M Williams 31 pts","HomeTeamId":1,"HomeLeader":"I Thomas 28 pts","AwayRecord":"23-33","HomeRecord":"23-33","AwayScore":98,"HomeScore":106,"WinningTeamId":1,"Links":{"gametrax":"/nba/gameTrax?gameId=2015022702","boxscore":"/nba/boxscore?gameId=2015022702","recap":"http://www.foxsports.com/nba/story/boston-celtics-rally-past-charlotte-hornets-022715","preview":"http://www.foxsports.com/nba/story/hornets-celtics-preview-022715","odds":"/nba/odds#27547","tickets":"http://www.awin1.com/cread.php?awinmid=4292&awinaffid=143258&clickref=nba&p=http://www.ticketsnow.com/InventoryBrowse/TicketList.aspx?PID=1605889"}},{"Id":27755,"GameState":2,"FinalText":"2OT","Date":"2015-02-27 19:30","SeasonType":1,"GameType":1,"AwayTeamId":4,"AwayLeader":"A Bargnani 25 pts","HomeTeamId":12,"HomeLeader":"G Monroe 28 pts","AwayRecord":"11-46","HomeRecord":"23-35","AwayScore":121,"HomeScore":115,"WinningTeamId":4,"Links":{"gametrax":"/nba/gameTrax?gameId=2015022708","boxscore":"/nba/boxscore?gameId=2015022708","recap":"http://www.foxsports.com/nba/story/knicks-top-sluggish-pistons-121-115-in-double-ot-022715","preview":"http://www.foxsports.com/nba/story/knicks-pistons-preview-022615","odds":"/nba/odds#27755","tickets":"http://www.awin1.com/cread.php?awinmid=4292&awinaffid=143258&clickref=nba&p=http://www.ticketsnow.com/InventoryBrowse/TicketList.aspx?PID=1606181"}},{"Id":28122,"GameState":2,"Date":"2015-02-27 19:30","SeasonType":1,"GameType":1,"AwayTeamId":21,"AwayLeader":"K Thompson 25 pts","HomeTeamId":30,"HomeLeader":"T Ross 18 pts","AwayRecord":"45-11","HomeRecord":"37-21","AwayScore":113,"HomeScore":89,"WinningTeamId":21,"Links":{"gametrax":"/nba/gameTrax?gameId=2015022728","boxscore":"/nba/boxscore?gameId=2015022728","recap":"http://www.foxsports.com/nba/story/thompson-scores-25-as-warriors-rout-raptors-022715","preview":"http://www.foxsports.com/nba/story/warriors-raptors-preview-022715","odds":"/nba/odds#28122"}},{"Id":28286,"GameState":2,"Date":"2015-02-27 19:30","SeasonType":1,"GameType":1,"AwayTeamId":5,"AwayLeader":"N Vucevic 21 pts","HomeTeamId":8,"HomeLeader":"P Millsap 20 pts","AwayRecord":"19-41","HomeRecord":"46-12","AwayScore":88,"HomeScore":95,"WinningTeamId":8,"Links":{"gametrax":"/nba/gameTrax?gameId=2015022701","boxscore":"/nba/boxscore?gameId=2015022701","recap":"http://www.foxsports.com/nba/story/atlanta-hawks-top-orlando-magic-022715","preview":"http://www.foxsports.com/nba/story/magic-hawks-preview-022615","odds":"/nba/odds#28286","tickets":"http://www.awin1.com/cread.php?awinmid=4292&awinaffid=143258&clickref=nba&p=http://www.ticketsnow.com/InventoryBrowse/TicketList.aspx?PID=1605843"}},{"Id":27999,"GameState":2,"Date":"2015-02-27 20:00","SeasonType":1,"GameType":1,"AwayTeamId":18,"AwayLeader":"K Martin 18 pts","HomeTeamId":10,"HomeLeader":"J Butler 28 pts","AwayRecord":"13-44","HomeRecord":"37-22","AwayScore":89,"HomeScore":96,"WinningTeamId":10,"Links":{"gametrax":"/nba/gameTrax?gameId=2015022704","boxscore":"/nba/boxscore?gameId=2015022704","recap":"http://www.foxsports.com/nba/story/butler-leads-bulls-past-timberwolves-96-89-022715","preview":"http://www.foxsports.com/nba/story/timberwolves-bulls-preview-022615","odds":"/nba/odds#27999","tickets":"http://www.awin1.com/cread.php?awinmid=4292&awinaffid=143258&clickref=nba&p=http://www.ticketsnow.com/InventoryBrowse/TicketList.aspx?PID=1605991"}},{"Id":28449,"GameState":2,"Date":"2015-02-27 20:00","SeasonType":1,"GameType":1,"AwayTeamId":2,"AwayLeader":"L Deng 22 pts","HomeTeamId":9,"HomeLeader":"A Ajinca 24 pts","AwayRecord":"25-32","HomeRecord":"31-27","AwayScore":102,"HomeScore":104,"WinningTeamId":9,"Links":{"gametrax":"/nba/gameTrax?gameId=2015022703","boxscore":"/nba/boxscore?gameId=2015022703","recap":"http://www.foxsports.com/nba/story/new-orleans-pelicans-edge-miami-heat-022715","preview":"http://www.foxsports.com/nba/story/heat-pelicans-preview-022615","odds":"/nba/odds#28449","tickets":"http://www.awin1.com/cread.php?awinmid=4292&awinaffid=143258&clickref=nba&p=http://www.ticketsnow.com/InventoryBrowse/TicketList.aspx?PID=1606880"}},{"Id":28531,"GameState":2,"Date":"2015-02-27 20:00","SeasonType":1,"GameType":1,"AwayTeamId":3,"AwayLeader":"D Williams 15 pts","HomeTeamId":17,"HomeLeader":"T Jones 26 pts","AwayRecord":"23-33","HomeRecord":"40-18","AwayScore":98,"HomeScore":102,"WinningTeamId":17,"Links":{"gametrax":"/nba/gameTrax?gameId=2015022710","boxscore":"/nba/boxscore?gameId=2015022710","recap":"http://www.foxsports.com/nba/story/jones-has-season-best-26-points-as-rockets-beat-nets-102-98-022715","preview":"http://www.foxsports.com/nba/story/nets-rockets-preview-022615","odds":"/nba/odds#28531","tickets":"http://www.awin1.com/cread.php?awinmid=4292&awinaffid=143258&clickref=nba&p=http://www.ticketsnow.com/InventoryBrowse/TicketList.aspx?PID=1607548"}},{"Id":28571,"GameState":2,"Date":"2015-02-27 20:00","SeasonType":1,"GameType":1,"AwayTeamId":22,"AwayLeader":"J Crawford 19 pts","HomeTeamId":31,"HomeLeader":"Z Randolph 20 pts","AwayRecord":"38-21","HomeRecord":"41-16","AwayScore":97,"HomeScore":79,"WinningTeamId":22,"Links":{"gametrax":"/nba/gameTrax?gameId=2015022729","boxscore":"/nba/boxscore?gameId=2015022729","recap":"http://www.foxsports.com/nba/story/paul-jordan-lead-clippers-past-grizzlies-97-79-022715","preview":"http://www.foxsports.com/nba/story/clippers-grizzlies-preview-022615","odds":"/nba/odds#28571","tickets":"http://www.awin1.com/cread.php?awinmid=4292&awinaffid=143258&clickref=nba&p=http://www.ticketsnow.com/InventoryBrowse/TicketList.aspx?PID=1606446"}},{"Id":28161,"GameState":2,"Date":"2015-02-27 21:00","SeasonType":1,"GameType":1,"AwayTeamId":20,"AwayLeader":"D Favors 21 pts","HomeTeamId":16,"HomeLeader":"W Barton 22 pts","AwayRecord":"22-35","HomeRecord":"20-38","AwayScore":104,"HomeScore":82,"WinningTeamId":20,"Links":{"gametrax":"/nba/gameTrax?gameId=2015022707","boxscore":"/nba/boxscore?gameId=2015022707","recap":"http://www.foxsports.com/nba/story/utah-jazz-down-denver-nuggets-022715","preview":"http://www.foxsports.com/nba/story/jazz-nuggets-preview-022615","odds":"/nba/odds#28161","tickets":"http://www.awin1.com/cread.php?awinmid=4292&awinaffid=143258&clickref=nba&p=http://www.ticketsnow.com/InventoryBrowse/TicketList.aspx?PID=1607496"}},{"Id":27878,"GameState":2,"Date":"2015-02-27 22:00","SeasonType":1,"GameType":1,"AwayTeamId":19,"AwayLeader":"T Parker 19 pts","HomeTeamId":26,"HomeLeader":"B McLemore 21 pts","AwayRecord":"35-23","HomeRecord":"20-36","AwayScore":107,"HomeScore":96,"WinningTeamId":19,"Links":{"gametrax":"/nba/gameTrax?gameId=2015022723","boxscore":"/nba/boxscore?gameId=2015022723","recap":"http://www.foxsports.com/nba/story/spurs-snap-4-game-skid-beat-short-handed-kings-107-96-022815","preview":"http://www.foxsports.com/nba/story/spurs-kings-preview-022615","odds":"/nba/odds#27878","tickets":"http://www.awin1.com/cread.php?awinmid=4292&awinaffid=143258&clickref=nba&p=http://www.ticketsnow.com/InventoryBrowse/TicketList.aspx?PID=1607316"}},{"Id":28041,"GameState":2,"Date":"2015-02-27 22:30","SeasonType":1,"GameType":1,"AwayTeamId":27,"AwayLeader":"R Westbrook 40 pts","HomeTeamId":25,"HomeLeader":"L Aldridge 29 pts","AwayRecord":"32-27","HomeRecord":"38-19","AwayScore":112,"HomeScore":115,"WinningTeamId":25,"Links":{"gametrax":"/nba/gameTrax?gameId=2015022722","boxscore":"/nba/boxscore?gameId=2015022722","recap":"http://www.foxsports.com/nba/story/blazers-come-from-behind-for-115-112-win-over-thunder-022815","preview":"http://www.foxsports.com/nba/story/thunder-trail-blazers-preview-022715","odds":"/nba/odds#28041","tickets":"http://www.awin1.com/cread.php?awinmid=4292&awinaffid=143258&clickref=nba&p=http://www.ticketsnow.com/InventoryBrowse/TicketList.aspx?PID=1607680"}},{"Id":28242,"GameState":2,"Date":"2015-02-27 22:30","SeasonType":1,"GameType":1,"AwayTeamId":14,"AwayLeader":"E Ilyasova 17 pts","HomeTeamId":23,"HomeLeader":"J Clarkson 16 pts","AwayRecord":"32-26","HomeRecord":"16-41","AwayScore":93,"HomeScore":101,"WinningTeamId":23,"Links":{"gametrax":"/nba/gameTrax?gameId=2015022713","boxscore":"/nba/boxscore?gameId=2015022713","recap":"http://www.foxsports.com/nba/story/los-angeles-lakers-upend-milwaukee-bucks-022815","preview":"http://www.foxsports.com/nba/story/bucks-lakers-preview-022615","odds":"/nba/odds#28242","tickets":"http://www.awin1.com/cread.php?awinmid=4292&awinaffid=143258&clickref=nba&p=http://www.ticketsnow.com/InventoryBrowse/TicketList.aspx?PID=1606399"}}]