[{"Id":28002,"GameState":2,"Date":"2015-03-05 20:00","SeasonType":1,"GameType":1,"AwayTeamId":27,"AwayLeader":"R Westbrook 43 pts","HomeTeamId":10,"HomeLeader":"N Mirotic 26 pts","AwayRecord":"34-28","HomeRecord":"39-23","AwayScore":105,"HomeScore":108,"WinningTeamId":10,"Links":{"gametrax":"/nba/gameTrax?gameId=2015030504","boxscore":"/nba/boxscore?gameId=2015030504","recap":"http://www.foxsports.com/nba/story/etwaun-moore-lifts-bulls-past-westbrook-thunder-030515","preview":"http://www.foxsports.com/nba/story/thunder-bulls-preview-030515","odds":"/nba/odds#28002","tickets":"http://www.awin1.com/cread.php?awinmid=4292&awinaffid=143258&clickref=nba&p=http://www.ticketsnow.com/InventoryBrowse/TicketList.aspx?PID=1605994"}},{"Id":28042,"GameState":2,"Date":"2015-03-05 22:30","SeasonType":1,"GameType":1,"AwayTeamId":15,"AwayLeader":"A Stoudemire 12 pts","HomeTeamId":25,"HomeLeader":"L Aldridge 17 pts","AwayRecord":"40-23","HomeRecord":"41-19","AwayScore":75,"HomeScore":94,"WinningTeamId":25,"Links":{"gametrax":"/nba/gameTrax?gameId=2015030522","boxscore":"/nba/boxscore?gameId=2015030522","recap":"http://www.foxsports.com/nba/story/blazers-win-fifth-straight-with-94-75-victory-over-mavericks-030615","preview":"http://www.foxsports.com/nba/story/mavericks-trail-blazers-preview-030515","odds":"/nba/odds#28042","tickets":"http://www.awin1.com/cread.php?awinmid=4292&awinaffid=143258&clickref=nba&p=http://www.ticketsnow.com/InventoryBrowse/TicketList.aspx?PID=1607681"}}]