[{"Id":27635,"GameState":2,"Date":"2015-03-16 19:00","SeasonType":1,"GameType":1,"AwayTeamId":25,"AwayLeader":"L Aldridge 24 pts","HomeTeamId":7,"HomeLeader":"B Beal 23 pts","AwayRecord":"44-21","HomeRecord":"39-28","AwayScore":97,"HomeScore":105,"WinningTeamId":7,"Links":{"gametrax":"/nba/gameTrax?gameId=2015031627","boxscore":"/nba/boxscore?gameId=2015031627","recap":"http://www.foxsports.com/nba/story/wiz-let-25-point-lead-shrink-to-3-but-beat-blazers-105-97-031615","preview":"http://www.foxsports.com/nba/story/trail-blazers-wizards-preview-031615","odds":"/nba/odds#27635","tickets":"http://www.awin1.com/cread.php?awinmid=4292&awinaffid=143258&clickref=nba&p=http://www.ticketsnow.com/InventoryBrowse/TicketList.aspx?PID=1607407"}},{"Id":28330,"GameState":2,"Date":"2015-03-16 19:00","SeasonType":1,"GameType":1,"AwayTeamId":30,"AwayLeader":"L Williams 24 pts","HomeTeamId":13,"HomeLeader":"G Hill 23 pts","AwayRecord":"40-27","HomeRecord":"30-36","AwayScore":117,"HomeScore":98,"WinningTeamId":30,"Links":{"gametrax":"/nba/gameTrax?gameId=2015031611","boxscore":"/nba/boxscore?gameId=2015031611","recap":"http://www.foxsports.com/nba/story/lowrys-triple-double-leads-raptors-past-pacers-117-98-031615","preview":"http://www.foxsports.com/nba/story/raptors-pacers-preview-031515","odds":"/nba/odds#28330","tickets":"http://www.awin1.com/cread.php?awinmid=4292&awinaffid=143258&clickref=nba&p=http://www.ticketsnow.com/InventoryBrowse/TicketList.aspx?PID=1606281"}},{"Id":27552,"GameState":2,"Date":"2015-03-16 19:30","SeasonType":1,"GameType":1,"AwayTeamId":6,"AwayLeader":"N Noel 18 pts","HomeTeamId":1,"HomeLeader":"T Zeller 26 pts","AwayRecord":"15-52","HomeRecord":"30-36","AwayScore":89,"HomeScore":108,"WinningTeamId":1,"Links":{"gametrax":"/nba/gameTrax?gameId=2015031602","boxscore":"/nba/boxscore?gameId=2015031602","recap":"http://www.foxsports.com/nba/story/boston-celtics-top-philadelphia-76ers-for-5th-straight-win-031615","preview":"http://www.foxsports.com/nba/story/76ers-celtics-preview-031515","odds":"/nba/odds#27552","tickets":"http://www.awin1.com/cread.php?awinmid=4292&awinaffid=143258&clickref=nba&p=http://www.ticketsnow.com/InventoryBrowse/TicketList.aspx?PID=1605894"}},{"Id":27962,"GameState":2,"Date":"2015-03-16 20:00","SeasonType":1,"GameType":1,"AwayTeamId":3,"AwayLeader":"J Johnson 22 pts","HomeTeamId":18,"HomeLeader":"K Martin 23 pts","AwayRecord":"27-38","HomeRecord":"14-52","AwayScore":122,"HomeScore":106,"WinningTeamId":3,"Links":{"gametrax":"/nba/gameTrax?gameId=2015031616","boxscore":"/nba/boxscore?gameId=2015031616","recap":"http://www.foxsports.com/nba/story/nets-beat-wolves-in-1st-matchup-since-garnett-trade-031615","preview":"http://www.foxsports.com/nba/story/nets-timberwolves-preview-031615","odds":"/nba/odds#27962","tickets":"http://www.awin1.com/cread.php?awinmid=4292&awinaffid=143258&clickref=nba&p=http://www.ticketsnow.com/InventoryBrowse/TicketList.aspx?PID=1606771"}},{"Id":28370,"GameState":2,"Date":"2015-03-16 20:00","SeasonType":1,"GameType":1,"AwayTeamId":11,"AwayLeader":"L James 26 pts","HomeTeamId":2,"HomeLeader":"D Wade 32 pts","AwayRecord":"43-26","HomeRecord":"30-36","AwayScore":92,"HomeScore":106,"WinningTeamId":2,"Links":{"gametrax":"/nba/gameTrax?gameId=2015031614","boxscore":"/nba/boxscore?gameId=2015031614","recap":"http://www.foxsports.com/nba/story/lebron-james-second-trip-to-miami-brings-another-loss-as-heat-stun-cleveland-cavaliers-031615","preview":"http://www.foxsports.com/nba/story/cavaliers-heat-preview-031515","odds":"/nba/odds#28370","tickets":"http://www.awin1.com/cread.php?awinmid=4292&awinaffid=143258&clickref=nba&p=http://www.ticketsnow.com/InventoryBrowse/TicketList.aspx?PID=1606499"}},{"Id":28575,"GameState":2,"Date":"2015-03-16 20:00","SeasonType":1,"GameType":1,"AwayTeamId":16,"AwayLeader":"J Nelson 24 pts","HomeTeamId":31,"HomeLeader":"Z Randolph 21 pts","AwayRecord":"26-42","HomeRecord":"47-20","AwayScore":81,"HomeScore":92,"WinningTeamId":31,"Links":{"gametrax":"/nba/gameTrax?gameId=2015031629","boxscore":"/nba/boxscore?gameId=2015031629","recap":"http://www.foxsports.com/nba/story/memphis-grizzlies-outlast-weary-denver-nuggets-close-on-13-2-run-031615","preview":"http://www.foxsports.com/nba/story/nuggets-grizzlies-preview-031515","odds":"/nba/odds#28575","tickets":"http://www.awin1.com/cread.php?awinmid=4292&awinaffid=143258&clickref=nba&p=http://www.ticketsnow.com/InventoryBrowse/TicketList.aspx?PID=1606450"}},{"Id":28412,"GameState":2,"Date":"2015-03-16 20:30","SeasonType":1,"GameType":1,"AwayTeamId":27,"AwayLeader":"R Westbrook 24 pts","HomeTeamId":15,"HomeLeader":"C Parsons 31 pts","AwayRecord":"37-30","HomeRecord":"43-25","AwayScore":115,"HomeScore":119,"WinningTeamId":15,"Links":{"gametrax":"/nba/gameTrax?gameId=2015031606","boxscore":"/nba/boxscore?gameId=2015031606","recap":"http://www.foxsports.com/nba/story/parsons-nowitzki-lead-mavs-tense-119-115-win-over-thunder-031615","preview":"http://www.foxsports.com/nba/story/thunder-mavericks-preview-031515","odds":"/nba/odds#28412","tickets":"http://www.awin1.com/cread.php?awinmid=4292&awinaffid=143258&clickref=nba&p=http://www.ticketsnow.com/InventoryBrowse/TicketList.aspx?PID=1606044"}},{"Id":27592,"GameState":2,"Date":"2015-03-16 21:00","SeasonType":1,"GameType":1,"AwayTeamId":32,"AwayLeader":"L Stephenson 17 pts","HomeTeamId":20,"HomeLeader":"R Hood 24 pts","AwayRecord":"29-36","HomeRecord":"30-36","AwayScore":66,"HomeScore":94,"WinningTeamId":20,"Links":{"gametrax":"/nba/gameTrax?gameId=2015031626","boxscore":"/nba/boxscore?gameId=2015031626","recap":"http://www.foxsports.com/nba/story/jazz-bury-hornets-94-66-with-barrage-of-3-pointers-031615","preview":"http://www.foxsports.com/nba/story/hornets-jazz-preview-031515","odds":"/nba/odds#27592","tickets":"http://www.awin1.com/cread.php?awinmid=4292&awinaffid=143258&clickref=nba&p=http://www.ticketsnow.com/InventoryBrowse/TicketList.aspx?PID=1607643"}},{"Id":27880,"GameState":2,"Date":"2015-03-16 22:00","SeasonType":1,"GameType":1,"AwayTeamId":8,"AwayLeader":"J Teague 23 pts","HomeTeamId":26,"HomeLeader":"D Cousins 20 pts","AwayRecord":"53-14","HomeRecord":"22-44","AwayScore":110,"HomeScore":103,"WinningTeamId":8,"Links":{"gametrax":"/nba/gameTrax?gameId=2015031623","boxscore":"/nba/boxscore?gameId=2015031623","recap":"http://www.foxsports.com/nba/story/atlanta-hawks-beat-sacramento-kings-to-set-franchise-record-with-23-road-wins-031715","preview":"http://www.foxsports.com/nba/story/hawks-kings-preview-031615","odds":"/nba/odds#27880","tickets":"http://www.awin1.com/cread.php?awinmid=4292&awinaffid=143258&clickref=nba&p=http://www.ticketsnow.com/InventoryBrowse/TicketList.aspx?PID=1607318"}},{"Id":27714,"GameState":2,"Date":"2015-03-16 22:30","SeasonType":1,"GameType":1,"AwayTeamId":23,"AwayLeader":"J Clarkson 17 pts","HomeTeamId":21,"HomeLeader":"K Thompson 26 pts","AwayRecord":"17-49","HomeRecord":"53-13","AwayScore":105,"HomeScore":108,"WinningTeamId":21,"Links":{"gametrax":"/nba/gameTrax?gameId=2015031609","boxscore":"/nba/boxscore?gameId=2015031609","recap":"http://www.foxsports.com/nba/story/golden-state-warriors-clinch-playoff-spot-beat-los-angeles-lakers-for-good-measure-031715","preview":"http://www.foxsports.com/nba/story/lakers-warriors-preview-031615","odds":"/nba/odds#27714","tickets":"http://www.awin1.com/cread.php?awinmid=4292&awinaffid=143258&clickref=nba&p=http://www.ticketsnow.com/InventoryBrowse/TicketList.aspx?PID=1606230"}}]