[{"Id":27639,"GameState":2,"Date":"2015-04-01 19:00","SeasonType":1,"GameType":1,"AwayTeamId":6,"AwayLeader":"I Smith 23 pts","HomeTeamId":7,"HomeLeader":"M Gortat 23 pts","AwayRecord":"18-58","HomeRecord":"42-33","AwayScore":93,"HomeScore":106,"WinningTeamId":7,"Links":{"gametrax":"/nba/gameTrax?gameId=2015040127","boxscore":"/nba/boxscore?gameId=2015040127","recap":"http://www.foxsports.com/nba/story/washington-wizards-down-philadelphia-76ers-040115","preview":"http://www.foxsports.com/nba/story/76ers-wizards-preview-033115","odds":"/nba/odds#27639","tickets":"http://www.awin1.com/cread.php?awinmid=4292&awinaffid=143258&clickref=nba&p=http://www.ticketsnow.com/InventoryBrowse/TicketList.aspx?PID=1607411"}},{"Id":28662,"GameState":2,"Date":"2015-04-01 19:00","SeasonType":1,"GameType":1,"AwayTeamId":12,"AwayLeader":"J Meeks 15 pts","HomeTeamId":32,"HomeLeader":"M Williams 18 pts","AwayRecord":"29-46","HomeRecord":"32-42","AwayScore":78,"HomeScore":102,"WinningTeamId":32,"Links":{"gametrax":"/nba/gameTrax?gameId=2015040130","boxscore":"/nba/boxscore?gameId=2015040130","recap":"http://www.foxsports.com/nba/story/charlotte-hornets-rout-detroit-pistons-al-jefferson-plays-after-having-knee-drained-040115","preview":"http://www.foxsports.com/nba/story/pistons-hornets-preview-033115","odds":"/nba/odds#28662","tickets":"http://www.awin1.com/cread.php?awinmid=4292&awinaffid=143258&clickref=nba&p=http://www.ticketsnow.com/InventoryBrowse/TicketList.aspx?PID=1605959"}},{"Id":28703,"GameState":2,"Date":"2015-04-01 19:00","SeasonType":1,"GameType":1,"AwayTeamId":19,"AwayLeader":"A Baynes 18 pts","HomeTeamId":5,"HomeLeader":"V Oladipo 24 pts","AwayRecord":"49-26","HomeRecord":"22-53","AwayScore":103,"HomeScore":91,"WinningTeamId":19,"Links":{"gametrax":"/nba/gameTrax?gameId=2015040119","boxscore":"/nba/boxscore?gameId=2015040119","recap":"http://www.foxsports.com/nba/story/san-antonio-spurs-clinch-playoff-berth-top-orlando-magic-040115","preview":"http://www.foxsports.com/nba/story/spurs-magic-preview-040115","odds":"/nba/odds#28703","tickets":"http://www.awin1.com/cread.php?awinmid=4292&awinaffid=143258&clickref=nba&p=http://www.ticketsnow.com/InventoryBrowse/TicketList.aspx?PID=1607206"}},{"Id":27556,"GameState":2,"Date":"2015-04-01 19:30","SeasonType":1,"GameType":1,"AwayTeamId":13,"AwayLeader":"G Hill 21 pts","HomeTeamId":1,"HomeLeader":"T Zeller 19 pts","AwayRecord":"32-43","HomeRecord":"34-41","AwayScore":87,"HomeScore":100,"WinningTeamId":1,"Links":{"gametrax":"/nba/gameTrax?gameId=2015040102","boxscore":"/nba/boxscore?gameId=2015040102","recap":"http://www.foxsports.com/nba/story/kelly-olynyk-overcomes-eye-injury-scores-19-in-boston-celtics-win-over-indiana-pacers-040115","preview":"http://www.foxsports.com/nba/story/pacers-celtics-preview-040115","odds":"/nba/odds#27556","tickets":"http://www.awin1.com/cread.php?awinmid=4292&awinaffid=143258&clickref=nba&p=http://www.ticketsnow.com/InventoryBrowse/TicketList.aspx?PID=1605897"}},{"Id":27802,"GameState":2,"Date":"2015-04-01 19:30","SeasonType":1,"GameType":1,"AwayTeamId":3,"AwayLeader":"D Williams 26 pts","HomeTeamId":4,"HomeLeader":"A Bargnani 22 pts","AwayRecord":"34-40","HomeRecord":"14-61","AwayScore":100,"HomeScore":98,"WinningTeamId":3,"Links":{"gametrax":"/nba/gameTrax?gameId=2015040118","boxscore":"/nba/boxscore?gameId=2015040118","recap":"http://www.foxsports.com/nba/story/brooklyn-nets-edge-new-york-knicks-on-brook-lopez-basket-040115","preview":"http://www.foxsports.com/nba/story/nets-knicks-preview-040115","odds":"/nba/odds#27802","tickets":"http://www.awin1.com/cread.php?awinmid=4292&awinaffid=143258&clickref=nba&p=http://www.ticketsnow.com/InventoryBrowse/TicketList.aspx?PID=1607050"}},{"Id":27966,"GameState":2,"Date":"2015-04-01 20:00","SeasonType":1,"GameType":1,"AwayTeamId":30,"AwayLeader":"L Williams 18 pts","HomeTeamId":18,"HomeLeader":"A Wiggins 25 pts","AwayRecord":"45-30","HomeRecord":"16-59","AwayScore":113,"HomeScore":99,"WinningTeamId":30,"Links":{"gametrax":"/nba/gameTrax?gameId=2015040116","boxscore":"/nba/boxscore?gameId=2015040116","recap":"http://www.foxsports.com/nba/story/toronto-raptors-defeat-minnesota-timberwolves-lou-williams-scores-18-040115","preview":"http://www.foxsports.com/nba/story/raptors-timberwolves-preview-033115","odds":"/nba/odds#27966","tickets":"http://www.awin1.com/cread.php?awinmid=4292&awinaffid=143258&clickref=nba&p=http://www.ticketsnow.com/InventoryBrowse/TicketList.aspx?PID=1606775"}},{"Id":28087,"GameState":2,"Date":"2015-04-01 20:00","SeasonType":1,"GameType":1,"AwayTeamId":10,"AwayLeader":"J Butler 25 pts","HomeTeamId":14,"HomeLeader":"M Carter-Williams 21 pts","AwayRecord":"45-30","HomeRecord":"37-38","AwayScore":91,"HomeScore":95,"WinningTeamId":14,"Links":{"gametrax":"/nba/gameTrax?gameId=2015040115","boxscore":"/nba/boxscore?gameId=2015040115","recap":"http://www.foxsports.com/nba/story/milwaukee-bucks-get-rare-home-win-against-chicago-bulls-040115","preview":"http://www.foxsports.com/nba/story/bulls-bucks-preview-033115","odds":"/nba/odds#28087","tickets":"http://www.awin1.com/cread.php?awinmid=4292&awinaffid=143258&clickref=nba&p=http://www.ticketsnow.com/InventoryBrowse/TicketList.aspx?PID=1606552"}},{"Id":28539,"GameState":2,"Date":"2015-04-01 20:00","SeasonType":1,"GameType":1,"AwayTeamId":26,"AwayLeader":"D Cousins 24 pts","HomeTeamId":17,"HomeLeader":"J Harden 51 pts","AwayRecord":"26-48","HomeRecord":"51-24","AwayScore":111,"HomeScore":115,"WinningTeamId":17,"Links":{"gametrax":"/nba/gameTrax?gameId=2015040110","boxscore":"/nba/boxscore?gameId=2015040110","recap":"http://www.foxsports.com/nba/story/james-harden-scores-career-high-51-points-in-houston-rockets-win-over-sacramento-kings-040115","preview":"http://www.foxsports.com/nba/story/kings-rockets-preview-033115","odds":"/nba/odds#28539","tickets":"http://www.awin1.com/cread.php?awinmid=4292&awinaffid=143258&clickref=nba&p=http://www.ticketsnow.com/InventoryBrowse/TicketList.aspx?PID=1607556"}},{"Id":28620,"GameState":2,"Date":"2015-04-01 20:00","SeasonType":1,"GameType":1,"AwayTeamId":15,"AwayLeader":"M Ellis 26 pts","HomeTeamId":27,"HomeLeader":"A Morrow 32 pts","AwayRecord":"46-29","HomeRecord":"42-33","AwayScore":135,"HomeScore":131,"WinningTeamId":15,"Links":{"gametrax":"/nba/gameTrax?gameId=2015040125","boxscore":"/nba/boxscore?gameId=2015040125","recap":"http://www.foxsports.com/nba/story/mavs-beat-thunder-135-131-despite-westbrook-triple-double-040115","preview":"http://www.foxsports.com/nba/story/mavericks-thunder-preview-033115","odds":"/nba/odds#28620","tickets":"http://www.awin1.com/cread.php?awinmid=4292&awinaffid=143258&clickref=nba&p=http://www.ticketsnow.com/InventoryBrowse/TicketList.aspx?PID=1607156"}},{"Id":27597,"GameState":2,"Date":"2015-04-01 21:00","SeasonType":1,"GameType":1,"AwayTeamId":16,"AwayLeader":"K Faried 19 pts","HomeTeamId":20,"HomeLeader":"R Gobert 20 pts","AwayRecord":"28-47","HomeRecord":"34-41","AwayScore":84,"HomeScore":98,"WinningTeamId":20,"Links":{"gametrax":"/nba/gameTrax?gameId=2015040126","boxscore":"/nba/boxscore?gameId=2015040126","recap":"http://www.foxsports.com/nba/story/jazz-roll-nuggets-98-84-after-sluggish-start-040115","preview":"http://www.foxsports.com/nba/story/nuggets-jazz-preview-033115","odds":"/nba/odds#27597","tickets":"http://www.awin1.com/cread.php?awinmid=4292&awinaffid=143258&clickref=nba&p=http://www.ticketsnow.com/InventoryBrowse/TicketList.aspx?PID=1607649"}},{"Id":28048,"GameState":2,"Date":"2015-04-01 22:00","SeasonType":1,"GameType":1,"AwayTeamId":22,"AwayLeader":"C Paul 41 pts","HomeTeamId":25,"HomeLeader":"L Aldridge 29 pts","AwayRecord":"50-26","HomeRecord":"48-26","AwayScore":126,"HomeScore":122,"WinningTeamId":22,"Links":{"gametrax":"/nba/gameTrax?gameId=2015040122","boxscore":"/nba/boxscore?gameId=2015040122","recap":"http://www.foxsports.com/nba/story/paul-scores-41-clippers-rally-to-beat-blazers-126-122-040215","preview":"http://www.foxsports.com/nba/story/clippers-trail-blazers-preview-040115","odds":"/nba/odds#28048","tickets":"http://www.awin1.com/cread.php?awinmid=4292&awinaffid=143258&clickref=nba&p=http://www.ticketsnow.com/InventoryBrowse/TicketList.aspx?PID=1607687"}},{"Id":28250,"GameState":2,"Date":"2015-04-01 22:30","SeasonType":1,"GameType":1,"AwayTeamId":9,"AwayLeader":"A Davis 20 pts","HomeTeamId":23,"HomeLeader":"J Clarkson 18 pts","AwayRecord":"40-34","HomeRecord":"20-54","AwayScore":113,"HomeScore":92,"WinningTeamId":9,"Links":{"gametrax":"/nba/gameTrax?gameId=2015040113","boxscore":"/nba/boxscore?gameId=2015040113","recap":"http://www.foxsports.com/nba/story/new-orleans-pelicans-get-ryan-anderson-back-in-win-over-los-angeles-lakers-040215","preview":"http://www.foxsports.com/nba/story/pelicans-lakers-preview-033115","odds":"/nba/odds#28250","tickets":"http://www.awin1.com/cread.php?awinmid=4292&awinaffid=143258&clickref=nba&p=http://www.ticketsnow.com/InventoryBrowse/TicketList.aspx?PID=1606407"}}]