[{"Id":27670,"GameState":2,"Date":"2015-03-02 19:00","SeasonType":1,"GameType":1,"AwayTeamId":30,"AwayLeader":"D DeRozan 35 pts","HomeTeamId":6,"HomeLeader":"I Smith 19 pts","AwayRecord":"38-22","HomeRecord":"13-47","AwayScore":114,"HomeScore":103,"WinningTeamId":30,"Links":{"gametrax":"/nba/gameTrax?gameId=2015030220","boxscore":"/nba/boxscore?gameId=2015030220","recap":"http://www.foxsports.com/nba/story/toronto-raptors-beat-philadelphia-76ers-to-stop-5-game-losing-streak-demar-derozan-scores-season-high-35-points-030215","preview":"http://www.foxsports.com/nba/story/raptors-76ers-preview-030115","odds":"/nba/odds#27670","tickets":"http://www.awin1.com/cread.php?awinmid=4292&awinaffid=143258&clickref=nba&p=http://www.ticketsnow.com/InventoryBrowse/TicketList.aspx?PID=1607594"}},{"Id":28365,"GameState":2,"Date":"2015-03-02 19:30","SeasonType":1,"GameType":1,"AwayTeamId":24,"AwayLeader":"P Tucker 20 pts","HomeTeamId":2,"HomeLeader":"T Johnson 26 pts","AwayRecord":"31-30","HomeRecord":"26-33","AwayScore":98,"HomeScore":115,"WinningTeamId":2,"Links":{"gametrax":"/nba/gameTrax?gameId=2015030214","boxscore":"/nba/boxscore?gameId=2015030214","recap":"http://www.foxsports.com/nba/story/miami-heat-beat-phoenix-suns-as-goran-dragic-scores-21-vs-his-former-team-030215","preview":"http://www.foxsports.com/nba/story/suns-heat-preview-030115","odds":"/nba/odds#28365","tickets":"http://www.awin1.com/cread.php?awinmid=4292&awinaffid=143258&clickref=nba&p=http://www.ticketsnow.com/InventoryBrowse/TicketList.aspx?PID=1606494"}},{"Id":28734,"GameState":2,"Date":"2015-03-02 19:30","SeasonType":1,"GameType":1,"AwayTeamId":21,"AwayLeader":"S Curry 26 pts","HomeTeamId":3,"HomeLeader":"B Lopez 26 pts","AwayRecord":"46-12","HomeRecord":"25-33","AwayScore":108,"HomeScore":110,"WinningTeamId":3,"Links":{"gametrax":"/nba/gameTrax?gameId=2015030217","boxscore":"/nba/boxscore?gameId=2015030217","recap":"http://www.foxsports.com/nba/story/jarrett-jack-jumper-in-final-seconds-lifts-brooklyn-nets-over-golden-state-warriors-030215","preview":"http://www.foxsports.com/nba/story/warriors-nets-preview-030115","odds":"/nba/odds#28734","tickets":"http://www.awin1.com/cread.php?awinmid=4292&awinaffid=143258&clickref=nba&p=http://www.ticketsnow.com/InventoryBrowse/TicketList.aspx?PID=1605462"}},{"Id":27959,"GameState":2,"Date":"2015-03-02 20:00","SeasonType":1,"GameType":1,"AwayTeamId":22,"AwayLeader":"C Paul 26 pts","HomeTeamId":18,"HomeLeader":"G Neal 19 pts","AwayRecord":"40-21","HomeRecord":"13-46","AwayScore":110,"HomeScore":105,"WinningTeamId":22,"Links":{"gametrax":"/nba/gameTrax?gameId=2015030216","boxscore":"/nba/boxscore?gameId=2015030216","recap":"http://www.foxsports.com/nba/story/los-angeles-clippers-beat-minnesota-timberwolves-despite-triple-double-by-ricky-rubio-030215","preview":"http://www.foxsports.com/nba/story/clippers-timberwolves-preview-030115","odds":"/nba/odds#27959","tickets":"http://www.awin1.com/cread.php?awinmid=4292&awinaffid=143258&clickref=nba&p=http://www.ticketsnow.com/InventoryBrowse/TicketList.aspx?PID=1606768"}},{"Id":28409,"GameState":2,"Date":"2015-03-02 20:30","SeasonType":1,"GameType":1,"AwayTeamId":9,"AwayLeader":"N Cole 19 pts","HomeTeamId":15,"HomeLeader":"M Ellis 20 pts","AwayRecord":"32-28","HomeRecord":"40-22","AwayScore":93,"HomeScore":102,"WinningTeamId":15,"Links":{"gametrax":"/nba/gameTrax?gameId=2015030206","boxscore":"/nba/boxscore?gameId=2015030206","recap":"http://www.foxsports.com/nba/story/jefferson-keys-3rd-quarter-spurt-mavs-beat-pelicans-102-93-030215","preview":"http://www.foxsports.com/nba/story/pelicans-mavericks-preview-030215","odds":"/nba/odds#28409","tickets":"http://www.awin1.com/cread.php?awinmid=4292&awinaffid=143258&clickref=nba&p=http://www.ticketsnow.com/InventoryBrowse/TicketList.aspx?PID=1606040"}}]