[{"Id":27605,"GameState":2,"Date":"2014-11-19 19:00","SeasonType":1,"GameType":1,"AwayTeamId":15,"AwayLeader":"M Ellis 34 pts","HomeTeamId":7,"HomeLeader":"B Beal 21 pts","AwayRecord":"9-3","HomeRecord":"7-3","AwayScore":105,"HomeScore":102,"WinningTeamId":15,"Links":{"gametrax":"/nba/gameTrax?gameId=2014111927","boxscore":"/nba/boxscore?gameId=2014111927","recap":"http://www.foxsports.com/nba/story/banged-up-dirk-nowitzki-hits-key-3-to-lift-dallas-mavericks-over-washington-wizards-who-get-bradley-beal-back-111914","preview":"http://www.foxsports.com/nba/story/mavericks-wizards-preview-111814","odds":"/nba/odds#27605","tickets":"http://www.awin1.com/cread.php?awinmid=4292&awinaffid=143258&clickref=nba&p=http://www.ticketsnow.com/InventoryBrowse/TicketList.aspx?PID=1607377"}},{"Id":27646,"GameState":2,"Date":"2014-11-19 19:00","SeasonType":1,"GameType":1,"AwayTeamId":1,"AwayLeader":"B Bass 23 pts","HomeTeamId":6,"HomeLeader":"T Wroten 21 pts","AwayRecord":"4-6","HomeRecord":"0-11","AwayScore":101,"HomeScore":90,"WinningTeamId":1,"Links":{"gametrax":"/nba/gameTrax?gameId=2014111920","boxscore":"/nba/boxscore?gameId=2014111920","recap":"http://www.foxsports.com/nba/story/boston-celtics-drop-philadelphia-76ers-to-0-11-111914","preview":"http://www.foxsports.com/nba/story/celtics-76ers-preview-111814","odds":"/nba/odds#27646","tickets":"http://www.awin1.com/cread.php?awinmid=4292&awinaffid=143258&clickref=nba&p=http://www.ticketsnow.com/InventoryBrowse/TicketList.aspx?PID=1607570"}},{"Id":27893,"GameState":2,"Date":"2014-11-19 19:00","SeasonType":1,"GameType":1,"AwayTeamId":19,"AwayLeader":"T Duncan 19 pts","HomeTeamId":11,"HomeLeader":"A Varejao 23 pts","AwayRecord":"7-4","HomeRecord":"5-5","AwayScore":92,"HomeScore":90,"WinningTeamId":19,"Links":{"gametrax":"/nba/gameTrax?gameId=2014111905","boxscore":"/nba/boxscore?gameId=2014111905","recap":"http://www.foxsports.com/nba/story/spurs-top-lebron-again-92-90-111914","preview":"http://www.foxsports.com/nba/story/lebron-doesnt-view-spurs-as-a-rival-111814","odds":"/nba/odds#27893","tickets":"http://www.awin1.com/cread.php?awinmid=4292&awinaffid=143258&clickref=nba&p=http://www.ticketsnow.com/InventoryBrowse/TicketList.aspx?PID=1607422"}},{"Id":28303,"GameState":2,"Date":"2014-11-19 19:00","SeasonType":1,"GameType":1,"AwayTeamId":32,"AwayLeader":"A Jefferson 28 pts","HomeTeamId":13,"HomeLeader":"R Hibbert 18 pts","AwayRecord":"4-8","HomeRecord":"5-7","AwayScore":86,"HomeScore":88,"WinningTeamId":13,"Links":{"gametrax":"/nba/gameTrax?gameId=2014111911","boxscore":"/nba/boxscore?gameId=2014111911","recap":"http://www.foxsports.com/nba/story/hills-tip-in-at-buzzer-lifts-pacers-to-win-111914","preview":"http://www.foxsports.com/nba/story/hornets-pacers-preview-111814","odds":"/nba/odds#28303","tickets":"http://www.awin1.com/cread.php?awinmid=4292&awinaffid=143258&clickref=nba&p=http://www.ticketsnow.com/InventoryBrowse/TicketList.aspx?PID=1606253"}},{"Id":28670,"GameState":2,"Date":"2014-11-19 19:00","SeasonType":1,"GameType":1,"AwayTeamId":22,"AwayLeader":"J Crawford 22 pts","HomeTeamId":5,"HomeLeader":"T Harris 25 pts","AwayRecord":"6-4","HomeRecord":"5-8","AwayScore":114,"HomeScore":90,"WinningTeamId":22,"Links":{"gametrax":"/nba/gameTrax?gameId=2014111919","boxscore":"/nba/boxscore?gameId=2014111919","recap":"http://www.foxsports.com/nba/story/crawford-leads-clippers-over-magic-114-90-111914","preview":"http://www.foxsports.com/nba/story/clippers-magic-preview-111814","odds":"/nba/odds#28670","tickets":"http://www.awin1.com/cread.php?awinmid=4292&awinaffid=143258&clickref=nba&p=http://www.ticketsnow.com/InventoryBrowse/TicketList.aspx?PID=1607173"}},{"Id":27729,"GameState":2,"Date":"2014-11-19 19:30","SeasonType":1,"GameType":1,"AwayTeamId":24,"AwayLeader":"E Bledsoe 18 pts","HomeTeamId":12,"HomeLeader":"B Jennings 19 pts","AwayRecord":"7-5","HomeRecord":"3-9","AwayScore":88,"HomeScore":86,"WinningTeamId":24,"Links":{"gametrax":"/nba/gameTrax?gameId=2014111908","boxscore":"/nba/boxscore?gameId=2014111908","recap":"http://www.foxsports.com/nba/story/bledsoe-lifts-suns-past-pistons-88-86-111914","preview":"http://www.foxsports.com/nba/story/suns-pistons-preview-111814","odds":"/nba/odds#27729","tickets":"http://www.awin1.com/cread.php?awinmid=4292&awinaffid=143258&clickref=nba&p=http://www.ticketsnow.com/InventoryBrowse/TicketList.aspx?PID=1606153"}},{"Id":28099,"GameState":2,"Date":"2014-11-19 19:30","SeasonType":1,"GameType":1,"AwayTeamId":31,"AwayLeader":"M Gasol 22 pts","HomeTeamId":30,"HomeLeader":"D DeRozan 21 pts","AwayRecord":"10-2","HomeRecord":"9-2","AwayScore":92,"HomeScore":96,"WinningTeamId":30,"Links":{"gametrax":"/nba/gameTrax?gameId=2014111928","boxscore":"/nba/boxscore?gameId=2014111928","recap":"http://www.foxsports.com/nba/story/toronto-raptors-down-short-handed-memphis-grizzlies-as-terrence-ross-heats-up-in-4th-quarter-111914","preview":"http://www.foxsports.com/nba/story/grizzlies-raptors-preview-111814","odds":"/nba/odds#28099"}},{"Id":28713,"GameState":2,"FinalText":"3OT","Date":"2014-11-19 19:30","SeasonType":1,"GameType":1,"AwayTeamId":14,"AwayLeader":"J Parker 23 pts","HomeTeamId":3,"HomeLeader":"B Lopez 26 pts","AwayRecord":"7-5","HomeRecord":"4-7","AwayScore":122,"HomeScore":118,"WinningTeamId":14,"Links":{"gametrax":"/nba/gameTrax?gameId=2014111917","boxscore":"/nba/boxscore?gameId=2014111917","recap":"http://www.foxsports.com/nba/story/milwaukee-bucks-give-jason-kidd-a-win-over-nets-in-his-return-to-brooklyn-111914","preview":"http://www.foxsports.com/nba/story/bucks-nets-preview-111914","odds":"/nba/odds#28713","tickets":"http://www.awin1.com/cread.php?awinmid=4292&awinaffid=143258&clickref=nba&p=http://www.ticketsnow.com/InventoryBrowse/TicketList.aspx?PID=1605442"}},{"Id":27932,"GameState":2,"Date":"2014-11-19 20:00","SeasonType":1,"GameType":1,"AwayTeamId":4,"AwayLeader":"C Anthony 20 pts","HomeTeamId":18,"HomeLeader":"K Martin 37 pts","AwayRecord":"3-10","HomeRecord":"3-7","AwayScore":99,"HomeScore":115,"WinningTeamId":18,"Links":{"gametrax":"/nba/gameTrax?gameId=2014111916","boxscore":"/nba/boxscore?gameId=2014111916","recap":"http://www.foxsports.com/nba/story/martins-37-lift-timberwolves-over-knicks-115-99-111914","preview":"http://www.foxsports.com/nba/story/knicks-timberwolves-preview-111914","odds":"/nba/odds#27932","tickets":"http://www.awin1.com/cread.php?awinmid=4292&awinaffid=143258&clickref=nba&p=http://www.ticketsnow.com/InventoryBrowse/TicketList.aspx?PID=1606741"}},{"Id":28137,"GameState":2,"Date":"2014-11-19 21:00","SeasonType":1,"GameType":1,"AwayTeamId":27,"AwayLeader":"S Ibaka 22 pts","HomeTeamId":16,"HomeLeader":"W Chandler 21 pts","AwayRecord":"3-10","HomeRecord":"4-7","AwayScore":100,"HomeScore":107,"WinningTeamId":16,"Links":{"gametrax":"/nba/gameTrax?gameId=2014111907","boxscore":"/nba/boxscore?gameId=2014111907","recap":"http://www.foxsports.com/nba/story/chandler-nuggets-hold-off-thunder-for-107-100-win-111914","preview":"http://www.foxsports.com/nba/story/thunder-nuggets-preview-111914","odds":"/nba/odds#28137","tickets":"http://www.awin1.com/cread.php?awinmid=4292&awinaffid=143258&clickref=nba&p=http://www.ticketsnow.com/InventoryBrowse/TicketList.aspx?PID=1607472"}},{"Id":28506,"GameState":2,"Date":"2014-11-19 21:30","SeasonType":1,"GameType":1,"AwayTeamId":23,"AwayLeader":"K Bryant 29 pts","HomeTeamId":17,"HomeLeader":"J Harden 24 pts","AwayRecord":"3-9","HomeRecord":"9-3","AwayScore":98,"HomeScore":92,"WinningTeamId":23,"Links":{"gametrax":"/nba/gameTrax?gameId=2014111910","boxscore":"/nba/boxscore?gameId=2014111910","recap":"http://www.foxsports.com/nba/story/bryant-leads-lakers-to-98-92-win-over-rockets-112014","preview":"http://www.foxsports.com/nba/story/lakers-rockets-preview-111914","odds":"/nba/odds#28506","tickets":"http://www.awin1.com/cread.php?awinmid=4292&awinaffid=143258&clickref=nba&p=http://www.ticketsnow.com/InventoryBrowse/TicketList.aspx?PID=1607523"}}]