[{"Id":27634,"GameState":2,"Date":"2015-03-14 19:00","SeasonType":1,"GameType":1,"AwayTeamId":26,"AwayLeader":"D Cousins 30 pts","HomeTeamId":7,"HomeLeader":"J Wall 31 pts","AwayRecord":"22-43","HomeRecord":"38-28","AwayScore":97,"HomeScore":113,"WinningTeamId":7,"Links":{"gametrax":"/nba/gameTrax?gameId=2015031427","boxscore":"/nba/boxscore?gameId=2015031427","recap":"http://www.foxsports.com/nba/story/washington-wizards-rally-past-sacramento-kings-031415","preview":"http://www.foxsports.com/nba/story/kings-wizards-preview-031415","odds":"/nba/odds#27634","tickets":"http://www.awin1.com/cread.php?awinmid=4292&awinaffid=143258&clickref=nba&p=http://www.ticketsnow.com/InventoryBrowse/TicketList.aspx?PID=1607406"}},{"Id":28329,"GameState":2,"Date":"2015-03-14 19:00","SeasonType":1,"GameType":1,"AwayTeamId":1,"AwayLeader":"T Zeller 18 pts","HomeTeamId":13,"HomeLeader":"G Hill 30 pts","AwayRecord":"29-36","HomeRecord":"30-35","AwayScore":93,"HomeScore":89,"WinningTeamId":1,"Links":{"gametrax":"/nba/gameTrax?gameId=2015031411","boxscore":"/nba/boxscore?gameId=2015031411","recap":"http://www.foxsports.com/nba/story/boston-celtics-hold-off-indiana-pacers-031415","preview":"http://www.foxsports.com/nba/story/celtics-pacers-preview-031415","odds":"/nba/odds#28329","tickets":"http://www.awin1.com/cread.php?awinmid=4292&awinaffid=143258&clickref=nba&p=http://www.ticketsnow.com/InventoryBrowse/TicketList.aspx?PID=1606280"}},{"Id":27675,"GameState":2,"Date":"2015-03-14 19:30","SeasonType":1,"GameType":1,"AwayTeamId":3,"AwayLeader":"T Young 21 pts","HomeTeamId":6,"HomeLeader":"N Noel 17 pts","AwayRecord":"26-38","HomeRecord":"15-51","AwayScore":94,"HomeScore":87,"WinningTeamId":3,"Links":{"gametrax":"/nba/gameTrax?gameId=2015031420","boxscore":"/nba/boxscore?gameId=2015031420","recap":"http://www.foxsports.com/nba/story/brooklyn-nets-down-philaldelphia-76ers-031415","preview":"http://www.foxsports.com/nba/story/nets-76ers-preview-031315","odds":"/nba/odds#27675","tickets":"http://www.awin1.com/cread.php?awinmid=4292&awinaffid=143258&clickref=nba&p=http://www.ticketsnow.com/InventoryBrowse/TicketList.aspx?PID=1607599"}},{"Id":28574,"GameState":2,"Date":"2015-03-14 20:00","SeasonType":1,"GameType":1,"AwayTeamId":14,"AwayLeader":"G Antetokounmpo 19 pts","HomeTeamId":31,"HomeLeader":"C Lee 17 pts","AwayRecord":"34-32","HomeRecord":"46-20","AwayScore":83,"HomeScore":96,"WinningTeamId":31,"Links":{"gametrax":"/nba/gameTrax?gameId=2015031429","boxscore":"/nba/boxscore?gameId=2015031429","recap":"http://www.foxsports.com/nba/story/lee-leads-5-in-double-figures-grizzlies-beat-bucks-96-83-031415","preview":"http://www.foxsports.com/nba/story/bucks-grizzlies-preview-031315","odds":"/nba/odds#28574","tickets":"http://www.awin1.com/cread.php?awinmid=4292&awinaffid=143258&clickref=nba&p=http://www.ticketsnow.com/InventoryBrowse/TicketList.aspx?PID=1606449"}},{"Id":27591,"GameState":2,"Date":"2015-03-14 21:00","SeasonType":1,"GameType":1,"AwayTeamId":12,"AwayLeader":"G Monroe 16 pts","HomeTeamId":20,"HomeLeader":"D Favors 26 pts","AwayRecord":"23-43","HomeRecord":"29-36","AwayScore":85,"HomeScore":88,"WinningTeamId":20,"Links":{"gametrax":"/nba/gameTrax?gameId=2015031426","boxscore":"/nba/boxscore?gameId=2015031426","recap":"http://www.foxsports.com/nba/story/jazz-win-fifth-straight-with-88-85-victory-over-pistons-031415","preview":"http://www.foxsports.com/nba/story/pistons-jazz-preview-031415","odds":"/nba/odds#27591","tickets":"http://www.awin1.com/cread.php?awinmid=4292&awinaffid=143258&clickref=nba&p=http://www.ticketsnow.com/InventoryBrowse/TicketList.aspx?PID=1607642"}},{"Id":27713,"GameState":2,"Date":"2015-03-14 22:30","SeasonType":1,"GameType":1,"AwayTeamId":4,"AwayLeader":"A Bargnani 18 pts","HomeTeamId":21,"HomeLeader":"K Thompson 27 pts","AwayRecord":"13-52","HomeRecord":"52-13","AwayScore":94,"HomeScore":125,"WinningTeamId":21,"Links":{"gametrax":"/nba/gameTrax?gameId=2015031409","boxscore":"/nba/boxscore?gameId=2015031409","recap":"http://www.foxsports.com/nba/story/curry-dazzles-on-27th-birthday-to-lead-warriors-past-knicks-031515","preview":"http://www.foxsports.com/nba/story/knicks-warriors-preview-031415","odds":"/nba/odds#27713","tickets":"http://www.awin1.com/cread.php?awinmid=4292&awinaffid=143258&clickref=nba&p=http://www.ticketsnow.com/InventoryBrowse/TicketList.aspx?PID=1606229"}}]