[{"Id":27674,"GameState":2,"Date":"2015-03-13 19:00","SeasonType":1,"GameType":1,"AwayTeamId":26,"AwayLeader":"D Cousins 39 pts","HomeTeamId":6,"HomeLeader":"R Covington 24 pts","AwayRecord":"22-42","HomeRecord":"15-50","AwayScore":107,"HomeScore":114,"WinningTeamId":6,"Links":{"gametrax":"/nba/gameTrax?gameId=2015031320","boxscore":"/nba/boxscore?gameId=2015031320","recap":"http://www.foxsports.com/nba/story/philadelphia-76ers-down-sacramento-kings-despite-demarcus-cousins-39-points-031315","preview":"http://www.foxsports.com/nba/story/kings-76ers-preview-031215","odds":"/nba/odds#27674","tickets":"http://www.awin1.com/cread.php?awinmid=4292&awinaffid=143258&clickref=nba&p=http://www.ticketsnow.com/InventoryBrowse/TicketList.aspx?PID=1607598"}},{"Id":28658,"GameState":2,"Date":"2015-03-13 19:00","SeasonType":1,"GameType":1,"AwayTeamId":10,"AwayLeader":"A Brooks 24 pts","HomeTeamId":32,"HomeLeader":"G Henderson 20 pts","AwayRecord":"40-27","HomeRecord":"29-35","AwayScore":91,"HomeScore":101,"WinningTeamId":32,"Links":{"gametrax":"/nba/gameTrax?gameId=2015031330","boxscore":"/nba/boxscore?gameId=2015031330","recap":"http://www.foxsports.com/nba/story/charlotte-hornets-rally-past-chicago-bulls-031315","preview":"http://www.foxsports.com/nba/story/bulls-hornets-preview-031215","odds":"/nba/odds#28658","tickets":"http://www.awin1.com/cread.php?awinmid=4292&awinaffid=143258&clickref=nba&p=http://www.ticketsnow.com/InventoryBrowse/TicketList.aspx?PID=1605957"}},{"Id":27551,"GameState":2,"Date":"2015-03-13 19:30","SeasonType":1,"GameType":1,"AwayTeamId":5,"AwayLeader":"E Payton 20 pts","HomeTeamId":1,"HomeLeader":"E Turner 30 pts","AwayRecord":"21-46","HomeRecord":"28-36","AwayScore":88,"HomeScore":95,"WinningTeamId":1,"Links":{"gametrax":"/nba/gameTrax?gameId=2015031302","boxscore":"/nba/boxscore?gameId=2015031302","recap":"http://www.foxsports.com/nba/story/boston-celtics-rally-past-orlando-magic-031315","preview":"http://www.foxsports.com/nba/story/magic-celtics-preview-031215","odds":"/nba/odds#27551","tickets":"http://www.awin1.com/cread.php?awinmid=4292&awinaffid=143258&clickref=nba&p=http://www.ticketsnow.com/InventoryBrowse/TicketList.aspx?PID=1605893"}},{"Id":28124,"GameState":2,"Date":"2015-03-13 19:30","SeasonType":1,"GameType":1,"AwayTeamId":2,"AwayLeader":"D Wade 25 pts","HomeTeamId":30,"HomeLeader":"K Lowry 19 pts","AwayRecord":"29-36","HomeRecord":"39-26","AwayScore":92,"HomeScore":102,"WinningTeamId":30,"Links":{"gametrax":"/nba/gameTrax?gameId=2015031328","boxscore":"/nba/boxscore?gameId=2015031328","recap":"http://www.foxsports.com/nba/story/toronto-raptors-top-miami-heat-031315","preview":"http://www.foxsports.com/nba/story/heat-raptors-preview-031215","odds":"/nba/odds#28124"}},{"Id":28614,"GameState":2,"Date":"2015-03-13 20:00","SeasonType":1,"GameType":1,"AwayTeamId":18,"AwayLeader":"G Dieng 21 pts","HomeTeamId":27,"HomeLeader":"R Westbrook 29 pts","AwayRecord":"14-50","HomeRecord":"36-29","AwayScore":99,"HomeScore":113,"WinningTeamId":27,"Links":{"gametrax":"/nba/gameTrax?gameId=2015031325","boxscore":"/nba/boxscore?gameId=2015031325","recap":"http://www.foxsports.com/nba/story/oklahoma-city-thunder-down-minnesota-timberwolves-russell-westbrook-records-another-triple-double-031315","preview":"http://www.foxsports.com/nba/story/timberwolves-thunder-preview-031215","odds":"/nba/odds#28614","tickets":"http://www.awin1.com/cread.php?awinmid=4292&awinaffid=143258&clickref=nba&p=http://www.ticketsnow.com/InventoryBrowse/TicketList.aspx?PID=1607150"}},{"Id":28411,"GameState":2,"Date":"2015-03-13 20:30","SeasonType":1,"GameType":1,"AwayTeamId":22,"AwayLeader":"J Redick 17 pts","HomeTeamId":15,"HomeLeader":"C Parsons 22 pts","AwayRecord":"42-24","HomeRecord":"42-25","AwayScore":99,"HomeScore":129,"WinningTeamId":15,"Links":{"gametrax":"/nba/gameTrax?gameId=2015031306","boxscore":"/nba/boxscore?gameId=2015031306","recap":"http://www.foxsports.com/nba/story/dallas-mavericks-rout-los-angeles-clippers-031315","preview":"http://www.foxsports.com/nba/story/clippers-mavericks-preview-031215","odds":"/nba/odds#28411","tickets":"http://www.awin1.com/cread.php?awinmid=4292&awinaffid=143258&clickref=nba&p=http://www.ticketsnow.com/InventoryBrowse/TicketList.aspx?PID=1606042"}},{"Id":28167,"GameState":2,"Date":"2015-03-13 21:00","SeasonType":1,"GameType":1,"AwayTeamId":21,"AwayLeader":"J Holiday 23 pts","HomeTeamId":16,"HomeLeader":"K Faried 24 pts","AwayRecord":"51-13","HomeRecord":"25-41","AwayScore":103,"HomeScore":114,"WinningTeamId":16,"Links":{"gametrax":"/nba/gameTrax?gameId=2015031307","boxscore":"/nba/boxscore?gameId=2015031307","recap":"http://www.foxsports.com/nba/story/nuggets-rally-for-114-103-win-over-short-handed-warriors-031315","preview":"http://www.foxsports.com/nba/story/warriors-nuggets-preview-031215","odds":"/nba/odds#28167","tickets":"http://www.awin1.com/cread.php?awinmid=4292&awinaffid=143258&clickref=nba&p=http://www.ticketsnow.com/InventoryBrowse/TicketList.aspx?PID=1607502"}},{"Id":27839,"GameState":2,"Date":"2015-03-13 22:00","SeasonType":1,"GameType":1,"AwayTeamId":8,"AwayLeader":"P Millsap 23 pts","HomeTeamId":24,"HomeLeader":"M Morris 22 pts","AwayRecord":"51-14","HomeRecord":"34-33","AwayScore":96,"HomeScore":87,"WinningTeamId":8,"Links":{"gametrax":"/nba/gameTrax?gameId=2015031321","boxscore":"/nba/boxscore?gameId=2015031321","recap":"http://www.foxsports.com/nba/story/atlanta-hawks-down-phoenix-suns-031415","preview":"http://www.foxsports.com/nba/story/hawks-suns-preview-031215","odds":"/nba/odds#27839","tickets":"http://www.awin1.com/cread.php?awinmid=4292&awinaffid=143258&clickref=nba&p=http://www.ticketsnow.com/InventoryBrowse/TicketList.aspx?PID=1607269"}},{"Id":28044,"GameState":2,"Date":"2015-03-13 22:00","SeasonType":1,"GameType":1,"AwayTeamId":12,"AwayLeader":"G Monroe 19 pts","HomeTeamId":25,"HomeLeader":"D Lillard 28 pts","AwayRecord":"23-42","HomeRecord":"43-20","AwayScore":99,"HomeScore":118,"WinningTeamId":25,"Links":{"gametrax":"/nba/gameTrax?gameId=2015031322","boxscore":"/nba/boxscore?gameId=2015031322","recap":"http://www.foxsports.com/nba/story/blazers-hand-pistons-their-9th-straight-loss-with-118-99-win-031415","preview":"http://www.foxsports.com/nba/story/pistons-trail-blazers-preview-031215","odds":"/nba/odds#28044","tickets":"http://www.awin1.com/cread.php?awinmid=4292&awinaffid=143258&clickref=nba&p=http://www.ticketsnow.com/InventoryBrowse/TicketList.aspx?PID=1607683"}}]