[{"Id":28344,"GameState":2,"Date":"2014-11-20 20:00","SeasonType":1,"GameType":1,"AwayTeamId":22,"AwayLeader":"B Griffin 26 pts","HomeTeamId":2,"HomeLeader":"C Bosh 28 pts","AwayRecord":"7-4","HomeRecord":"6-6","AwayScore":110,"HomeScore":93,"WinningTeamId":22,"Links":{"gametrax":"/nba/gameTrax?gameId=2014112014","boxscore":"/nba/boxscore?gameId=2014112014","recap":"http://www.foxsports.com/nba/story/los-angeles-clippers-hand-miami-heat-their-third-straight-home-loss-112014","preview":"http://www.foxsports.com/nba/story/clippers-heat-preview-112014","odds":"/nba/odds#28344","tickets":"http://www.awin1.com/cread.php?awinmid=4292&awinaffid=143258&clickref=nba&p=http://www.ticketsnow.com/InventoryBrowse/TicketList.aspx?PID=1606470"}},{"Id":27853,"GameState":2,"Date":"2014-11-20 22:30","SeasonType":1,"GameType":1,"AwayTeamId":10,"AwayLeader":"J Butler 23 pts","HomeTeamId":26,"HomeLeader":"D Cousins 22 pts","AwayRecord":"8-4","HomeRecord":"7-5","AwayScore":88,"HomeScore":103,"WinningTeamId":26,"Links":{"gametrax":"/nba/gameTrax?gameId=2014112023","boxscore":"/nba/boxscore?gameId=2014112023","recap":"http://www.foxsports.com/nba/story/demarcus-cousins-rudy-gay-lead-kings-past-bulls-112114","preview":"http://www.foxsports.com/nba/story/bulls-kings-preview-112014","odds":"/nba/odds#27853","tickets":"http://www.awin1.com/cread.php?awinmid=4292&awinaffid=143258&clickref=nba&p=http://www.ticketsnow.com/InventoryBrowse/TicketList.aspx?PID=1607291"}}]