[{"Id":27638,"GameState":2,"Date":"2015-03-29 12:30","SeasonType":1,"GameType":1,"AwayTeamId":17,"AwayLeader":"J Harden 24 pts","HomeTeamId":7,"HomeLeader":"J Wall 25 pts","AwayRecord":"50-23","HomeRecord":"41-33","AwayScore":99,"HomeScore":91,"WinningTeamId":17,"Links":{"gametrax":"/nba/gameTrax?gameId=2015032927","boxscore":"/nba/boxscore?gameId=2015032927","recap":"http://www.foxsports.com/nba/story/james-hardens-24-points-help-rockets-beat-wizards-99-91-032915","preview":"http://www.foxsports.com/nba/story/rockets-wizards-preview-032815","odds":"/nba/odds#27638","tickets":"http://www.awin1.com/cread.php?awinmid=4292&awinaffid=143258&clickref=nba&p=http://www.ticketsnow.com/InventoryBrowse/TicketList.aspx?PID=1607410"}},{"Id":28742,"GameState":2,"Date":"2015-03-29 15:30","SeasonType":1,"GameType":1,"AwayTeamId":23,"AwayLeader":"J Hill 22 pts","HomeTeamId":3,"HomeLeader":"B Lopez 30 pts","AwayRecord":"19-53","HomeRecord":"32-40","AwayScore":99,"HomeScore":107,"WinningTeamId":3,"Links":{"gametrax":"/nba/gameTrax?gameId=2015032917","boxscore":"/nba/boxscore?gameId=2015032917","recap":"http://www.foxsports.com/nba/story/nets-keep-up-playoff-push-beat-lakers-for-3rd-straight-win-032915","preview":"http://www.foxsports.com/nba/story/lakers-nets-preview-032815","odds":"/nba/odds#28742","tickets":"http://www.awin1.com/cread.php?awinmid=4292&awinaffid=143258&clickref=nba&p=http://www.ticketsnow.com/InventoryBrowse/TicketList.aspx?PID=1605472"}},{"Id":28457,"GameState":2,"Date":"2015-03-29 16:00","SeasonType":1,"GameType":1,"AwayTeamId":18,"AwayLeader":"A Wiggins 20 pts","HomeTeamId":9,"HomeLeader":"A Davis 28 pts","AwayRecord":"16-57","HomeRecord":"39-34","AwayScore":88,"HomeScore":110,"WinningTeamId":9,"Links":{"gametrax":"/nba/gameTrax?gameId=2015032903","boxscore":"/nba/boxscore?gameId=2015032903","recap":"http://www.foxsports.com/nba/story/anthony-davis-scores-28-carries-new-orleans-pelicans-over-minnesota-timberwolves-032915","preview":"http://www.foxsports.com/nba/story/timberwolves-pelicans-preview-032815","odds":"/nba/odds#28457","tickets":"http://www.awin1.com/cread.php?awinmid=4292&awinaffid=143258&clickref=nba&p=http://www.ticketsnow.com/InventoryBrowse/TicketList.aspx?PID=1606888"}},{"Id":27924,"GameState":2,"Date":"2015-03-29 16:30","SeasonType":1,"GameType":1,"AwayTeamId":6,"AwayLeader":"R Covington 19 pts","HomeTeamId":11,"HomeLeader":"L James 20 pts","AwayRecord":"18-56","HomeRecord":"48-27","AwayScore":86,"HomeScore":87,"WinningTeamId":11,"Links":{"gametrax":"/nba/gameTrax?gameId=2015032905","boxscore":"/nba/boxscore?gameId=2015032905","recap":"http://www.foxsports.com/nba/story/cleveland-cavaliers-edge-philadelphia-76ers-despite-injuries-to-kevin-love-iman-shumpert-032915","preview":"http://www.foxsports.com/nba/story/76ers-cavaliers-preview-032815","odds":"/nba/odds#27924","tickets":"http://www.awin1.com/cread.php?awinmid=4292&awinaffid=143258&clickref=nba&p=http://www.ticketsnow.com/InventoryBrowse/TicketList.aspx?PID=1607456"}},{"Id":27555,"GameState":2,"Date":"2015-03-29 18:00","SeasonType":1,"GameType":1,"AwayTeamId":22,"AwayLeader":"J Redick 27 pts","HomeTeamId":1,"HomeLeader":"I Thomas 19 pts","AwayRecord":"49-25","HomeRecord":"32-41","AwayScore":119,"HomeScore":106,"WinningTeamId":22,"Links":{"gametrax":"/nba/gameTrax?gameId=2015032902","boxscore":"/nba/boxscore?gameId=2015032902","recap":"http://www.foxsports.com/nba/story/los-angeles-clippers-beat-boston-celtics-for-seventh-straight-win-032915","preview":"http://www.foxsports.com/nba/story/clippers-celtics-preview-032815","odds":"/nba/odds#27555","tickets":"http://www.awin1.com/cread.php?awinmid=4292&awinaffid=143258&clickref=nba&p=http://www.ticketsnow.com/InventoryBrowse/TicketList.aspx?PID=1605896"}},{"Id":28373,"GameState":2,"Date":"2015-03-29 18:00","SeasonType":1,"GameType":1,"AwayTeamId":12,"AwayLeader":"A Drummond 32 pts","HomeTeamId":2,"HomeLeader":"D Wade 40 pts","AwayRecord":"28-45","HomeRecord":"34-39","AwayScore":102,"HomeScore":109,"WinningTeamId":2,"Links":{"gametrax":"/nba/gameTrax?gameId=2015032914","boxscore":"/nba/boxscore?gameId=2015032914","recap":"http://www.foxsports.com/nba/story/dwyane-wade-scores-40-points-to-lead-miami-heat-over-detroit-pistons-032915","preview":"http://www.foxsports.com/nba/story/pistons-heat-preview-032815","odds":"/nba/odds#28373","tickets":"http://www.awin1.com/cread.php?awinmid=4292&awinaffid=143258&clickref=nba&p=http://www.ticketsnow.com/InventoryBrowse/TicketList.aspx?PID=1606502"}},{"Id":28333,"GameState":2,"Date":"2015-03-29 19:00","SeasonType":1,"GameType":1,"AwayTeamId":15,"AwayLeader":"C Parsons 27 pts","HomeTeamId":13,"HomeLeader":"C Miles 28 pts","AwayRecord":"45-29","HomeRecord":"32-41","AwayScore":99,"HomeScore":104,"WinningTeamId":13,"Links":{"gametrax":"/nba/gameTrax?gameId=2015032911","boxscore":"/nba/boxscore?gameId=2015032911","recap":"http://www.foxsports.com/nba/story/pacers-get-back-in-playoff-chase-with-104-99-win-over-dallas-032915","preview":"http://www.foxsports.com/nba/story/mavericks-pacers-preview-032815","odds":"/nba/odds#28333","tickets":"http://www.awin1.com/cread.php?awinmid=4292&awinaffid=143258&clickref=nba&p=http://www.ticketsnow.com/InventoryBrowse/TicketList.aspx?PID=1606284"}},{"Id":28497,"GameState":2,"Date":"2015-03-29 19:00","SeasonType":1,"GameType":1,"AwayTeamId":31,"AwayLeader":"Z Randolph 20 pts","HomeTeamId":19,"HomeLeader":"K Leonard 25 pts","AwayRecord":"50-24","HomeRecord":"47-26","AwayScore":89,"HomeScore":103,"WinningTeamId":19,"Links":{"gametrax":"/nba/gameTrax?gameId=2015032924","boxscore":"/nba/boxscore?gameId=2015032924","recap":"http://www.foxsports.com/nba/story/san-antonio-spurs-defeat-memphis-grizzlies-behind-kawhi-leonard-double-double-032915","preview":"http://www.foxsports.com/nba/story/grizzlies-spurs-preview-032815","odds":"/nba/odds#28497","tickets":"http://www.awin1.com/cread.php?awinmid=4292&awinaffid=143258&clickref=nba&p=http://www.ticketsnow.com/InventoryBrowse/TicketList.aspx?PID=1607366"}},{"Id":27845,"GameState":2,"Date":"2015-03-29 21:00","SeasonType":1,"GameType":1,"AwayTeamId":27,"AwayLeader":"R Westbrook 33 pts","HomeTeamId":24,"HomeLeader":"M Morris 24 pts","AwayRecord":"42-32","HomeRecord":"38-36","AwayScore":109,"HomeScore":97,"WinningTeamId":27,"Links":{"gametrax":"/nba/gameTrax?gameId=2015032921","boxscore":"/nba/boxscore?gameId=2015032921","recap":"http://www.foxsports.com/nba/story/russell-westbrook-scores-33-carries-oklahoma-city-thunder-to-win-over-phoenix-suns-that-maintains-their-playoff-position-032915","preview":"http://www.foxsports.com/nba/story/thunder-suns-preview-032915","odds":"/nba/odds#27845","tickets":"http://www.awin1.com/cread.php?awinmid=4292&awinaffid=143258&clickref=nba&p=http://www.ticketsnow.com/InventoryBrowse/TicketList.aspx?PID=1607275"}}]