[{"Id":27775,"GameState":2,"Date":"2014-12-04 20:00","SeasonType":1,"GameType":1,"AwayTeamId":11,"AwayLeader":"K Irving 37 pts","HomeTeamId":4,"HomeLeader":"T Hardaway Jr. 20 pts","AwayRecord":"10-7","HomeRecord":"4-16","AwayScore":90,"HomeScore":87,"WinningTeamId":11,"Links":{"gametrax":"/nba/gameTrax?gameId=2014120418","boxscore":"/nba/boxscore?gameId=2014120418","recap":"http://www.foxsports.com/nba/story/kyrie-irving-scores-37-as-cleveland-cavaliers-beat-new-york-knicks-for-fifth-straight-victory-120414","preview":"http://www.foxsports.com/nba/story/cavaliers-knicks-preview-120314","odds":"/nba/odds#27775","tickets":"http://www.awin1.com/cread.php?awinmid=4292&awinaffid=143258&clickref=nba&p=http://www.ticketsnow.com/InventoryBrowse/TicketList.aspx?PID=1607023"}},{"Id":28022,"GameState":2,"Date":"2014-12-04 22:00","SeasonType":1,"GameType":1,"AwayTeamId":13,"AwayLeader":"R Stuckey 16 pts","HomeTeamId":25,"HomeLeader":"D Lillard 23 pts","AwayRecord":"7-12","HomeRecord":"15-4","AwayScore":82,"HomeScore":88,"WinningTeamId":25,"Links":{"gametrax":"/nba/gameTrax?gameId=2014120422","boxscore":"/nba/boxscore?gameId=2014120422","recap":"http://www.foxsports.com/nba/story/lamarcus-aldridge-damian-lillard-lead-trail-blazers-past-pacers-120514","preview":"http://www.foxsports.com/nba/story/pacers-trail-blazers-preview-120314","odds":"/nba/odds#28022","tickets":"http://www.awin1.com/cread.php?awinmid=4292&awinaffid=143258&clickref=nba&p=http://www.ticketsnow.com/InventoryBrowse/TicketList.aspx?PID=1607661"}},{"Id":27690,"GameState":2,"Date":"2014-12-04 22:30","SeasonType":1,"GameType":1,"AwayTeamId":9,"AwayLeader":"A Davis 30 pts","HomeTeamId":21,"HomeLeader":"K Thompson 23 pts","AwayRecord":"8-9","HomeRecord":"16-2","AwayScore":85,"HomeScore":112,"WinningTeamId":21,"Links":{"gametrax":"/nba/gameTrax?gameId=2014120409","boxscore":"/nba/boxscore?gameId=2014120409","recap":"http://www.foxsports.com/nba/story/stephen-curry-leads-warriors-past-pelicans-for-11th-straight-victory-120514","preview":"http://www.foxsports.com/nba/story/pelicans-warriors-preview-120414","odds":"/nba/odds#27690","tickets":"http://www.awin1.com/cread.php?awinmid=4292&awinaffid=143258&clickref=nba&p=http://www.ticketsnow.com/InventoryBrowse/TicketList.aspx?PID=1606206"}}]