[{"Id":28490,"GameState":2,"Date":"2015-03-08 13:00","SeasonType":1,"GameType":1,"AwayTeamId":10,"AwayLeader":"P Gasol 23 pts","HomeTeamId":19,"HomeLeader":"T Parker 32 pts","AwayRecord":"39-25","HomeRecord":"39-23","AwayScore":105,"HomeScore":116,"WinningTeamId":19,"Links":{"gametrax":"/nba/gameTrax?gameId=2015030824","boxscore":"/nba/boxscore?gameId=2015030824","recap":"http://www.foxsports.com/nba/story/parker-leads-spurs-over-bulls-116-105-030815","preview":"http://www.foxsports.com/nba/story/bulls-spurs-preview-030715","odds":"/nba/odds#28490","tickets":"http://www.awin1.com/cread.php?awinmid=4292&awinaffid=143258&clickref=nba&p=http://www.ticketsnow.com/InventoryBrowse/TicketList.aspx?PID=1607359"}},{"Id":27711,"GameState":2,"Date":"2015-03-08 15:30","SeasonType":1,"GameType":1,"AwayTeamId":22,"AwayLeader":"A Rivers 22 pts","HomeTeamId":21,"HomeLeader":"D Green 23 pts","AwayRecord":"40-23","HomeRecord":"49-12","AwayScore":98,"HomeScore":106,"WinningTeamId":21,"Links":{"gametrax":"/nba/gameTrax?gameId=2015030809","boxscore":"/nba/boxscore?gameId=2015030809","recap":"http://www.foxsports.com/nba/story/warriors-supporting-cast-steps-up-in-win-over-clippers-030815","preview":"http://www.foxsports.com/nba/story/clippers-warriors-preview-030815","odds":"/nba/odds#27711","tickets":"http://www.awin1.com/cread.php?awinmid=4292&awinaffid=143258&clickref=nba&p=http://www.ticketsnow.com/InventoryBrowse/TicketList.aspx?PID=1606227"}},{"Id":27756,"GameState":2,"Date":"2015-03-08 18:00","SeasonType":1,"GameType":1,"AwayTeamId":32,"AwayLeader":"A Jefferson 24 pts","HomeTeamId":12,"HomeLeader":"R Jackson 25 pts","AwayRecord":"28-33","HomeRecord":"23-39","AwayScore":108,"HomeScore":101,"WinningTeamId":32,"Links":{"gametrax":"/nba/gameTrax?gameId=2015030808","boxscore":"/nba/boxscore?gameId=2015030808","recap":"http://www.foxsports.com/nba/story/jefferson-hornets-beat-pistons-108-101-for-5th-straight-win-030815","preview":"http://www.foxsports.com/nba/story/hornets-pistons-preview-030815","odds":"/nba/odds#27756","tickets":"http://www.awin1.com/cread.php?awinmid=4292&awinaffid=143258&clickref=nba&p=http://www.ticketsnow.com/InventoryBrowse/TicketList.aspx?PID=1606182"}},{"Id":28697,"GameState":2,"Date":"2015-03-08 18:00","SeasonType":1,"GameType":1,"AwayTeamId":1,"AwayLeader":"I Thomas 21 pts","HomeTeamId":5,"HomeLeader":"V Oladipo 22 pts","AwayRecord":"25-36","HomeRecord":"21-43","AwayScore":98,"HomeScore":103,"WinningTeamId":5,"Links":{"gametrax":"/nba/gameTrax?gameId=2015030819","boxscore":"/nba/boxscore?gameId=2015030819","recap":"http://www.foxsports.com/nba/story/orlando-magic-erase-20-point-deficit-to-defeat-boston-celtics-030815","preview":"http://www.foxsports.com/nba/story/celtics-magic-preview-030715","odds":"/nba/odds#28697","tickets":"http://www.awin1.com/cread.php?awinmid=4292&awinaffid=143258&clickref=nba&p=http://www.ticketsnow.com/InventoryBrowse/TicketList.aspx?PID=1607200"}},{"Id":28737,"GameState":2,"Date":"2015-03-08 18:00","SeasonType":1,"GameType":1,"AwayTeamId":20,"AwayLeader":"G Hayward 24 pts","HomeTeamId":3,"HomeLeader":"B Lopez 19 pts","AwayRecord":"26-36","HomeRecord":"25-36","AwayScore":95,"HomeScore":88,"WinningTeamId":20,"Links":{"gametrax":"/nba/gameTrax?gameId=2015030817","boxscore":"/nba/boxscore?gameId=2015030817","recap":"http://www.foxsports.com/nba/story/utah-jazz-beat-brooklyn-nets-to-complete-road-trip-with-3-1-record-030815","preview":"http://www.foxsports.com/nba/story/jazz-nets-preview-030715","odds":"/nba/odds#28737","tickets":"http://www.awin1.com/cread.php?awinmid=4292&awinaffid=143258&clickref=nba&p=http://www.ticketsnow.com/InventoryBrowse/TicketList.aspx?PID=1605465"}},{"Id":28612,"GameState":2,"Date":"2015-03-08 19:00","SeasonType":1,"GameType":1,"AwayTeamId":30,"AwayLeader":"D DeRozan 24 pts","HomeTeamId":27,"HomeLeader":"R Westbrook 30 pts","AwayRecord":"38-25","HomeRecord":"35-28","AwayScore":104,"HomeScore":108,"WinningTeamId":27,"Links":{"gametrax":"/nba/gameTrax?gameId=2015030825","boxscore":"/nba/boxscore?gameId=2015030825","recap":"http://www.foxsports.com/nba/story/westbrooks-triple-double-leads-thunder-past-raptors-030815","preview":"http://www.foxsports.com/nba/story/raptors-thunder-preview-030715","odds":"/nba/odds#28612","tickets":"http://www.awin1.com/cread.php?awinmid=4292&awinaffid=143258&clickref=nba&p=http://www.ticketsnow.com/InventoryBrowse/TicketList.aspx?PID=1607148"}},{"Id":28244,"GameState":2,"Date":"2015-03-08 21:30","SeasonType":1,"GameType":1,"AwayTeamId":15,"AwayLeader":"M Ellis 31 pts","HomeTeamId":23,"HomeLeader":"C Boozer 17 pts","AwayRecord":"41-24","HomeRecord":"16-46","AwayScore":100,"HomeScore":93,"WinningTeamId":15,"Links":{"gametrax":"/nba/gameTrax?gameId=2015030813","boxscore":"/nba/boxscore?gameId=2015030813","recap":"http://www.foxsports.com/nba/story/dallas-mavericks-beat-los-angeles-lakers-chandler-parsons-returns-030915","preview":"http://www.foxsports.com/nba/story/mavericks-lakers-preview-030715","odds":"/nba/odds#28244","tickets":"http://www.awin1.com/cread.php?awinmid=4292&awinaffid=143258&clickref=nba&p=http://www.ticketsnow.com/InventoryBrowse/TicketList.aspx?PID=1606401"}}]