[{"Id":27898,"GameState":2,"Date":"2014-12-02 19:00","SeasonType":1,"GameType":1,"AwayTeamId":14,"AwayLeader":"B Knight 27 pts","HomeTeamId":11,"HomeLeader":"K Irving 28 pts","AwayRecord":"10-9","HomeRecord":"9-7","AwayScore":108,"HomeScore":111,"WinningTeamId":11,"Links":{"gametrax":"/nba/gameTrax?gameId=2014120205","boxscore":"/nba/boxscore?gameId=2014120205","recap":"http://www.foxsports.com/nba/story/lebron-james-kevin-love-kyrie-irving-each-scores-at-least-26-points-in-cleveland-cavaliers-win-over-milwaukee-bucks-120214","preview":"http://www.foxsports.com/nba/story/bucks-cavaliers-preview-120114","odds":"/nba/odds#27898","tickets":"http://www.awin1.com/cread.php?awinmid=4292&awinaffid=143258&clickref=nba&p=http://www.ticketsnow.com/InventoryBrowse/TicketList.aspx?PID=1607427"}},{"Id":27733,"GameState":2,"Date":"2014-12-02 19:30","SeasonType":1,"GameType":1,"AwayTeamId":23,"AwayLeader":"J Hill 22 pts","HomeTeamId":12,"HomeLeader":"J Smith 18 pts","AwayRecord":"5-13","HomeRecord":"3-15","AwayScore":106,"HomeScore":96,"WinningTeamId":23,"Links":{"gametrax":"/nba/gameTrax?gameId=2014120208","boxscore":"/nba/boxscore?gameId=2014120208","recap":"http://www.foxsports.com/nba/story/kobe-bryant-s-run-of-12-straight-points-helps-los-angeles-lakers-over-detroit-pistons-120214","preview":"http://www.foxsports.com/nba/story/lakers-pistons-preview-120114","odds":"/nba/odds#27733","tickets":"http://www.awin1.com/cread.php?awinmid=4292&awinaffid=143258&clickref=nba&p=http://www.ticketsnow.com/InventoryBrowse/TicketList.aspx?PID=1606157"}},{"Id":27774,"GameState":2,"Date":"2014-12-02 19:30","SeasonType":1,"GameType":1,"AwayTeamId":3,"AwayLeader":"B Lopez 23 pts","HomeTeamId":4,"HomeLeader":"C Anthony 20 pts","AwayRecord":"7-9","HomeRecord":"4-15","AwayScore":98,"HomeScore":93,"WinningTeamId":3,"Links":{"gametrax":"/nba/gameTrax?gameId=2014120218","boxscore":"/nba/boxscore?gameId=2014120218","recap":"http://www.foxsports.com/nba/story/brooklyn-nets-beat-city-rival-new-york-knicks-for-second-time-this-season-120214","preview":"http://www.foxsports.com/nba/story/nets-knicks-preview-120114","odds":"/nba/odds#27774","tickets":"http://www.awin1.com/cread.php?awinmid=4292&awinaffid=143258&clickref=nba&p=http://www.ticketsnow.com/InventoryBrowse/TicketList.aspx?PID=1607022"}},{"Id":28265,"GameState":2,"Date":"2014-12-02 19:30","SeasonType":1,"GameType":1,"AwayTeamId":1,"AwayLeader":"J Green 25 pts","HomeTeamId":8,"HomeLeader":"K Korver 24 pts","AwayRecord":"4-11","HomeRecord":"10-6","AwayScore":105,"HomeScore":109,"WinningTeamId":8,"Links":{"gametrax":"/nba/gameTrax?gameId=2014120201","boxscore":"/nba/boxscore?gameId=2014120201","recap":"http://www.foxsports.com/nba/story/kyle-korver-3-pointers-lift-atlanta-hawks-over-boston-celtics-120214","preview":"http://www.foxsports.com/nba/story/celtics-hawks-preview-120114","odds":"/nba/odds#28265","tickets":"http://www.awin1.com/cread.php?awinmid=4292&awinaffid=143258&clickref=nba&p=http://www.ticketsnow.com/InventoryBrowse/TicketList.aspx?PID=1605821"}},{"Id":27975,"GameState":2,"FinalText":"2OT","Date":"2014-12-02 20:00","SeasonType":1,"GameType":1,"AwayTeamId":15,"AwayLeader":"M Ellis 38 pts","HomeTeamId":10,"HomeLeader":"P Gasol 29 pts","AwayRecord":"14-5","HomeRecord":"11-7","AwayScore":132,"HomeScore":129,"WinningTeamId":15,"Links":{"gametrax":"/nba/gameTrax?gameId=2014120204","boxscore":"/nba/boxscore?gameId=2014120204","recap":"http://www.foxsports.com/nba/story/monta-ellis-scores-38-points-in-dallas-mavericks-double-overtime-win-over-chicago-bulls-120214","preview":"http://www.foxsports.com/nba/story/mavericks-bulls-preview-120114","odds":"/nba/odds#27975","tickets":"http://www.awin1.com/cread.php?awinmid=4292&awinaffid=143258&clickref=nba&p=http://www.ticketsnow.com/InventoryBrowse/TicketList.aspx?PID=1605967"}},{"Id":28426,"GameState":2,"Date":"2014-12-02 20:00","SeasonType":1,"GameType":1,"AwayTeamId":27,"AwayLeader":"K Durant 27 pts","HomeTeamId":9,"HomeLeader":"T Evans 30 pts","AwayRecord":"5-13","HomeRecord":"8-8","AwayScore":104,"HomeScore":112,"WinningTeamId":9,"Links":{"gametrax":"/nba/gameTrax?gameId=2014120203","boxscore":"/nba/boxscore?gameId=2014120203","recap":"http://www.foxsports.com/nba/story/kevin-durant-returns-in-mvp-form-but-oklahoma-city-thunder-fall-to-new-orleans-pelicans-120214","preview":"http://www.foxsports.com/nba/story/thunder-pelicans-preview-120114","odds":"/nba/odds#28426","tickets":"http://www.awin1.com/cread.php?awinmid=4292&awinaffid=143258&clickref=nba&p=http://www.ticketsnow.com/InventoryBrowse/TicketList.aspx?PID=1606858"}},{"Id":27816,"GameState":2,"Date":"2014-12-02 21:00","SeasonType":1,"GameType":1,"AwayTeamId":13,"AwayLeader":"C Miles 17 pts","HomeTeamId":24,"HomeLeader":"G Dragic 34 pts","AwayRecord":"7-11","HomeRecord":"11-8","AwayScore":99,"HomeScore":116,"WinningTeamId":24,"Links":{"gametrax":"/nba/gameTrax?gameId=2014120221","boxscore":"/nba/boxscore?gameId=2014120221","recap":"http://www.foxsports.com/nba/story/phoenix-suns-guards-goran-dragic-eric-bledsoe-lead-way-vs-indiana-pacers-120214","preview":"http://www.foxsports.com/nba/story/pacers-suns-preview-120114","odds":"/nba/odds#27816","tickets":"http://www.awin1.com/cread.php?awinmid=4292&awinaffid=143258&clickref=nba&p=http://www.ticketsnow.com/InventoryBrowse/TicketList.aspx?PID=1607246"}},{"Id":28141,"GameState":2,"Date":"2014-12-02 21:00","SeasonType":1,"GameType":1,"AwayTeamId":25,"AwayLeader":"L Aldridge 39 pts","HomeTeamId":16,"HomeLeader":"T Lawson 24 pts","AwayRecord":"14-4","HomeRecord":"9-9","AwayScore":105,"HomeScore":103,"WinningTeamId":25,"Links":{"gametrax":"/nba/gameTrax?gameId=2014120207","boxscore":"/nba/boxscore?gameId=2014120207","recap":"http://www.foxsports.com/nba/story/robin-lopez-layup-in-final-seconds-lifts-portland-trail-blazers-over-denver-nuggets-120214","preview":"http://www.foxsports.com/nba/story/trail-blazers-nuggets-preview-120214","odds":"/nba/odds#28141","tickets":"http://www.awin1.com/cread.php?awinmid=4292&awinaffid=143258&clickref=nba&p=http://www.ticketsnow.com/InventoryBrowse/TicketList.aspx?PID=1607476"}},{"Id":27855,"GameState":2,"Date":"2014-12-02 22:00","SeasonType":1,"GameType":1,"AwayTeamId":30,"AwayLeader":"K Lowry 27 pts","HomeTeamId":26,"HomeLeader":"B McLemore 21 pts","AwayRecord":"14-4","HomeRecord":"9-9","AwayScore":117,"HomeScore":109,"WinningTeamId":30,"Links":{"gametrax":"/nba/gameTrax?gameId=2014120223","boxscore":"/nba/boxscore?gameId=2014120223","recap":"http://www.foxsports.com/nba/story/kyle-lowry-scores-27-points-to-lead-toronto-raptors-over-sacramento-kings-120314","preview":"http://www.foxsports.com/nba/story/raptors-kings-preview-120114","odds":"/nba/odds#27855","tickets":"http://www.awin1.com/cread.php?awinmid=4292&awinaffid=143258&clickref=nba&p=http://www.ticketsnow.com/InventoryBrowse/TicketList.aspx?PID=1607293"}},{"Id":27689,"GameState":2,"Date":"2014-12-02 22:30","SeasonType":1,"GameType":1,"AwayTeamId":5,"AwayLeader":"V Oladipo 27 pts","HomeTeamId":21,"HomeLeader":"S Curry 22 pts","AwayRecord":"7-13","HomeRecord":"15-2","AwayScore":97,"HomeScore":98,"WinningTeamId":21,"Links":{"gametrax":"/nba/gameTrax?gameId=2014120209","boxscore":"/nba/boxscore?gameId=2014120209","recap":"http://www.foxsports.com/nba/story/currys-3-lifts-warriors-over-magic-98-97-120314","preview":"http://www.foxsports.com/nba/story/magic-warriors-preview-120114","odds":"/nba/odds#27689","tickets":"http://www.awin1.com/cread.php?awinmid=4292&awinaffid=143258&clickref=nba&p=http://www.ticketsnow.com/InventoryBrowse/TicketList.aspx?PID=1606205"}}]