[{"Id":27920,"GameState":2,"Date":"2015-03-03 19:00","SeasonType":1,"GameType":1,"AwayTeamId":1,"AwayLeader":"B Bass 15 pts","HomeTeamId":11,"HomeLeader":"L James 27 pts","AwayRecord":"23-35","HomeRecord":"38-24","AwayScore":79,"HomeScore":110,"WinningTeamId":11,"Links":{"gametrax":"/nba/gameTrax?gameId=2015030305","boxscore":"/nba/boxscore?gameId=2015030305","recap":"http://www.foxsports.com/nba/story/james-scores-27-on-milestone-night-cavs-cruise-past-celtics-030315","preview":"http://www.foxsports.com/nba/story/celtics-cavaliers-preview-030215","odds":"/nba/odds#27920","tickets":"http://www.awin1.com/cread.php?awinmid=4292&awinaffid=143258&clickref=nba&p=http://www.ticketsnow.com/InventoryBrowse/TicketList.aspx?PID=1607452"}},{"Id":28654,"GameState":2,"Date":"2015-03-03 19:00","SeasonType":1,"GameType":1,"AwayTeamId":23,"AwayLeader":"J Lin 23 pts","HomeTeamId":32,"HomeLeader":"A Jefferson 21 pts","AwayRecord":"16-43","HomeRecord":"25-33","AwayScore":103,"HomeScore":104,"WinningTeamId":32,"Links":{"gametrax":"/nba/gameTrax?gameId=2015030330","boxscore":"/nba/boxscore?gameId=2015030330","recap":"http://www.foxsports.com/nba/story/al-jefferson-leads-charlotte-hornets-over-los-angeles-lakers-with-21-points-16-rebounds-030315","preview":"http://www.foxsports.com/nba/story/lakers-hornets-preview-030215","odds":"/nba/odds#28654","tickets":"http://www.awin1.com/cread.php?awinmid=4292&awinaffid=143258&clickref=nba&p=http://www.ticketsnow.com/InventoryBrowse/TicketList.aspx?PID=1605946"}},{"Id":28857,"GameState":2,"Date":"2015-03-03 19:00","SeasonType":1,"GameType":1,"AwayTeamId":26,"AwayLeader":"R Gay 25 pts","HomeTeamId":4,"HomeLeader":"A Shved 15 pts","AwayRecord":"21-37","HomeRecord":"12-47","AwayScore":124,"HomeScore":86,"WinningTeamId":26,"Links":{"gametrax":"/nba/gameTrax?gameId=2015030318","boxscore":"/nba/boxscore?gameId=2015030318","recap":"http://www.foxsports.com/nba/story/sacramento-kings-hand-new-york-knicks-their-worst-loss-of-season-030315","preview":"http://www.foxsports.com/nba/story/kings-knicks-preview-030215","odds":"/nba/odds#28857","tickets":"http://www.awin1.com/cread.php?awinmid=4292&awinaffid=143258&clickref=nba&p=http://www.ticketsnow.com/InventoryBrowse/TicketList.aspx?PID=1607036"}},{"Id":28287,"GameState":2,"Date":"2015-03-03 19:30","SeasonType":1,"GameType":1,"AwayTeamId":17,"AwayLeader":"J Terry 21 pts","HomeTeamId":8,"HomeLeader":"J Teague 25 pts","AwayRecord":"41-19","HomeRecord":"48-12","AwayScore":96,"HomeScore":104,"WinningTeamId":8,"Links":{"gametrax":"/nba/gameTrax?gameId=2015030301","boxscore":"/nba/boxscore?gameId=2015030301","recap":"http://www.foxsports.com/nba/story/atlanta-hawks-rally-past-houston-rockets-as-james-harden-serves-suspension-030315","preview":"http://www.foxsports.com/nba/story/rockets-hawks-preview-030215","odds":"/nba/odds#28287","tickets":"http://www.awin1.com/cread.php?awinmid=4292&awinaffid=143258&clickref=nba&p=http://www.ticketsnow.com/InventoryBrowse/TicketList.aspx?PID=1605844"}},{"Id":28001,"GameState":2,"Date":"2015-03-03 20:00","SeasonType":1,"GameType":1,"AwayTeamId":7,"AwayLeader":"J Wall 21 pts","HomeTeamId":10,"HomeLeader":"N Mirotic 23 pts","AwayRecord":"34-27","HomeRecord":"38-23","AwayScore":92,"HomeScore":97,"WinningTeamId":10,"Links":{"gametrax":"/nba/gameTrax?gameId=2015030304","boxscore":"/nba/boxscore?gameId=2015030304","recap":"http://www.foxsports.com/nba/story/short-handed-chicago-bulls-down-washington-wizards-030315","preview":"http://www.foxsports.com/nba/story/wizards-bulls-preview-030215","odds":"/nba/odds#28001","tickets":"http://www.awin1.com/cread.php?awinmid=4292&awinaffid=143258&clickref=nba&p=http://www.ticketsnow.com/InventoryBrowse/TicketList.aspx?PID=1605993"}},{"Id":28572,"GameState":2,"Date":"2015-03-03 20:00","SeasonType":1,"GameType":1,"AwayTeamId":20,"AwayLeader":"G Hayward 21 pts","HomeTeamId":31,"HomeLeader":"C Lee 18 pts","AwayRecord":"24-35","HomeRecord":"42-17","AwayScore":93,"HomeScore":82,"WinningTeamId":20,"Links":{"gametrax":"/nba/gameTrax?gameId=2015030329","boxscore":"/nba/boxscore?gameId=2015030329","recap":"http://www.foxsports.com/nba/story/utah-jazz-beat-memphis-grizzlies-as-rudy-gobert-grabs-career-high-24-rebounds-030315","preview":"http://www.foxsports.com/nba/story/jazz-grizzlies-preview-030215","odds":"/nba/odds#28572","tickets":"http://www.awin1.com/cread.php?awinmid=4292&awinaffid=143258&clickref=nba&p=http://www.ticketsnow.com/InventoryBrowse/TicketList.aspx?PID=1606447"}},{"Id":28163,"GameState":2,"Date":"2015-03-03 21:00","SeasonType":1,"GameType":1,"AwayTeamId":14,"AwayLeader":"E Ilyasova 21 pts","HomeTeamId":16,"HomeLeader":"D Gallinari 26 pts","AwayRecord":"32-28","HomeRecord":"21-39","AwayScore":95,"HomeScore":106,"WinningTeamId":16,"Links":{"gametrax":"/nba/gameTrax?gameId=2015030307","boxscore":"/nba/boxscore?gameId=2015030307","recap":"http://www.foxsports.com/nba/story/gallinari-scores-26-as-nuggets-beat-bucks-106-95-030315","preview":"http://www.foxsports.com/nba/story/bucks-nuggets-preview-030215","odds":"/nba/odds#28163","tickets":"http://www.awin1.com/cread.php?awinmid=4292&awinaffid=143258&clickref=nba&p=http://www.ticketsnow.com/InventoryBrowse/TicketList.aspx?PID=1607498"}}]