[{"Id":27636,"GameState":2,"Date":"2015-03-25 19:00","SeasonType":1,"GameType":1,"AwayTeamId":13,"AwayLeader":"G Hill 29 pts","HomeTeamId":7,"HomeLeader":"J Wall 34 pts","AwayRecord":"31-40","HomeRecord":"40-32","AwayScore":103,"HomeScore":101,"WinningTeamId":13,"Links":{"gametrax":"/nba/gameTrax?gameId=2015032527","boxscore":"/nba/boxscore?gameId=2015032527","recap":"http://www.foxsports.com/nba/story/george-hills-layup-lifts-pacers-over-wizards-103-101-032515","preview":"http://www.foxsports.com/nba/story/pacers-wizards-preview-032415","odds":"/nba/odds#27636","tickets":"http://www.awin1.com/cread.php?awinmid=4292&awinaffid=143258&clickref=nba&p=http://www.ticketsnow.com/InventoryBrowse/TicketList.aspx?PID=1607408"}},{"Id":27800,"GameState":2,"Date":"2015-03-25 19:00","SeasonType":1,"GameType":1,"AwayTeamId":22,"AwayLeader":"A Rivers 21 pts","HomeTeamId":4,"HomeLeader":"C Early 18 pts","AwayRecord":"47-25","HomeRecord":"14-58","AwayScore":111,"HomeScore":80,"WinningTeamId":22,"Links":{"gametrax":"/nba/gameTrax?gameId=2015032518","boxscore":"/nba/boxscore?gameId=2015032518","recap":"http://www.foxsports.com/nba/story/los-angeles-clippers-hammer-new-york-knicks-deandre-jordan-is-perfect-from-floor-032515","preview":"http://www.foxsports.com/nba/story/clippers-knicks-preview-032415","odds":"/nba/odds#27800","tickets":"http://www.awin1.com/cread.php?awinmid=4292&awinaffid=143258&clickref=nba&p=http://www.ticketsnow.com/InventoryBrowse/TicketList.aspx?PID=1607048"}},{"Id":28128,"GameState":2,"Date":"2015-03-25 19:00","SeasonType":1,"GameType":1,"AwayTeamId":10,"AwayLeader":"J Butler 23 pts","HomeTeamId":30,"HomeLeader":"G Vasquez 22 pts","AwayRecord":"44-29","HomeRecord":"42-30","AwayScore":116,"HomeScore":103,"WinningTeamId":10,"Links":{"gametrax":"/nba/gameTrax?gameId=2015032528","boxscore":"/nba/boxscore?gameId=2015032528","recap":"http://www.foxsports.com/nba/story/chicago-bulls-beat-toronto-raptors-to-stay-in-no-3-spot-in-eastern-conference-032515","preview":"http://www.foxsports.com/nba/story/bulls-raptors-preview-032515","odds":"/nba/odds#28128"}},{"Id":28659,"GameState":2,"Date":"2015-03-25 19:00","SeasonType":1,"GameType":1,"AwayTeamId":3,"AwayLeader":"B Lopez 34 pts","HomeTeamId":32,"HomeLeader":"A Jefferson 23 pts","AwayRecord":"30-40","HomeRecord":"30-40","AwayScore":91,"HomeScore":88,"WinningTeamId":3,"Links":{"gametrax":"/nba/gameTrax?gameId=2015032530","boxscore":"/nba/boxscore?gameId=2015032530","recap":"http://www.foxsports.com/nba/story/brooklyn-nets-beat-charlotte-hornets-thaddeus-young-injures-knee-032515","preview":"http://www.foxsports.com/nba/story/nets-hornets-preview-032415","odds":"/nba/odds#28659","tickets":"http://www.awin1.com/cread.php?awinmid=4292&awinaffid=143258&clickref=nba&p=http://www.ticketsnow.com/InventoryBrowse/TicketList.aspx?PID=1605950"}},{"Id":28701,"GameState":2,"Date":"2015-03-25 19:00","SeasonType":1,"GameType":1,"AwayTeamId":8,"AwayLeader":"P Millsap 25 pts","HomeTeamId":5,"HomeLeader":"E Payton 19 pts","AwayRecord":"54-17","HomeRecord":"22-51","AwayScore":95,"HomeScore":83,"WinningTeamId":8,"Links":{"gametrax":"/nba/gameTrax?gameId=2015032519","boxscore":"/nba/boxscore?gameId=2015032519","recap":"http://www.foxsports.com/nba/story/atlanta-hawks-down-orlando-magic-to-end-3-game-losing-streak-032515","preview":"http://www.foxsports.com/nba/story/hawks-magic-preview-032415","odds":"/nba/odds#28701","tickets":"http://www.awin1.com/cread.php?awinmid=4292&awinaffid=143258&clickref=nba&p=http://www.ticketsnow.com/InventoryBrowse/TicketList.aspx?PID=1607204"}},{"Id":27554,"GameState":2,"Date":"2015-03-25 19:30","SeasonType":1,"GameType":1,"AwayTeamId":2,"AwayLeader":"G Dragic 22 pts","HomeTeamId":1,"HomeLeader":"J Crowder 16 pts","AwayRecord":"33-38","HomeRecord":"31-40","AwayScore":93,"HomeScore":86,"WinningTeamId":2,"Links":{"gametrax":"/nba/gameTrax?gameId=2015032502","boxscore":"/nba/boxscore?gameId=2015032502","recap":"http://www.foxsports.com/nba/story/injury-riddled-heat-beat-celtics-93-86-032515","preview":"http://www.foxsports.com/nba/story/heat-celtics-preview-032515","odds":"/nba/odds#27554","tickets":"http://www.awin1.com/cread.php?awinmid=4292&awinaffid=143258&clickref=nba&p=http://www.ticketsnow.com/InventoryBrowse/TicketList.aspx?PID=1605903"}},{"Id":27964,"GameState":2,"FinalText":"OT","Date":"2015-03-25 20:00","SeasonType":1,"GameType":1,"AwayTeamId":23,"AwayLeader":"J Clarkson 20 pts","HomeTeamId":18,"HomeLeader":"A Wiggins 27 pts","AwayRecord":"19-51","HomeRecord":"16-55","AwayScore":101,"HomeScore":99,"WinningTeamId":23,"Links":{"gametrax":"/nba/gameTrax?gameId=2015032516","boxscore":"/nba/boxscore?gameId=2015032516","recap":"http://www.foxsports.com/nba/story/clarkson-shines-in-ot-to-lead-lakers-over-wolves-101-99-032515","preview":"http://www.foxsports.com/nba/story/lakers-timberwolves-preview-032515","odds":"/nba/odds#27964","tickets":"http://www.awin1.com/cread.php?awinmid=4292&awinaffid=143258&clickref=nba&p=http://www.ticketsnow.com/InventoryBrowse/TicketList.aspx?PID=1606773"}},{"Id":28455,"GameState":2,"Date":"2015-03-25 20:00","SeasonType":1,"GameType":1,"AwayTeamId":17,"AwayLeader":"J Harden 25 pts","HomeTeamId":9,"HomeLeader":"T Evans 28 pts","AwayRecord":"48-23","HomeRecord":"37-34","AwayScore":95,"HomeScore":93,"WinningTeamId":17,"Links":{"gametrax":"/nba/gameTrax?gameId=2015032503","boxscore":"/nba/boxscore?gameId=2015032503","recap":"http://www.foxsports.com/nba/story/houston-rockets-dwight-howard-returns-with-4-points-in-win-over-new-orleans-pelicans-032515","preview":"http://www.foxsports.com/nba/story/rockets-pelicans-preview-032415","odds":"/nba/odds#28455","tickets":"http://www.awin1.com/cread.php?awinmid=4292&awinaffid=143258&clickref=nba&p=http://www.ticketsnow.com/InventoryBrowse/TicketList.aspx?PID=1606886"}},{"Id":28577,"GameState":2,"Date":"2015-03-25 20:00","SeasonType":1,"GameType":1,"AwayTeamId":11,"AwayLeader":"K Irving 24 pts","HomeTeamId":31,"HomeLeader":"M Gasol 18 pts","AwayRecord":"47-26","HomeRecord":"50-22","AwayScore":111,"HomeScore":89,"WinningTeamId":11,"Links":{"gametrax":"/nba/gameTrax?gameId=2015032529","boxscore":"/nba/boxscore?gameId=2015032529","recap":"http://www.foxsports.com/nba/story/irving-scores-24-to-lead-cavaliers-past-grizzlies-111-89-032515","preview":"http://www.foxsports.com/nba/story/cavaliers-grizzlies-preview-032415","odds":"/nba/odds#28577","tickets":"http://www.awin1.com/cread.php?awinmid=4292&awinaffid=143258&clickref=nba&p=http://www.ticketsnow.com/InventoryBrowse/TicketList.aspx?PID=1606452"}},{"Id":27595,"GameState":2,"Date":"2015-03-25 21:00","SeasonType":1,"GameType":1,"AwayTeamId":25,"AwayLeader":"D Lillard 23 pts","HomeTeamId":20,"HomeLeader":"D Favors 26 pts","AwayRecord":"45-25","HomeRecord":"31-40","AwayScore":92,"HomeScore":89,"WinningTeamId":25,"Links":{"gametrax":"/nba/gameTrax?gameId=2015032526","boxscore":"/nba/boxscore?gameId=2015032526","recap":"http://www.foxsports.com/nba/story/blazers-use-10-point-comeback-to-beat-jazz-92-89-032515","preview":"http://www.foxsports.com/nba/story/trail-blazers-jazz-preview-032515","odds":"/nba/odds#27595","tickets":"http://www.awin1.com/cread.php?awinmid=4292&awinaffid=143258&clickref=nba&p=http://www.ticketsnow.com/InventoryBrowse/TicketList.aspx?PID=1607647"}},{"Id":28168,"GameState":2,"Date":"2015-03-25 21:00","SeasonType":1,"GameType":1,"AwayTeamId":6,"AwayLeader":"R Covington 25 pts","HomeTeamId":16,"HomeLeader":"T Lawson 19 pts","AwayRecord":"18-54","HomeRecord":"27-45","AwayScore":99,"HomeScore":85,"WinningTeamId":6,"Links":{"gametrax":"/nba/gameTrax?gameId=2015032507","boxscore":"/nba/boxscore?gameId=2015032507","recap":"http://www.foxsports.com/nba/story/covington-scores-25-points-76ers-beat-nuggets-99-85-032515","preview":"http://www.foxsports.com/nba/story/76ers-nuggets-preview-032515","odds":"/nba/odds#28168","tickets":"http://www.awin1.com/cread.php?awinmid=4292&awinaffid=143258&clickref=nba&p=http://www.ticketsnow.com/InventoryBrowse/TicketList.aspx?PID=1607503"}},{"Id":28495,"GameState":2,"Date":"2015-03-25 21:30","SeasonType":1,"GameType":1,"AwayTeamId":27,"AwayLeader":"E Kanter 16 pts","HomeTeamId":19,"HomeLeader":"T Parker 21 pts","AwayRecord":"41-31","HomeRecord":"45-26","AwayScore":91,"HomeScore":130,"WinningTeamId":19,"Links":{"gametrax":"/nba/gameTrax?gameId=2015032524","boxscore":"/nba/boxscore?gameId=2015032524","recap":"http://www.foxsports.com/nba/story/russell-westbrook-takes-blow-to-head-in-oklahoma-city-thunder-s-blowout-loss-to-san-antonio-spurs-032615","preview":"http://www.foxsports.com/nba/story/thunder-spurs-preview-032515","odds":"/nba/odds#28495","tickets":"http://www.awin1.com/cread.php?awinmid=4292&awinaffid=143258&clickref=nba&p=http://www.ticketsnow.com/InventoryBrowse/TicketList.aspx?PID=1607364"}},{"Id":27843,"GameState":2,"Date":"2015-03-25 22:00","SeasonType":1,"GameType":1,"AwayTeamId":26,"AwayLeader":"D Cousins 24 pts","HomeTeamId":24,"HomeLeader":"M Morris 24 pts","AwayRecord":"26-45","HomeRecord":"38-34","AwayScore":108,"HomeScore":99,"WinningTeamId":26,"Links":{"gametrax":"/nba/gameTrax?gameId=2015032521","boxscore":"/nba/boxscore?gameId=2015032521","recap":"http://www.foxsports.com/nba/story/cousins-scores-24-points-kings-top-suns-108-99-032615","preview":"http://www.foxsports.com/nba/story/kings-suns-preview-032515","odds":"/nba/odds#27843","tickets":"http://www.awin1.com/cread.php?awinmid=4292&awinaffid=143258&clickref=nba&p=http://www.ticketsnow.com/InventoryBrowse/TicketList.aspx?PID=1607273"}}]