[{"Id":27535,"GameState":2,"Date":"2014-12-31 13:00","SeasonType":1,"GameType":1,"AwayTeamId":26,"AwayLeader":"C Landry 14 pts","HomeTeamId":1,"HomeLeader":"J Sullinger 20 pts","AwayRecord":"13-19","HomeRecord":"11-18","AwayScore":84,"HomeScore":106,"WinningTeamId":1,"Links":{"gametrax":"/nba/gameTrax?gameId=2014123102","boxscore":"/nba/boxscore?gameId=2014123102","recap":"http://www.foxsports.com/nba/story/boston-celtics-sacramento-kings-demarcus-cousins-ejected-106-84-marcus-smart-123114","preview":"http://www.foxsports.com/nba/story/kings-celtics-preview-123014","odds":"/nba/odds#27535","tickets":"http://www.awin1.com/cread.php?awinmid=4292&awinaffid=143258&clickref=nba&p=http://www.ticketsnow.com/InventoryBrowse/TicketList.aspx?PID=1605877"}},{"Id":28312,"GameState":2,"Date":"2014-12-31 15:00","SeasonType":1,"GameType":1,"AwayTeamId":2,"AwayLeader":"D Wade 20 pts","HomeTeamId":13,"HomeLeader":"C Miles 25 pts","AwayRecord":"14-19","HomeRecord":"12-21","AwayScore":95,"HomeScore":106,"WinningTeamId":13,"Links":{"gametrax":"/nba/gameTrax?gameId=2014123111","boxscore":"/nba/boxscore?gameId=2014123111","recap":"http://www.foxsports.com/nba/story/pacers-rally-in-second-half-to-beat-heat-123114","preview":"http://www.foxsports.com/nba/story/heat-pacers-preview-123014","odds":"/nba/odds#28312","tickets":"http://www.awin1.com/cread.php?awinmid=4292&awinaffid=143258&clickref=nba&p=http://www.ticketsnow.com/InventoryBrowse/TicketList.aspx?PID=1606262"}},{"Id":28191,"GameState":2,"Date":"2014-12-31 18:00","SeasonType":1,"GameType":1,"AwayTeamId":4,"AwayLeader":"C Anthony 19 pts","HomeTeamId":22,"HomeLeader":"J Redick 20 pts","AwayRecord":"5-29","HomeRecord":"22-11","AwayScore":78,"HomeScore":99,"WinningTeamId":22,"Links":{"gametrax":"/nba/gameTrax?gameId=2014123112","boxscore":"/nba/boxscore?gameId=2014123112","recap":"http://www.foxsports.com/nba/story/clippers-hand-knicks-ninth-straight-loss-in-blowout-123114","preview":"http://www.foxsports.com/nba/story/knicks-clippers-preview-123014","odds":"/nba/odds#28191","tickets":"http://www.awin1.com/cread.php?awinmid=4292&awinaffid=143258&clickref=nba&p=http://www.ticketsnow.com/InventoryBrowse/TicketList.aspx?PID=1607784"}},{"Id":27906,"GameState":2,"Date":"2014-12-31 19:00","SeasonType":1,"GameType":1,"AwayTeamId":14,"AwayLeader":"B Knight 26 pts","HomeTeamId":11,"HomeLeader":"K Irving 25 pts","AwayRecord":"17-16","HomeRecord":"18-14","AwayScore":96,"HomeScore":80,"WinningTeamId":14,"Links":{"gametrax":"/nba/gameTrax?gameId=2014123105","boxscore":"/nba/boxscore?gameId=2014123105","recap":"http://www.foxsports.com/nba/story/cleveland-cavaliers-fall-to-milwaukee-bucks-as-lebron-james-rests-knees-123114","preview":"http://www.foxsports.com/nba/story/bucks-cavaliers-preview-123114","odds":"/nba/odds#27906","tickets":"http://www.awin1.com/cread.php?awinmid=4292&awinaffid=143258&clickref=nba&p=http://www.ticketsnow.com/InventoryBrowse/TicketList.aspx?PID=1607435"}},{"Id":28476,"GameState":2,"FinalText":"OT","Date":"2014-12-31 19:00","SeasonType":1,"GameType":1,"AwayTeamId":9,"AwayLeader":"A Davis 21 pts","HomeTeamId":19,"HomeLeader":"M Ginobili 26 pts","AwayRecord":"16-16","HomeRecord":"20-14","AwayScore":93,"HomeScore":95,"WinningTeamId":19,"Links":{"gametrax":"/nba/gameTrax?gameId=2014123124","boxscore":"/nba/boxscore?gameId=2014123124","recap":"http://www.foxsports.com/nba/story/san-antonio-spurs-beat-new-orleans-pelicans-as-manu-ginobili-scores-7-points-in-overtime-123114","preview":"http://www.foxsports.com/nba/story/pelicans-spurs-preview-123114","odds":"/nba/odds#28476","tickets":"http://www.awin1.com/cread.php?awinmid=4292&awinaffid=143258&clickref=nba&p=http://www.ticketsnow.com/InventoryBrowse/TicketList.aspx?PID=1607345"}},{"Id":28518,"GameState":2,"Date":"2014-12-31 19:00","SeasonType":1,"GameType":1,"AwayTeamId":32,"AwayLeader":"M Kidd-Gilchrist 16 pts","HomeTeamId":17,"HomeLeader":"J Harden 36 pts","AwayRecord":"10-23","HomeRecord":"22-9","AwayScore":83,"HomeScore":102,"WinningTeamId":17,"Links":{"gametrax":"/nba/gameTrax?gameId=2014123110","boxscore":"/nba/boxscore?gameId=2014123110","recap":"http://www.foxsports.com/nba/story/james-harden-scores-36-points-to-lead-houston-rockets-over-charlotte-hornets-123114","preview":"http://www.foxsports.com/nba/story/hornets-rockets-preview-123014","odds":"/nba/odds#28518","tickets":"http://www.awin1.com/cread.php?awinmid=4292&awinaffid=143258&clickref=nba&p=http://www.ticketsnow.com/InventoryBrowse/TicketList.aspx?PID=1607535"}},{"Id":28599,"GameState":2,"FinalText":"OT","Date":"2014-12-31 20:00","SeasonType":1,"GameType":1,"AwayTeamId":24,"AwayLeader":"E Bledsoe 29 pts","HomeTeamId":27,"HomeLeader":"K Durant 44 pts","AwayRecord":"18-16","HomeRecord":"16-17","AwayScore":134,"HomeScore":137,"WinningTeamId":27,"Links":{"gametrax":"/nba/gameTrax?gameId=2014123125","boxscore":"/nba/boxscore?gameId=2014123125","recap":"http://www.foxsports.com/nba/story/kevin-durant-scores-44-points-in-first-game-back-from-ankle-injury-oklahoma-city-thunder-beat-phoenix-suns-in-ot-123114","preview":"http://www.foxsports.com/nba/story/suns-thunder-preview-123114","odds":"/nba/odds#28599","tickets":"http://www.awin1.com/cread.php?awinmid=4292&awinaffid=143258&clickref=nba&p=http://www.ticketsnow.com/InventoryBrowse/TicketList.aspx?PID=1607135"}}]