[{"Id":28376,"GameState":2,"Date":"2015-04-09 20:00","SeasonType":1,"GameType":1,"AwayTeamId":10,"AwayLeader":"P Gasol 16 pts","HomeTeamId":2,"HomeLeader":"H Whiteside 19 pts","AwayRecord":"47-32","HomeRecord":"35-44","AwayScore":89,"HomeScore":78,"WinningTeamId":10,"Links":{"gametrax":"/nba/gameTrax?gameId=2015040914","boxscore":"/nba/boxscore?gameId=2015040914","recap":"http://www.foxsports.com/nba/story/bulls-pull-off-a-staggering-comeback-beat-heat-89-78-040915","preview":"http://www.foxsports.com/nba/story/bulls-heat-preview-040815","odds":"/nba/odds#28376","tickets":"http://www.awin1.com/cread.php?awinmid=4292&awinaffid=143258&clickref=nba&p=http://www.ticketsnow.com/InventoryBrowse/TicketList.aspx?PID=1606505"}},{"Id":27720,"GameState":2,"Date":"2015-04-09 22:30","SeasonType":1,"GameType":1,"AwayTeamId":25,"AwayLeader":"L Aldridge 27 pts","HomeTeamId":21,"HomeLeader":"S Curry 45 pts","AwayRecord":"51-28","HomeRecord":"64-15","AwayScore":105,"HomeScore":116,"WinningTeamId":21,"Links":{"gametrax":"/nba/gameTrax?gameId=2015040909","boxscore":"/nba/boxscore?gameId=2015040909","recap":"http://www.foxsports.com/nba/story/golden-state-warriors-top-portland-trail-blazers-stephen-curry-breaks-3-pointers-record-scored-45-points-041015","preview":"http://www.foxsports.com/nba/story/trail-blazers-warriors-preview-040915","odds":"/nba/odds#27720","tickets":"http://www.awin1.com/cread.php?awinmid=4292&awinaffid=143258&clickref=nba&p=http://www.ticketsnow.com/InventoryBrowse/TicketList.aspx?PID=1606236"}}]