[{"Id":28606,"GameState":2,"Date":"2015-02-08 13:00","SeasonType":1,"GameType":1,"AwayTeamId":22,"AwayLeader":"J Crawford 21 pts","HomeTeamId":27,"HomeLeader":"K Durant 29 pts","AwayRecord":"33-19","HomeRecord":"26-25","AwayScore":108,"HomeScore":131,"WinningTeamId":27,"Links":{"gametrax":"/nba/gameTrax?gameId=2015020825","boxscore":"/nba/boxscore?gameId=2015020825","recap":"http://www.foxsports.com/nba/story/oklahoma-city-thunder-los-angeles-clippers-kevin-durant-leads-blowout-chris-paul-blake-griffin-020815","preview":"http://www.foxsports.com/nba/story/clippers-thunder-preview-020715","odds":"/nba/odds#28606","tickets":"http://www.awin1.com/cread.php?awinmid=4292&awinaffid=143258&clickref=nba&p=http://www.ticketsnow.com/InventoryBrowse/TicketList.aspx?PID=1607142"}},{"Id":27917,"GameState":2,"Date":"2015-02-08 15:30","SeasonType":1,"GameType":1,"AwayTeamId":23,"AwayLeader":"J Clarkson 20 pts","HomeTeamId":11,"HomeLeader":"K Love 32 pts","AwayRecord":"13-38","HomeRecord":"32-21","AwayScore":105,"HomeScore":120,"WinningTeamId":11,"Links":{"gametrax":"/nba/gameTrax?gameId=2015020805","boxscore":"/nba/boxscore?gameId=2015020805","recap":"http://www.foxsports.com/nba/story/love-scores-32-lebron-22-as-cavaliers-bury-lakers-120-105-020815","preview":"http://www.foxsports.com/nba/story/lakers-cavaliers-preview-020715","odds":"/nba/odds#27917","tickets":"http://www.awin1.com/cread.php?awinmid=4292&awinaffid=143258&clickref=nba&p=http://www.ticketsnow.com/InventoryBrowse/TicketList.aspx?PID=1607449"}},{"Id":27750,"GameState":2,"Date":"2015-02-08 18:00","SeasonType":1,"GameType":1,"AwayTeamId":18,"AwayLeader":"N Pekovic 29 pts","HomeTeamId":12,"HomeLeader":"D Augustin 20 pts","AwayRecord":"11-40","HomeRecord":"20-32","AwayScore":112,"HomeScore":101,"WinningTeamId":18,"Links":{"gametrax":"/nba/gameTrax?gameId=2015020808","boxscore":"/nba/boxscore?gameId=2015020808","recap":"http://www.foxsports.com/nba/story/timberwolves-win-3rd-straight-112-101-over-pistons-020815","preview":"http://www.foxsports.com/nba/story/timberwolves-pistons-preview-020715","odds":"/nba/odds#27750","tickets":"http://www.awin1.com/cread.php?awinmid=4292&awinaffid=143258&clickref=nba&p=http://www.ticketsnow.com/InventoryBrowse/TicketList.aspx?PID=1606174"}},{"Id":28569,"GameState":2,"Date":"2015-02-08 18:00","SeasonType":1,"GameType":1,"AwayTeamId":8,"AwayLeader":"J Teague 22 pts","HomeTeamId":31,"HomeLeader":"M Conley 21 pts","AwayRecord":"42-10","HomeRecord":"38-13","AwayScore":88,"HomeScore":94,"WinningTeamId":31,"Links":{"gametrax":"/nba/gameTrax?gameId=2015020829","boxscore":"/nba/boxscore?gameId=2015020829","recap":"http://www.foxsports.com/nba/story/conleys-21-16-from-gasol-lead-grizzlies-past-hawks-94-88-020815","preview":"#","odds":"/nba/odds#28569","tickets":"http://www.awin1.com/cread.php?awinmid=4292&awinaffid=143258&clickref=nba&p=http://www.ticketsnow.com/InventoryBrowse/TicketList.aspx?PID=1606444"}},{"Id":28651,"GameState":2,"Date":"2015-02-08 18:00","SeasonType":1,"GameType":1,"AwayTeamId":13,"AwayLeader":"C Watson 22 pts","HomeTeamId":32,"HomeLeader":"A Jefferson 30 pts","AwayRecord":"20-32","HomeRecord":"22-29","AwayScore":103,"HomeScore":102,"WinningTeamId":13,"Links":{"gametrax":"/nba/gameTrax?gameId=2015020830","boxscore":"/nba/boxscore?gameId=2015020830","recap":"http://www.foxsports.com/nba/story/hills-shot-lifts-pacers-past-hornets-103-102-020815","preview":"http://www.foxsports.com/nba/story/pacers-hornets-preview-020815","odds":"/nba/odds#28651","tickets":"http://www.awin1.com/cread.php?awinmid=4292&awinaffid=143258&clickref=nba&p=http://www.ticketsnow.com/InventoryBrowse/TicketList.aspx?PID=1605943"}},{"Id":28689,"GameState":2,"Date":"2015-02-08 18:00","SeasonType":1,"GameType":1,"AwayTeamId":10,"AwayLeader":"J Butler 27 pts","HomeTeamId":5,"HomeLeader":"V Oladipo 18 pts","AwayRecord":"32-20","HomeRecord":"16-38","AwayScore":98,"HomeScore":97,"WinningTeamId":10,"Links":{"gametrax":"/nba/gameTrax?gameId=2015020819","boxscore":"/nba/boxscore?gameId=2015020819","recap":"http://www.foxsports.com/nba/story/gasols-late-dunk-lifts-bulls-to-98-97-victory-over-magic-020815","preview":"#","odds":"/nba/odds#28689","tickets":"http://www.awin1.com/cread.php?awinmid=4292&awinaffid=143258&clickref=nba&p=http://www.ticketsnow.com/InventoryBrowse/TicketList.aspx?PID=1607192"}},{"Id":28120,"GameState":2,"Date":"2015-02-08 19:00","SeasonType":1,"GameType":1,"AwayTeamId":19,"AwayLeader":"T Duncan 12 pts","HomeTeamId":30,"HomeLeader":"J Johnson 20 pts","AwayRecord":"32-19","HomeRecord":"35-17","AwayScore":82,"HomeScore":87,"WinningTeamId":30,"Links":{"gametrax":"/nba/gameTrax?gameId=2015020828","boxscore":"/nba/boxscore?gameId=2015020828","recap":"http://www.foxsports.com/nba/story/raptors-beat-spurs-deny-popovich-1000th-win-020815","preview":"http://www.foxsports.com/nba/story/san-antonio-spurs-coach-gregg-popovich-seeks-1000th-win-vs-toronto-raptors-020715","odds":"/nba/odds#28120"}},{"Id":28527,"GameState":2,"Date":"2015-02-08 19:00","SeasonType":1,"GameType":1,"AwayTeamId":25,"AwayLeader":"L Aldridge 24 pts","HomeTeamId":17,"HomeLeader":"J Harden 45 pts","AwayRecord":"35-17","HomeRecord":"35-16","AwayScore":109,"HomeScore":98,"WinningTeamId":25,"Links":{"gametrax":"/nba/gameTrax?gameId=2015020810","boxscore":"/nba/boxscore?gameId=2015020810","recap":"http://www.foxsports.com/nba/story/aldridge-scores-24-as-portland-beats-houston-109-98-020815","preview":"http://www.foxsports.com/nba/story/trail-blazers-rockets-preview-020815","odds":"/nba/odds#28527","tickets":"http://www.awin1.com/cread.php?awinmid=4292&awinaffid=143258&clickref=nba&p=http://www.ticketsnow.com/InventoryBrowse/TicketList.aspx?PID=1607544"}},{"Id":27875,"GameState":2,"Date":"2015-02-08 21:00","SeasonType":1,"GameType":1,"AwayTeamId":24,"AwayLeader":"I Thomas 26 pts","HomeTeamId":26,"HomeLeader":"D Cousins 28 pts","AwayRecord":"29-24","HomeRecord":"18-32","AwayScore":83,"HomeScore":85,"WinningTeamId":26,"Links":{"gametrax":"/nba/gameTrax?gameId=2015020823","boxscore":"/nba/boxscore?gameId=2015020823","recap":"http://www.foxsports.com/nba/story/cousins-jumper-at-buzzer-falls-as-kings-beat-suns-85-83-020815","preview":"http://www.foxsports.com/nba/story/suns-kings-preview-020815","odds":"/nba/odds#27875","tickets":"http://www.awin1.com/cread.php?awinmid=4292&awinaffid=143258&clickref=nba&p=http://www.ticketsnow.com/InventoryBrowse/TicketList.aspx?PID=1607313"}}]