[{"Id":28608,"GameState":2,"Date":"2015-02-19 20:00","SeasonType":1,"GameType":1,"AwayTeamId":15,"AwayLeader":"D Nowitzki 14 pts","HomeTeamId":27,"HomeLeader":"R Westbrook 34 pts","AwayRecord":"36-20","HomeRecord":"29-25","AwayScore":89,"HomeScore":104,"WinningTeamId":27,"Links":{"gametrax":"/nba/gameTrax?gameId=2015021925","boxscore":"/nba/boxscore?gameId=2015021925","recap":"http://www.foxsports.com/nba/story/oklahoma-city-thunder-beat-dallas-mavericks-to-open-second-half-of-season-021915","preview":"http://www.foxsports.com/nba/story/mavericks-thunder-preview-021815","odds":"/nba/odds#28608","tickets":"http://www.awin1.com/cread.php?awinmid=4292&awinaffid=143258&clickref=nba&p=http://www.ticketsnow.com/InventoryBrowse/TicketList.aspx?PID=1607144"}},{"Id":28202,"GameState":2,"Date":"2015-02-19 22:30","SeasonType":1,"GameType":1,"AwayTeamId":19,"AwayLeader":"T Duncan 30 pts","HomeTeamId":22,"HomeLeader":"D Jordan 26 pts","AwayRecord":"34-20","HomeRecord":"36-19","AwayScore":115,"HomeScore":119,"WinningTeamId":22,"Links":{"gametrax":"/nba/gameTrax?gameId=2015021912","boxscore":"/nba/boxscore?gameId=2015021912","recap":"http://www.foxsports.com/nba/story/los-angeles-clippers-edge-san-antonio-spurs-022015","preview":"http://www.foxsports.com/nba/story/spurs-clippers-preview-021915","odds":"/nba/odds#28202","tickets":"http://www.awin1.com/cread.php?awinmid=4292&awinaffid=143258&clickref=nba&p=http://www.ticketsnow.com/InventoryBrowse/TicketList.aspx?PID=1606328"}}]