[{"Id":27643,"GameState":2,"Date":"2014-11-03 19:00","SeasonType":1,"GameType":1,"AwayTeamId":17,"AwayLeader":"J Harden 35 pts","HomeTeamId":6,"HomeLeader":"T Wroten 20 pts","AwayRecord":"4-0","HomeRecord":"0-4","AwayScore":104,"HomeScore":93,"WinningTeamId":17,"Links":{"gametrax":"/nba/gameTrax?gameId=2014110320","boxscore":"/nba/boxscore?gameId=2014110320","recap":"http://www.foxsports.com/nba/story/harden-scores-35-rockets-top-76ers-104-93-110314","preview":"http://www.foxsports.com/nba/story/rockets-76ers-preview-110214","odds":"/nba/odds#27643","tickets":"http://www.awin1.com/cread.php?awinmid=4292&awinaffid=143258&clickref=nba&p=http://www.ticketsnow.com/InventoryBrowse/TicketList.aspx?PID=1607567"}},{"Id":28708,"GameState":2,"Date":"2014-11-03 19:30","SeasonType":1,"GameType":1,"AwayTeamId":27,"AwayLeader":"R Jackson 23 pts","HomeTeamId":3,"HomeLeader":"B Lopez 18 pts","AwayRecord":"1-3","HomeRecord":"2-1","AwayScore":85,"HomeScore":116,"WinningTeamId":3,"Links":{"gametrax":"/nba/gameTrax?gameId=2014110317","boxscore":"/nba/boxscore?gameId=2014110317","recap":"http://www.foxsports.com/nba/story/lopez-returns-as-nets-rout-injury-depleted-thunder-110314","preview":"http://www.foxsports.com/nba/story/thunder-nets-preview-110214","odds":"/nba/odds#28708","tickets":"http://www.awin1.com/cread.php?awinmid=4292&awinaffid=143258&clickref=nba&p=http://www.ticketsnow.com/InventoryBrowse/TicketList.aspx?PID=1605437"}},{"Id":28544,"GameState":2,"Date":"2014-11-03 20:00","SeasonType":1,"GameType":1,"AwayTeamId":9,"AwayLeader":"T Evans 21 pts","HomeTeamId":31,"HomeLeader":"M Gasol 16 pts","AwayRecord":"1-2","HomeRecord":"4-0","AwayScore":81,"HomeScore":93,"WinningTeamId":31,"Links":{"gametrax":"/nba/gameTrax?gameId=2014110329","boxscore":"/nba/boxscore?gameId=2014110329","recap":"http://www.foxsports.com/nba/story/gasol-randolph-lead-grizzlies-over-pelicans-93-81-110314","preview":"http://www.foxsports.com/nba/story/pelicans-grizzlies-preview-110214","odds":"/nba/odds#28544","tickets":"http://www.awin1.com/cread.php?awinmid=4292&awinaffid=143258&clickref=nba&p=http://www.ticketsnow.com/InventoryBrowse/TicketList.aspx?PID=1606419"}},{"Id":28380,"GameState":2,"Date":"2014-11-03 20:30","SeasonType":1,"GameType":1,"AwayTeamId":1,"AwayLeader":"J Green 35 pts","HomeTeamId":15,"HomeLeader":"C Parsons 29 pts","AwayRecord":"1-2","HomeRecord":"3-1","AwayScore":113,"HomeScore":118,"WinningTeamId":15,"Links":{"gametrax":"/nba/gameTrax?gameId=2014110306","boxscore":"/nba/boxscore?gameId=2014110306","recap":"http://www.foxsports.com/nba/story/parsons-mavs-hold-on-to-beat-celtics-118-113-110314","preview":"http://www.foxsports.com/nba/story/celtics-mavericks-preview-110214","odds":"/nba/odds#28380","tickets":"http://www.awin1.com/cread.php?awinmid=4292&awinaffid=143258&clickref=nba&p=http://www.ticketsnow.com/InventoryBrowse/TicketList.aspx?PID=1606010"}},{"Id":28134,"GameState":2,"Date":"2014-11-03 21:00","SeasonType":1,"GameType":1,"AwayTeamId":26,"AwayLeader":"D Collison 21 pts","HomeTeamId":16,"HomeLeader":"J McGee 16 pts","AwayRecord":"3-1","HomeRecord":"1-2","AwayScore":110,"HomeScore":105,"WinningTeamId":26,"Links":{"gametrax":"/nba/gameTrax?gameId=2014110307","boxscore":"/nba/boxscore?gameId=2014110307","recap":"http://www.foxsports.com/nba/story/collison-helps-kings-hold-off-nuggets-110-105-110414","preview":"http://www.foxsports.com/nba/story/kings-nuggets-preview-110314","odds":"/nba/odds#28134","tickets":"http://www.awin1.com/cread.php?awinmid=4292&awinaffid=143258&clickref=nba&p=http://www.ticketsnow.com/InventoryBrowse/TicketList.aspx?PID=1607469"}},{"Id":28176,"GameState":2,"Date":"2014-11-03 22:30","SeasonType":1,"GameType":1,"AwayTeamId":20,"AwayLeader":"G Hayward 27 pts","HomeTeamId":22,"HomeLeader":"B Griffin 31 pts","AwayRecord":"1-3","HomeRecord":"3-1","AwayScore":101,"HomeScore":107,"WinningTeamId":22,"Links":{"gametrax":"/nba/gameTrax?gameId=2014110312","boxscore":"/nba/boxscore?gameId=2014110312","recap":"http://www.foxsports.com/nba/story/griffin-scores-31-clippers-beat-jazz-107-101-110414","preview":"http://www.foxsports.com/nba/story/jazz-clippers-preview-110314","odds":"/nba/odds#28176","tickets":"http://www.awin1.com/cread.php?awinmid=4292&awinaffid=143258&clickref=nba&p=http://www.ticketsnow.com/InventoryBrowse/TicketList.aspx?PID=1606302"}}]