[{"Id":28304,"GameState":2,"Date":"2014-11-22 19:00","SeasonType":1,"GameType":1,"AwayTeamId":24,"AwayLeader":"G Green 23 pts","HomeTeamId":13,"HomeLeader":"R Stuckey 14 pts","AwayRecord":"9-5","HomeRecord":"5-8","AwayScore":106,"HomeScore":83,"WinningTeamId":24,"Links":{"gametrax":"/nba/gameTrax?gameId=2014112211","boxscore":"/nba/boxscore?gameId=2014112211","recap":"http://www.foxsports.com/nba/story/gerald-green-suns-stay-hot-with-win-over-pacers-112214","preview":"http://www.foxsports.com/nba/story/suns-pacers-preview-112114","odds":"/nba/odds#28304","tickets":"http://www.awin1.com/cread.php?awinmid=4292&awinaffid=143258&clickref=nba&p=http://www.ticketsnow.com/InventoryBrowse/TicketList.aspx?PID=1606254"}},{"Id":28671,"GameState":2,"Date":"2014-11-22 19:00","SeasonType":1,"GameType":1,"AwayTeamId":2,"AwayLeader":"C Bosh 32 pts","HomeTeamId":5,"HomeLeader":"N Vucevic 33 pts","AwayRecord":"7-6","HomeRecord":"6-9","AwayScore":99,"HomeScore":92,"WinningTeamId":2,"Links":{"gametrax":"/nba/gameTrax?gameId=2014112219","boxscore":"/nba/boxscore?gameId=2014112219","recap":"http://www.foxsports.com/nba/story/chris-bosh-miami-heat-beat-orlando-magic-112214","preview":"http://www.foxsports.com/nba/story/heat-magic-preview-112114","odds":"/nba/odds#28671","tickets":"http://www.awin1.com/cread.php?awinmid=4292&awinaffid=143258&clickref=nba&p=http://www.ticketsnow.com/InventoryBrowse/TicketList.aspx?PID=1607174"}},{"Id":27772,"GameState":2,"Date":"2014-11-22 19:30","SeasonType":1,"GameType":1,"AwayTeamId":6,"AwayLeader":"N Noel 17 pts","HomeTeamId":4,"HomeLeader":"C Anthony 25 pts","AwayRecord":"0-13","HomeRecord":"4-10","AwayScore":83,"HomeScore":91,"WinningTeamId":4,"Links":{"gametrax":"/nba/gameTrax?gameId=2014112218","boxscore":"/nba/boxscore?gameId=2014112218","recap":"http://www.foxsports.com/nba/story/knicks-beat-76ers-who-remain-winless-on-the-season-112214","preview":"http://www.foxsports.com/nba/story/76ers-knicks-preview-112114","odds":"/nba/odds#27772","tickets":"http://www.awin1.com/cread.php?awinmid=4292&awinaffid=143258&clickref=nba&p=http://www.ticketsnow.com/InventoryBrowse/TicketList.aspx?PID=1607020"}},{"Id":27894,"GameState":2,"Date":"2014-11-22 19:30","SeasonType":1,"GameType":1,"AwayTeamId":30,"AwayLeader":"L Williams 36 pts","HomeTeamId":11,"HomeLeader":"K Love 23 pts","AwayRecord":"11-2","HomeRecord":"5-7","AwayScore":110,"HomeScore":93,"WinningTeamId":30,"Links":{"gametrax":"/nba/gameTrax?gameId=2014112205","boxscore":"/nba/boxscore?gameId=2014112205","recap":"http://www.foxsports.com/nba/story/lou-williams-scores-36-leads-raptors-over-cavaliers-112214","preview":"http://www.foxsports.com/nba/story/raptors-cavaliers-preview-112214","odds":"/nba/odds#27894","tickets":"http://www.awin1.com/cread.php?awinmid=4292&awinaffid=143258&clickref=nba&p=http://www.ticketsnow.com/InventoryBrowse/TicketList.aspx?PID=1607423"}},{"Id":27934,"GameState":2,"Date":"2014-11-22 20:00","SeasonType":1,"GameType":1,"AwayTeamId":26,"AwayLeader":"D Cousins 31 pts","HomeTeamId":18,"HomeLeader":"A Wiggins 29 pts","AwayRecord":"8-5","HomeRecord":"3-9","AwayScore":113,"HomeScore":101,"WinningTeamId":26,"Links":{"gametrax":"/nba/gameTrax?gameId=2014112216","boxscore":"/nba/boxscore?gameId=2014112216","recap":"http://www.foxsports.com/nba/story/cousins-lifts-sluggish-kings-over-wolves-113-101-112214","preview":"http://www.foxsports.com/nba/story/kings-timberwolves-preview-112214","odds":"/nba/odds#27934","tickets":"http://www.awin1.com/cread.php?awinmid=4292&awinaffid=143258&clickref=nba&p=http://www.ticketsnow.com/InventoryBrowse/TicketList.aspx?PID=1606743"}},{"Id":28507,"GameState":2,"Date":"2014-11-22 20:00","SeasonType":1,"GameType":1,"AwayTeamId":15,"AwayLeader":"M Ellis 17 pts","HomeTeamId":17,"HomeLeader":"J Harden 32 pts","AwayRecord":"10-4","HomeRecord":"10-3","AwayScore":92,"HomeScore":95,"WinningTeamId":17,"Links":{"gametrax":"/nba/gameTrax?gameId=2014112210","boxscore":"/nba/boxscore?gameId=2014112210","recap":"http://www.foxsports.com/nba/story/james-harden-rockets-beat-mavericks-without-dwight-howard1-112214","preview":"http://www.foxsports.com/nba/story/mavericks-rockets-preview-112214","odds":"/nba/odds#28507","tickets":"http://www.awin1.com/cread.php?awinmid=4292&awinaffid=143258&clickref=nba&p=http://www.ticketsnow.com/InventoryBrowse/TicketList.aspx?PID=1607524"}},{"Id":28057,"GameState":2,"Date":"2014-11-22 20:30","SeasonType":1,"GameType":1,"AwayTeamId":7,"AwayLeader":"P Pierce 25 pts","HomeTeamId":14,"HomeLeader":"B Knight 27 pts","AwayRecord":"9-3","HomeRecord":"7-7","AwayScore":111,"HomeScore":100,"WinningTeamId":7,"Links":{"gametrax":"/nba/gameTrax?gameId=2014112215","boxscore":"/nba/boxscore?gameId=2014112215","recap":"http://www.foxsports.com/nba/story/pierce-wall-lead-wizards-over-bucks-111-100-112214","preview":"http://www.foxsports.com/nba/story/wizards-bucks-preview-112214","odds":"/nba/odds#28057","tickets":"http://www.awin1.com/cread.php?awinmid=4292&awinaffid=143258&clickref=nba&p=http://www.ticketsnow.com/InventoryBrowse/TicketList.aspx?PID=1606557"}},{"Id":28465,"GameState":2,"Date":"2014-11-22 20:30","SeasonType":1,"GameType":1,"AwayTeamId":3,"AwayLeader":"D Williams 24 pts","HomeTeamId":19,"HomeLeader":"T Parker 22 pts","AwayRecord":"5-8","HomeRecord":"9-4","AwayScore":87,"HomeScore":99,"WinningTeamId":19,"Links":{"gametrax":"/nba/gameTrax?gameId=2014112224","boxscore":"/nba/boxscore?gameId=2014112224","recap":"http://www.foxsports.com/nba/story/tony-parker-spurs-lead-wire-to-wire-in-win-over-nets-112214","preview":"http://www.foxsports.com/nba/story/nets-spurs-preview-112214","odds":"/nba/odds#28465","tickets":"http://www.awin1.com/cread.php?awinmid=4292&awinaffid=143258&clickref=nba&p=http://www.ticketsnow.com/InventoryBrowse/TicketList.aspx?PID=1607334"}},{"Id":27565,"GameState":2,"Date":"2014-11-22 21:00","SeasonType":1,"GameType":1,"AwayTeamId":9,"AwayLeader":"A Davis 43 pts","HomeTeamId":20,"HomeLeader":"G Hayward 31 pts","AwayRecord":"7-5","HomeRecord":"5-9","AwayScore":106,"HomeScore":94,"WinningTeamId":9,"Links":{"gametrax":"/nba/gameTrax?gameId=2014112226","boxscore":"/nba/boxscore?gameId=2014112226","recap":"http://www.foxsports.com/nba/story/anthony-davis-scores-43-leads-pelicans-past-jazz-112214","preview":"http://www.foxsports.com/nba/story/pelicans-jazz-preview-112214","odds":"/nba/odds#27565","tickets":"http://www.awin1.com/cread.php?awinmid=4292&awinaffid=143258&clickref=nba&p=http://www.ticketsnow.com/InventoryBrowse/TicketList.aspx?PID=1607615"}}]