[{"Id":28332,"GameState":2,"Date":"2015-03-23 19:00","SeasonType":1,"GameType":1,"AwayTeamId":17,"AwayLeader":"J Harden 44 pts","HomeTeamId":13,"HomeLeader":"C Watson 23 pts","AwayRecord":"47-23","HomeRecord":"30-40","AwayScore":110,"HomeScore":100,"WinningTeamId":17,"Links":{"gametrax":"/nba/gameTrax?gameId=2015032311","boxscore":"/nba/boxscore?gameId=2015032311","recap":"http://www.foxsports.com/nba/story/james-harden-scores-44-in-houston-rockets-victory-over-indiana-pacers-032315","preview":"http://www.foxsports.com/nba/story/rockets-pacers-preview-032215","odds":"/nba/odds#28332","tickets":"http://www.awin1.com/cread.php?awinmid=4292&awinaffid=143258&clickref=nba&p=http://www.ticketsnow.com/InventoryBrowse/TicketList.aspx?PID=1606283"}},{"Id":27799,"GameState":2,"Date":"2015-03-23 19:30","SeasonType":1,"GameType":1,"AwayTeamId":31,"AwayLeader":"Z Randolph 23 pts","HomeTeamId":4,"HomeLeader":"L Galloway 19 pts","AwayRecord":"50-21","HomeRecord":"14-57","AwayScore":103,"HomeScore":82,"WinningTeamId":31,"Links":{"gametrax":"/nba/gameTrax?gameId=2015032318","boxscore":"/nba/boxscore?gameId=2015032318","recap":"http://www.foxsports.com/nba/story/memphis-grizzlies-clinch-playoff-spot-with-victory-over-new-york-knicks-032315","preview":"http://www.foxsports.com/nba/story/grizzlies-knicks-preview-032215","odds":"/nba/odds#27799","tickets":"http://www.awin1.com/cread.php?awinmid=4292&awinaffid=143258&clickref=nba&p=http://www.ticketsnow.com/InventoryBrowse/TicketList.aspx?PID=1607047"}},{"Id":28740,"GameState":2,"Date":"2015-03-23 19:30","SeasonType":1,"GameType":1,"AwayTeamId":1,"AwayLeader":"A Bradley 20 pts","HomeTeamId":3,"HomeLeader":"B Lopez 31 pts","AwayRecord":"31-39","HomeRecord":"29-40","AwayScore":110,"HomeScore":91,"WinningTeamId":1,"Links":{"gametrax":"/nba/gameTrax?gameId=2015032317","boxscore":"/nba/boxscore?gameId=2015032317","recap":"http://www.foxsports.com/nba/story/boston-celtics-beat-brooklyn-nets-to-return-to-no-8-playoff-spot-in-eastern-conference-evan-turner-has-triple-double-032315","preview":"http://www.foxsports.com/nba/story/celtics-nets-preview-032215","odds":"/nba/odds#28740","tickets":"http://www.awin1.com/cread.php?awinmid=4292&awinaffid=143258&clickref=nba&p=http://www.ticketsnow.com/InventoryBrowse/TicketList.aspx?PID=1605470"}},{"Id":28006,"GameState":2,"Date":"2015-03-23 20:00","SeasonType":1,"GameType":1,"AwayTeamId":32,"AwayLeader":"K Walker 29 pts","HomeTeamId":10,"HomeLeader":"N Mirotic 28 pts","AwayRecord":"30-39","HomeRecord":"43-29","AwayScore":86,"HomeScore":98,"WinningTeamId":10,"Links":{"gametrax":"/nba/gameTrax?gameId=2015032304","boxscore":"/nba/boxscore?gameId=2015032304","recap":"http://www.foxsports.com/nba/story/bulls-clinch-playoff-spot-with-98-86-win-over-hornets-032315","preview":"http://www.foxsports.com/nba/story/hornets-bulls-preview-032315","odds":"/nba/odds#28006","tickets":"http://www.awin1.com/cread.php?awinmid=4292&awinaffid=143258&clickref=nba&p=http://www.ticketsnow.com/InventoryBrowse/TicketList.aspx?PID=1605998"}},{"Id":27594,"GameState":2,"FinalText":"OT","Date":"2015-03-23 21:00","SeasonType":1,"GameType":1,"AwayTeamId":18,"AwayLeader":"Z LaVine 27 pts","HomeTeamId":20,"HomeLeader":"D Favors 19 pts","AwayRecord":"16-54","HomeRecord":"31-39","AwayScore":106,"HomeScore":104,"WinningTeamId":18,"Links":{"gametrax":"/nba/gameTrax?gameId=2015032326","boxscore":"/nba/boxscore?gameId=2015032326","recap":"http://www.foxsports.com/nba/story/zach-lavine-forces-ot-with-3-pointers-minnesota-timberwolves-beat-utah-jazz-032415","preview":"http://www.foxsports.com/nba/story/timberwolves-jazz-preview-032315","odds":"/nba/odds#27594","tickets":"http://www.awin1.com/cread.php?awinmid=4292&awinaffid=143258&clickref=nba&p=http://www.ticketsnow.com/InventoryBrowse/TicketList.aspx?PID=1607645"}},{"Id":27718,"GameState":2,"Date":"2015-03-23 22:30","SeasonType":1,"GameType":1,"AwayTeamId":7,"AwayLeader":"K Seraphin 12 pts","HomeTeamId":21,"HomeLeader":"S Curry 24 pts","AwayRecord":"40-31","HomeRecord":"57-13","AwayScore":76,"HomeScore":107,"WinningTeamId":21,"Links":{"gametrax":"/nba/gameTrax?gameId=2015032309","boxscore":"/nba/boxscore?gameId=2015032309","recap":"http://www.foxsports.com/nba/story/warriors-smother-wizards-in-3rd-quarter-for-107-76-win-032415","preview":"http://www.foxsports.com/nba/story/wizards-warriors-preview-032315","odds":"/nba/odds#27718","tickets":"http://www.awin1.com/cread.php?awinmid=4292&awinaffid=143258&clickref=nba&p=http://www.ticketsnow.com/InventoryBrowse/TicketList.aspx?PID=1606234"}}]