[{"Id":27792,"GameState":2,"Date":"2015-02-15 20:00","SeasonType":0,"GameType":4,"AwayTeamId":29,"AwayLeader":"R Westbrook 41 pts","HomeTeamId":28,"HomeLeader":"L James 30 pts","AwayRecord":"1-0","HomeRecord":"0-1","AwayScore":163,"HomeScore":158,"WinningTeamId":29,"StadiumName":"Madison Square Garden","StadiumCity":"New York","StadiumState":"NY","Links":{"gametrax":"/nba/gameTrax?gameId=2015021531","boxscore":"/nba/boxscore?gameId=2015021531","recap":"http://www.foxsports.com/nba/story/westbrook-has-41-west-edges-east-in-nba-all-star-game-021515","preview":"http://www.foxsports.com/nba/story/brrr-nba-all-star-game-weekend-returns-to-frigid-new-york-021315","odds":"/nba/odds#27792"}}]