[{"Id":27662,"GameState":2,"Date":"2015-01-23 19:00","SeasonType":1,"GameType":1,"AwayTeamId":30,"AwayLeader":"K Lowry 21 pts","HomeTeamId":6,"HomeLeader":"R Covington 18 pts","AwayRecord":"28-15","HomeRecord":"8-35","AwayScore":91,"HomeScore":86,"WinningTeamId":30,"Links":{"gametrax":"/nba/gameTrax?gameId=2015012320","boxscore":"/nba/boxscore?gameId=2015012320","recap":"http://www.foxsports.com/nba/story/toronto-raptors-get-past-philadelphia-76ers-012315","preview":"http://www.foxsports.com/nba/story/raptors-76ers-preview-012215","odds":"/nba/odds#27662","tickets":"http://www.awin1.com/cread.php?awinmid=4292&awinaffid=143258&clickref=nba&p=http://www.ticketsnow.com/InventoryBrowse/TicketList.aspx?PID=1607586"}},{"Id":27786,"GameState":2,"Date":"2015-01-23 19:30","SeasonType":1,"GameType":1,"AwayTeamId":5,"AwayLeader":"N Vucevic 34 pts","HomeTeamId":4,"HomeLeader":"C Anthony 25 pts","AwayRecord":"15-31","HomeRecord":"8-36","AwayScore":106,"HomeScore":113,"WinningTeamId":4,"Links":{"gametrax":"/nba/gameTrax?gameId=2015012318","boxscore":"/nba/boxscore?gameId=2015012318","recap":"http://www.foxsports.com/nba/story/new-york-knicks-beat-orlando-magic-012315","preview":"http://www.foxsports.com/nba/story/magic-knicks-preview-012215","odds":"/nba/odds#27786","tickets":"http://www.awin1.com/cread.php?awinmid=4292&awinaffid=143258&clickref=nba&p=http://www.ticketsnow.com/InventoryBrowse/TicketList.aspx?PID=1607035"}},{"Id":27911,"GameState":2,"Date":"2015-01-23 19:30","SeasonType":1,"GameType":1,"AwayTeamId":32,"AwayLeader":"A Jefferson 22 pts","HomeTeamId":11,"HomeLeader":"L James 25 pts","AwayRecord":"18-26","HomeRecord":"24-20","AwayScore":90,"HomeScore":129,"WinningTeamId":11,"Links":{"gametrax":"/nba/gameTrax?gameId=2015012305","boxscore":"/nba/boxscore?gameId=2015012305","recap":"http://www.foxsports.com/nba/story/cleveland-cavaliers-rout-charlotte-hornets-behind-lebron-james-012315","preview":"http://www.foxsports.com/nba/story/hornets-cavaliers-preview-012215","odds":"/nba/odds#27911","tickets":"http://www.awin1.com/cread.php?awinmid=4292&awinaffid=143258&clickref=nba&p=http://www.ticketsnow.com/InventoryBrowse/TicketList.aspx?PID=1607441"}},{"Id":28277,"GameState":2,"Date":"2015-01-23 19:30","SeasonType":1,"GameType":1,"AwayTeamId":27,"AwayLeader":"R Westbrook 22 pts","HomeTeamId":8,"HomeLeader":"P Millsap 22 pts","AwayRecord":"22-21","HomeRecord":"36-8","AwayScore":93,"HomeScore":103,"WinningTeamId":8,"Links":{"gametrax":"/nba/gameTrax?gameId=2015012301","boxscore":"/nba/boxscore?gameId=2015012301","recap":"http://www.foxsports.com/nba/story/atlanta-hawks-beat-oklahoma-city-thunder-for-15th-straight-win-012315","preview":"http://www.foxsports.com/nba/story/thunder-hawks-preview-012215","odds":"/nba/odds#28277","tickets":"http://www.awin1.com/cread.php?awinmid=4292&awinaffid=143258&clickref=nba&p=http://www.ticketsnow.com/InventoryBrowse/TicketList.aspx?PID=1605834"}},{"Id":28358,"GameState":2,"Date":"2015-01-23 19:30","SeasonType":1,"GameType":1,"AwayTeamId":13,"AwayLeader":"L Scola 14 pts","HomeTeamId":2,"HomeLeader":"L Deng 23 pts","AwayRecord":"15-30","HomeRecord":"19-24","AwayScore":87,"HomeScore":89,"WinningTeamId":2,"Links":{"gametrax":"/nba/gameTrax?gameId=2015012314","boxscore":"/nba/boxscore?gameId=2015012314","recap":"http://www.foxsports.com/nba/story/miami-heat-edge-indiana-pacers-012315","preview":"http://www.foxsports.com/nba/story/pacers-heat-preview-012215","odds":"/nba/odds#28358","tickets":"http://www.awin1.com/cread.php?awinmid=4292&awinaffid=143258&clickref=nba&p=http://www.ticketsnow.com/InventoryBrowse/TicketList.aspx?PID=1606484"}},{"Id":27949,"GameState":2,"Date":"2015-01-23 20:00","SeasonType":1,"GameType":1,"AwayTeamId":9,"AwayLeader":"A Davis 21 pts","HomeTeamId":18,"HomeLeader":"T Young 15 pts","AwayRecord":"22-21","HomeRecord":"7-35","AwayScore":92,"HomeScore":84,"WinningTeamId":9,"Links":{"gametrax":"/nba/gameTrax?gameId=2015012316","boxscore":"/nba/boxscore?gameId=2015012316","recap":"http://www.foxsports.com/nba/story/davis-pelicans-grind-out-win-over-timberwolves-92-84-012315","preview":"http://www.foxsports.com/nba/story/pelicans-timberwolves-preview-012315","odds":"/nba/odds#27949","tickets":"http://www.awin1.com/cread.php?awinmid=4292&awinaffid=143258&clickref=nba&p=http://www.ticketsnow.com/InventoryBrowse/TicketList.aspx?PID=1606758"}},{"Id":28399,"GameState":2,"Date":"2015-01-23 20:00","SeasonType":1,"GameType":1,"AwayTeamId":10,"AwayLeader":"J Butler 20 pts","HomeTeamId":15,"HomeLeader":"D Nowitzki 24 pts","AwayRecord":"29-16","HomeRecord":"30-14","AwayScore":102,"HomeScore":98,"WinningTeamId":10,"Links":{"gametrax":"/nba/gameTrax?gameId=2015012306","boxscore":"/nba/boxscore?gameId=2015012306","recap":"http://www.foxsports.com/nba/story/chicago-bulls-top-dallas-mavericks-012315","preview":"http://www.foxsports.com/nba/story/bulls-mavericks-preview-012315","odds":"/nba/odds#28399","tickets":"http://www.awin1.com/cread.php?awinmid=4292&awinaffid=143258&clickref=nba&p=http://www.ticketsnow.com/InventoryBrowse/TicketList.aspx?PID=1606029"}},{"Id":28482,"GameState":2,"Date":"2015-01-23 20:30","SeasonType":1,"GameType":1,"AwayTeamId":23,"AwayLeader":"N Young 17 pts","HomeTeamId":19,"HomeLeader":"T Parker 17 pts","AwayRecord":"12-32","HomeRecord":"28-17","AwayScore":85,"HomeScore":99,"WinningTeamId":19,"Links":{"gametrax":"/nba/gameTrax?gameId=2015012324","boxscore":"/nba/boxscore?gameId=2015012324","recap":"http://www.foxsports.com/nba/story/san-antonio-spurs-rout-los-angeles-lakers-without-kobe-bryant-012315","preview":"http://www.foxsports.com/nba/story/lakers-spurs-preview-012315","odds":"/nba/odds#28482","tickets":"http://www.awin1.com/cread.php?awinmid=4292&awinaffid=143258&clickref=nba&p=http://www.ticketsnow.com/InventoryBrowse/TicketList.aspx?PID=1607351"}},{"Id":27827,"GameState":2,"Date":"2015-01-23 21:00","SeasonType":1,"GameType":1,"AwayTeamId":17,"AwayLeader":"J Harden 33 pts","HomeTeamId":24,"HomeLeader":"E Bledsoe 25 pts","AwayRecord":"30-14","HomeRecord":"26-19","AwayScore":113,"HomeScore":111,"WinningTeamId":17,"Links":{"gametrax":"/nba/gameTrax?gameId=2015012321","boxscore":"/nba/boxscore?gameId=2015012321","recap":"http://www.foxsports.com/nba/story/houston-rockets-beat-phoenix-suns-james-harden-stars-dwight-howard-injured-012315","preview":"http://www.foxsports.com/nba/story/rockets-suns-preview-012215","odds":"/nba/odds#27827","tickets":"http://www.awin1.com/cread.php?awinmid=4292&awinaffid=143258&clickref=nba&p=http://www.ticketsnow.com/InventoryBrowse/TicketList.aspx?PID=1607257"}},{"Id":28155,"GameState":2,"Date":"2015-01-23 21:00","SeasonType":1,"GameType":1,"AwayTeamId":1,"AwayLeader":"A Bradley 18 pts","HomeTeamId":16,"HomeLeader":"J Nelson 23 pts","AwayRecord":"15-26","HomeRecord":"18-25","AwayScore":100,"HomeScore":99,"WinningTeamId":1,"Links":{"gametrax":"/nba/gameTrax?gameId=2015012307","boxscore":"/nba/boxscore?gameId=2015012307","recap":"http://www.foxsports.com/nba/story/boston-celtics-beat-denver-nuggets-012315","preview":"http://www.foxsports.com/nba/story/celtics-nuggets-preview-012315","odds":"/nba/odds#28155","tickets":"http://www.awin1.com/cread.php?awinmid=4292&awinaffid=143258&clickref=nba&p=http://www.ticketsnow.com/InventoryBrowse/TicketList.aspx?PID=1607490"}},{"Id":27703,"GameState":2,"Date":"2015-01-23 22:30","SeasonType":1,"GameType":1,"AwayTeamId":26,"AwayLeader":"D Cousins 28 pts","HomeTeamId":21,"HomeLeader":"K Thompson 52 pts","AwayRecord":"16-27","HomeRecord":"35-6","AwayScore":101,"HomeScore":126,"WinningTeamId":21,"Links":{"gametrax":"/nba/gameTrax?gameId=2015012309","boxscore":"/nba/boxscore?gameId=2015012309","recap":"http://www.foxsports.com/nba/story/thompsons-record-3rd-quarter-leads-warriors-past-kings-012415","preview":"http://www.foxsports.com/nba/story/kings-warriors-preview-012215","odds":"/nba/odds#27703","tickets":"http://www.awin1.com/cread.php?awinmid=4292&awinaffid=143258&clickref=nba&p=http://www.ticketsnow.com/InventoryBrowse/TicketList.aspx?PID=1606219"}}]