[{"Id":27784,"GameState":2,"Date":"2015-01-10 13:00","SeasonType":1,"GameType":1,"AwayTeamId":32,"AwayLeader":"K Walker 28 pts","HomeTeamId":4,"HomeLeader":"Q Acy 18 pts","AwayRecord":"15-24","HomeRecord":"5-35","AwayScore":110,"HomeScore":82,"WinningTeamId":32,"Links":{"gametrax":"/nba/gameTrax?gameId=2015011018","boxscore":"/nba/boxscore?gameId=2015011018","recap":"http://www.foxsports.com/nba/story/charlotte-hornets-clobber-new-york-knicks-for-15th-straight-loss-011015","preview":"http://www.foxsports.com/nba/story/hornets-knicks-preview-010915","odds":"/nba/odds#27784","tickets":"http://www.awin1.com/cread.php?awinmid=4292&awinaffid=143258&clickref=nba&p=http://www.ticketsnow.com/InventoryBrowse/TicketList.aspx?PID=1607033"}},{"Id":28195,"GameState":2,"Date":"2015-01-10 15:30","SeasonType":1,"GameType":1,"AwayTeamId":15,"AwayLeader":"D Nowitzki 25 pts","HomeTeamId":22,"HomeLeader":"B Griffin 22 pts","AwayRecord":"26-12","HomeRecord":"25-12","AwayScore":100,"HomeScore":120,"WinningTeamId":22,"Links":{"gametrax":"/nba/gameTrax?gameId=2015011012","boxscore":"/nba/boxscore?gameId=2015011012","recap":"http://www.foxsports.com/nba/story/clippers-thrash-mavericks-120-100-for-6th-win-in-8-games-011015","preview":"http://www.foxsports.com/nba/story/mavericks-clippers-preview-010915","odds":"/nba/odds#28195","tickets":"http://www.awin1.com/cread.php?awinmid=4292&awinaffid=143258&clickref=nba&p=http://www.ticketsnow.com/InventoryBrowse/TicketList.aspx?PID=1607786"}},{"Id":27658,"GameState":2,"Date":"2015-01-10 19:30","SeasonType":1,"GameType":1,"AwayTeamId":13,"AwayLeader":"D West 28 pts","HomeTeamId":6,"HomeLeader":"T Wroten 20 pts","AwayRecord":"15-24","HomeRecord":"7-29","AwayScore":92,"HomeScore":93,"WinningTeamId":6,"Links":{"gametrax":"/nba/gameTrax?gameId=2015011020","boxscore":"/nba/boxscore?gameId=2015011020","recap":"http://www.foxsports.com/nba/story/philadelphia-76ers-michael-carter-williams-beat-indiana-pacers-with-lay-up-011015","preview":"http://www.foxsports.com/nba/story/pacers-76ers-preview-011015","odds":"/nba/odds#27658","tickets":"http://www.awin1.com/cread.php?awinmid=4292&awinaffid=143258&clickref=nba&p=http://www.ticketsnow.com/InventoryBrowse/TicketList.aspx?PID=1607582"}},{"Id":27742,"GameState":2,"Date":"2015-01-10 19:30","SeasonType":1,"GameType":1,"AwayTeamId":3,"AwayLeader":"J Johnson 17 pts","HomeTeamId":12,"HomeLeader":"B Jennings 20 pts","AwayRecord":"16-21","HomeRecord":"13-24","AwayScore":93,"HomeScore":98,"WinningTeamId":12,"Links":{"gametrax":"/nba/gameTrax?gameId=2015011008","boxscore":"/nba/boxscore?gameId=2015011008","recap":"http://www.foxsports.com/nba/story/detroit-pistons-beat-brooklyn-nets-get-back-in-win-column-011015","preview":"#","odds":"/nba/odds#27742","tickets":"http://www.awin1.com/cread.php?awinmid=4292&awinaffid=143258&clickref=nba&p=http://www.ticketsnow.com/InventoryBrowse/TicketList.aspx?PID=1606166"}},{"Id":28110,"GameState":2,"Date":"2015-01-10 19:30","SeasonType":1,"GameType":1,"AwayTeamId":1,"AwayLeader":"K Olynyk 23 pts","HomeTeamId":30,"HomeLeader":"K Lowry 19 pts","AwayRecord":"12-23","HomeRecord":"25-11","AwayScore":96,"HomeScore":109,"WinningTeamId":30,"Links":{"gametrax":"/nba/gameTrax?gameId=2015011028","boxscore":"/nba/boxscore?gameId=2015011028","recap":"http://www.foxsports.com/nba/story/toronto-raptors-beat-boston-celtics-to-snap-losing-streak-011015","preview":"http://www.foxsports.com/nba/story/celtics-raptors-preview-010915","odds":"/nba/odds#28110"}},{"Id":27947,"GameState":2,"Date":"2015-01-10 20:00","SeasonType":1,"GameType":1,"AwayTeamId":19,"AwayLeader":"A Daye 22 pts","HomeTeamId":18,"HomeLeader":"Z LaVine 19 pts","AwayRecord":"23-15","HomeRecord":"5-31","AwayScore":108,"HomeScore":93,"WinningTeamId":19,"Links":{"gametrax":"/nba/gameTrax?gameId=2015011016","boxscore":"/nba/boxscore?gameId=2015011016","recap":"http://www.foxsports.com/nba/story/spurs-give-timberwolves-15th-straight-loss-108-93-011015","preview":"http://www.foxsports.com/nba/story/spurs-timberwolves-preview-011015","odds":"/nba/odds#27947","tickets":"http://www.awin1.com/cread.php?awinmid=4292&awinaffid=143258&clickref=nba&p=http://www.ticketsnow.com/InventoryBrowse/TicketList.aspx?PID=1606756"}},{"Id":27988,"GameState":2,"Date":"2015-01-10 20:00","SeasonType":1,"GameType":1,"AwayTeamId":14,"AwayLeader":"B Knight 20 pts","HomeTeamId":10,"HomeLeader":"P Gasol 46 pts","AwayRecord":"20-19","HomeRecord":"26-12","AwayScore":87,"HomeScore":95,"WinningTeamId":10,"Links":{"gametrax":"/nba/gameTrax?gameId=2015011004","boxscore":"/nba/boxscore?gameId=2015011004","recap":"http://www.foxsports.com/nba/story/chicago-bulls-pau-gasol-huge-game-beats-milwaukee-bucks-011015","preview":"#","odds":"/nba/odds#27988","tickets":"http://www.awin1.com/cread.php?awinmid=4292&awinaffid=143258&clickref=nba&p=http://www.ticketsnow.com/InventoryBrowse/TicketList.aspx?PID=1605980"}},{"Id":28520,"GameState":2,"Date":"2015-01-10 20:00","SeasonType":1,"GameType":1,"AwayTeamId":20,"AwayLeader":"E Kanter 16 pts","HomeTeamId":17,"HomeLeader":"J Harden 30 pts","AwayRecord":"13-25","HomeRecord":"26-11","AwayScore":82,"HomeScore":97,"WinningTeamId":17,"Links":{"gametrax":"/nba/gameTrax?gameId=2015011010","boxscore":"/nba/boxscore?gameId=2015011010","recap":"http://www.foxsports.com/nba/story/rockets-win-3rd-straight-97-82-over-jazz-harden-has-30-011115","preview":"http://www.foxsports.com/nba/story/jazz-rockets-preview-011015","odds":"/nba/odds#28520","tickets":"http://www.awin1.com/cread.php?awinmid=4292&awinaffid=143258&clickref=nba&p=http://www.ticketsnow.com/InventoryBrowse/TicketList.aspx?PID=1607537"}},{"Id":28031,"GameState":2,"Date":"2015-01-10 22:00","SeasonType":1,"GameType":1,"AwayTeamId":5,"AwayLeader":"N Vucevic 34 pts","HomeTeamId":25,"HomeLeader":"L Aldridge 25 pts","AwayRecord":"13-27","HomeRecord":"29-8","AwayScore":92,"HomeScore":103,"WinningTeamId":25,"Links":{"gametrax":"/nba/gameTrax?gameId=2015011022","boxscore":"/nba/boxscore?gameId=2015011022","recap":"http://www.foxsports.com/nba/story/portland-trail-blazers-beat-orlando-magic-lamarcus-aldridge-nikola-vucevic-011115","preview":"http://www.foxsports.com/nba/story/magic-trail-blazers-preview-011015","odds":"/nba/odds#28031","tickets":"http://www.awin1.com/cread.php?awinmid=4292&awinaffid=143258&clickref=nba&p=http://www.ticketsnow.com/InventoryBrowse/TicketList.aspx?PID=1607670"}}]