[{"Id":28317,"GameState":2,"Date":"2015-01-29 19:00","SeasonType":1,"GameType":1,"AwayTeamId":4,"AwayLeader":"C Anthony 18 pts","HomeTeamId":13,"HomeLeader":"R Stuckey 22 pts","AwayRecord":"9-38","HomeRecord":"17-31","AwayScore":82,"HomeScore":103,"WinningTeamId":13,"Links":{"gametrax":"/nba/gameTrax?gameId=2015012911","boxscore":"/nba/boxscore?gameId=2015012911","recap":"http://www.foxsports.com/nba/story/pacers-shrug-off-slow-start-pull-away-from-knicks-103-82-012915","preview":"http://www.foxsports.com/nba/story/knicks-pacers-preview-012915","odds":"/nba/odds#28317","tickets":"http://www.awin1.com/cread.php?awinmid=4292&awinaffid=143258&clickref=nba&p=http://www.ticketsnow.com/InventoryBrowse/TicketList.aspx?PID=1606267"}},{"Id":28686,"GameState":2,"Date":"2015-01-29 19:00","SeasonType":1,"GameType":1,"AwayTeamId":14,"AwayLeader":"J Bayless 19 pts","HomeTeamId":5,"HomeLeader":"V Oladipo 21 pts","AwayRecord":"24-22","HomeRecord":"15-34","AwayScore":115,"HomeScore":100,"WinningTeamId":14,"Links":{"gametrax":"/nba/gameTrax?gameId=2015012919","boxscore":"/nba/boxscore?gameId=2015012919","recap":"http://www.foxsports.com/nba/story/bucks-end-17-game-skid-in-orlando-beat-magic-115-100-012915","preview":"http://www.foxsports.com/nba/story/bucks-magic-preview-012815","odds":"/nba/odds#28686","tickets":"http://www.awin1.com/cread.php?awinmid=4292&awinaffid=143258&clickref=nba&p=http://www.ticketsnow.com/InventoryBrowse/TicketList.aspx?PID=1607189"}},{"Id":28567,"GameState":2,"Date":"2015-01-29 20:00","SeasonType":1,"GameType":1,"AwayTeamId":16,"AwayLeader":"K Faried 10 pts","HomeTeamId":31,"HomeLeader":"Z Randolph 15 pts","AwayRecord":"19-28","HomeRecord":"34-12","AwayScore":69,"HomeScore":99,"WinningTeamId":31,"Links":{"gametrax":"/nba/gameTrax?gameId=2015012929","boxscore":"/nba/boxscore?gameId=2015012929","recap":"http://www.foxsports.com/nba/story/randolphs-double-double-leads-grizzlies-over-nuggets-99-69-012915","preview":"http://www.foxsports.com/nba/story/nuggets-grizzlies-preview-012915","odds":"/nba/odds#28567","tickets":"http://www.awin1.com/cread.php?awinmid=4292&awinaffid=143258&clickref=nba&p=http://www.ticketsnow.com/InventoryBrowse/TicketList.aspx?PID=1606442"}},{"Id":28238,"GameState":2,"FinalText":"2OT","Date":"2015-01-29 22:30","SeasonType":1,"GameType":1,"AwayTeamId":10,"AwayLeader":"J Butler 35 pts","HomeTeamId":23,"HomeLeader":"J Hill 26 pts","AwayRecord":"30-18","HomeRecord":"13-34","AwayScore":118,"HomeScore":123,"WinningTeamId":23,"Links":{"gametrax":"/nba/gameTrax?gameId=2015012913","boxscore":"/nba/boxscore?gameId=2015012913","recap":"http://www.foxsports.com/nba/story/lakers-stop-9-game-skid-edge-bulls-in-double-ot-123-118-013015","preview":"http://www.foxsports.com/nba/story/bulls-lakers-preview-012815","odds":"/nba/odds#28238","tickets":"http://www.awin1.com/cread.php?awinmid=4292&awinaffid=143258&clickref=nba&p=http://www.ticketsnow.com/InventoryBrowse/TicketList.aspx?PID=1606395"}}]