[{"Id":27612,"GameState":2,"FinalText":"2OT","Date":"2014-12-08 19:00","SeasonType":1,"GameType":1,"AwayTeamId":1,"AwayLeader":"J Green 28 pts","HomeTeamId":7,"HomeLeader":"P Pierce 28 pts","AwayRecord":"7-12","HomeRecord":"14-6","AwayScore":132,"HomeScore":133,"WinningTeamId":7,"Links":{"gametrax":"/nba/gameTrax?gameId=2014120827","boxscore":"/nba/boxscore?gameId=2014120827","recap":"http://www.foxsports.com/nba/story/john-wall-cries-girl-died-cancer-washington-wizards-beat-boston-celtics-double-ot-120814","preview":"http://www.foxsports.com/nba/story/celtics-wizards-preview-120714","odds":"/nba/odds#27612","tickets":"http://www.awin1.com/cread.php?awinmid=4292&awinaffid=143258&clickref=nba&p=http://www.ticketsnow.com/InventoryBrowse/TicketList.aspx?PID=1607384"}},{"Id":28306,"GameState":2,"Date":"2014-12-08 19:00","SeasonType":1,"GameType":1,"AwayTeamId":8,"AwayLeader":"A Horford 25 pts","HomeTeamId":13,"HomeLeader":"R Stuckey 15 pts","AwayRecord":"14-6","HomeRecord":"7-14","AwayScore":108,"HomeScore":92,"WinningTeamId":8,"Links":{"gametrax":"/nba/gameTrax?gameId=2014120811","boxscore":"/nba/boxscore?gameId=2014120811","recap":"http://www.foxsports.com/nba/story/horford-leads-hawks-over-pacers-108-82-120814","preview":"http://www.foxsports.com/nba/story/hawks-pacers-preview-120714","odds":"/nba/odds#28306","tickets":"http://www.awin1.com/cread.php?awinmid=4292&awinaffid=143258&clickref=nba&p=http://www.ticketsnow.com/InventoryBrowse/TicketList.aspx?PID=1606256"}},{"Id":28104,"GameState":2,"FinalText":"OT","Date":"2014-12-08 19:30","SeasonType":1,"GameType":1,"AwayTeamId":16,"AwayLeader":"A Afflalo 25 pts","HomeTeamId":30,"HomeLeader":"L Williams 26 pts","AwayRecord":"9-12","HomeRecord":"16-5","AwayScore":107,"HomeScore":112,"WinningTeamId":30,"Links":{"gametrax":"/nba/gameTrax?gameId=2014120828","boxscore":"/nba/boxscore?gameId=2014120828","recap":"http://www.foxsports.com/nba/story/lowry-helps-raptors-beat-nuggets-112-107-in-ot-120814","preview":"http://www.foxsports.com/nba/story/nuggets-raptors-preview-120714","odds":"/nba/odds#28104"}},{"Id":28717,"GameState":2,"Date":"2014-12-08 19:30","SeasonType":1,"GameType":1,"AwayTeamId":11,"AwayLeader":"D Waiters 26 pts","HomeTeamId":3,"HomeLeader":"K Garnett 14 pts","AwayRecord":"12-7","HomeRecord":"8-11","AwayScore":110,"HomeScore":88,"WinningTeamId":11,"Links":{"gametrax":"/nba/gameTrax?gameId=2014120817","boxscore":"/nba/boxscore?gameId=2014120817","recap":"http://www.foxsports.com/nba/story/lebron-cavs-roll-in-front-of-royal-audience-120814","preview":"http://www.foxsports.com/nba/story/cavaliers-nets-preview-120714","odds":"/nba/odds#28717","tickets":"http://www.awin1.com/cread.php?awinmid=4292&awinaffid=143258&clickref=nba&p=http://www.ticketsnow.com/InventoryBrowse/TicketList.aspx?PID=1605446"}},{"Id":27938,"GameState":2,"Date":"2014-12-08 20:00","SeasonType":1,"GameType":1,"AwayTeamId":21,"AwayLeader":"S Curry 21 pts","HomeTeamId":18,"HomeLeader":"A Wiggins 21 pts","AwayRecord":"18-2","HomeRecord":"4-16","AwayScore":102,"HomeScore":86,"WinningTeamId":21,"Links":{"gametrax":"/nba/gameTrax?gameId=2014120816","boxscore":"/nba/boxscore?gameId=2014120816","recap":"http://www.foxsports.com/nba/story/warriors-beat-wolves-for-13th-straight-win-120814","preview":"http://www.foxsports.com/nba/story/warriors-timberwolves-preview-120714","odds":"/nba/odds#27938","tickets":"http://www.awin1.com/cread.php?awinmid=4292&awinaffid=143258&clickref=nba&p=http://www.ticketsnow.com/InventoryBrowse/TicketList.aspx?PID=1606747"}},{"Id":27858,"GameState":2,"Date":"2014-12-08 22:00","SeasonType":1,"GameType":1,"AwayTeamId":20,"AwayLeader":"G Hayward 19 pts","HomeTeamId":26,"HomeLeader":"R Gay 29 pts","AwayRecord":"5-16","HomeRecord":"11-10","AwayScore":92,"HomeScore":101,"WinningTeamId":26,"Links":{"gametrax":"/nba/gameTrax?gameId=2014120823","boxscore":"/nba/boxscore?gameId=2014120823","recap":"http://www.foxsports.com/nba/story/sacramento-kings-beat-jazz-101-92-without-cousins-120914","preview":"http://www.foxsports.com/nba/story/jazz-kings-preview-120714","odds":"/nba/odds#27858","tickets":"http://www.awin1.com/cread.php?awinmid=4292&awinaffid=143258&clickref=nba&p=http://www.ticketsnow.com/InventoryBrowse/TicketList.aspx?PID=1607296"}},{"Id":28184,"GameState":2,"FinalText":"OT","Date":"2014-12-08 22:30","SeasonType":1,"GameType":1,"AwayTeamId":24,"AwayLeader":"E Bledsoe 27 pts","HomeTeamId":22,"HomeLeader":"B Griffin 45 pts","AwayRecord":"12-10","HomeRecord":"15-5","AwayScore":120,"HomeScore":121,"WinningTeamId":22,"Links":{"gametrax":"/nba/gameTrax?gameId=2014120812","boxscore":"/nba/boxscore?gameId=2014120812","recap":"http://www.foxsports.com/nba/story/blake-griffin-game-winning-3-pointer-clippers-beat-suns-120914","preview":"http://www.foxsports.com/nba/story/suns-clippers-preview-120714","odds":"/nba/odds#28184","tickets":"http://www.awin1.com/cread.php?awinmid=4292&awinaffid=143258&clickref=nba&p=http://www.ticketsnow.com/InventoryBrowse/TicketList.aspx?PID=1606310"}}]