[{"Id":27771,"GameState":2,"Date":"2014-11-16 13:00","SeasonType":1,"GameType":1,"AwayTeamId":16,"AwayLeader":"A Afflalo 18 pts","HomeTeamId":4,"HomeLeader":"C Anthony 28 pts","AwayRecord":"2-7","HomeRecord":"3-8","AwayScore":93,"HomeScore":109,"WinningTeamId":4,"Links":{"gametrax":"/nba/gameTrax?gameId=2014111618","boxscore":"/nba/boxscore?gameId=2014111618","recap":"http://www.foxsports.com/nba/story/new-york-knicks-top-denver-nuggets-to-end-7-game-losing-streak-carmelo-anthony-and-j-r-smith-score-28-points-each-111614","preview":"http://www.foxsports.com/nba/story/nuggets-knicks-preview-111514","odds":"/nba/odds#27771","tickets":"http://www.awin1.com/cread.php?awinmid=4292&awinaffid=143258&clickref=nba&p=http://www.ticketsnow.com/InventoryBrowse/TicketList.aspx?PID=1607019"}},{"Id":28343,"GameState":2,"Date":"2014-11-16 18:00","SeasonType":1,"GameType":1,"AwayTeamId":14,"AwayLeader":"B Knight 20 pts","HomeTeamId":2,"HomeLeader":"M Chalmers 18 pts","AwayRecord":"5-5","HomeRecord":"5-5","AwayScore":91,"HomeScore":84,"WinningTeamId":14,"Links":{"gametrax":"/nba/gameTrax?gameId=2014111614","boxscore":"/nba/boxscore?gameId=2014111614","recap":"http://www.foxsports.com/nba/story/bucks-hold-off-struggling-heat-91-84-111614","preview":"#","odds":"/nba/odds#28343","tickets":"http://www.awin1.com/cread.php?awinmid=4292&awinaffid=143258&clickref=nba&p=http://www.ticketsnow.com/InventoryBrowse/TicketList.aspx?PID=1606469"}},{"Id":28588,"GameState":2,"Date":"2014-11-16 19:00","SeasonType":1,"GameType":1,"AwayTeamId":17,"AwayLeader":"J Harden 19 pts","HomeTeamId":27,"HomeLeader":"R Jackson 15 pts","AwayRecord":"9-1","HomeRecord":"3-8","AwayScore":69,"HomeScore":65,"WinningTeamId":17,"Links":{"gametrax":"/nba/gameTrax?gameId=2014111625","boxscore":"/nba/boxscore?gameId=2014111625","recap":"http://www.foxsports.com/nba/story/houston-rockets-down-oklahoma-city-thunder-while-scoring-only-69-points-111614","preview":"http://www.foxsports.com/nba/story/rockets-thunder-preview-111614","odds":"/nba/odds#28588","tickets":"http://www.awin1.com/cread.php?awinmid=4292&awinaffid=143258&clickref=nba&p=http://www.ticketsnow.com/InventoryBrowse/TicketList.aspx?PID=1607124"}},{"Id":28220,"GameState":2,"Date":"2014-11-16 21:30","SeasonType":1,"GameType":1,"AwayTeamId":21,"AwayLeader":"S Curry 30 pts","HomeTeamId":23,"HomeLeader":"K Bryant 44 pts","AwayRecord":"8-2","HomeRecord":"1-9","AwayScore":136,"HomeScore":115,"WinningTeamId":21,"Links":{"gametrax":"/nba/gameTrax?gameId=2014111613","boxscore":"/nba/boxscore?gameId=2014111613","recap":"http://www.foxsports.com/nba/story/kobe-bryant-scores-44-points-in-los-angeles-lakers-loss-to-golden-state-warriors-111714","preview":"#","odds":"/nba/odds#28220","tickets":"http://www.awin1.com/cread.php?awinmid=4292&awinaffid=143258&clickref=nba&p=http://www.ticketsnow.com/InventoryBrowse/TicketList.aspx?PID=1606377"}}]