[{"Id":28503,"GameState":2,"Date":"2014-11-06 20:00","SeasonType":1,"GameType":1,"AwayTeamId":19,"AwayLeader":"C Joseph 18 pts","HomeTeamId":17,"HomeLeader":"D Howard 32 pts","AwayRecord":"2-2","HomeRecord":"6-0","AwayScore":81,"HomeScore":98,"WinningTeamId":17,"Links":{"gametrax":"/nba/gameTrax?gameId=2014110610","boxscore":"/nba/boxscore?gameId=2014110610","recap":"http://www.foxsports.com/nba/story/rockets-stop-spurs-98-81-110614","preview":"http://www.foxsports.com/nba/story/spurs-rockets-preview-110614","odds":"/nba/odds#28503","tickets":"http://www.awin1.com/cread.php?awinmid=4292&awinaffid=143258&clickref=nba&p=http://www.ticketsnow.com/InventoryBrowse/TicketList.aspx?PID=1607520"}},{"Id":28014,"GameState":2,"Date":"2014-11-06 22:30","SeasonType":1,"GameType":1,"AwayTeamId":15,"AwayLeader":"D Nowitzki 17 pts","HomeTeamId":25,"HomeLeader":"L Aldridge 20 pts","AwayRecord":"3-2","HomeRecord":"3-2","AwayScore":87,"HomeScore":108,"WinningTeamId":25,"Links":{"gametrax":"/nba/gameTrax?gameId=2014110622","boxscore":"/nba/boxscore?gameId=2014110622","recap":"http://www.foxsports.com/nba/story/lamarcus-aldridge-has-20-in-trail-blazers-win-over-mavericks-110714","preview":"http://www.foxsports.com/nba/story/mavericks-trail-blazers-preview-110514","odds":"/nba/odds#28014","tickets":"http://www.awin1.com/cread.php?awinmid=4292&awinaffid=143258&clickref=nba&p=http://www.ticketsnow.com/InventoryBrowse/TicketList.aspx?PID=1607654"}}]