[{"Id":27661,"GameState":2,"Date":"2015-01-21 19:00","SeasonType":1,"GameType":1,"AwayTeamId":4,"AwayLeader":"C Anthony 27 pts","HomeTeamId":6,"HomeLeader":"M Carter-Williams 27 pts","AwayRecord":"7-36","HomeRecord":"8-34","AwayScore":98,"HomeScore":91,"WinningTeamId":4,"Links":{"gametrax":"/nba/gameTrax?gameId=2015012120","boxscore":"/nba/boxscore?gameId=2015012120","recap":"http://www.foxsports.com/nba/story/new-york-knicks-beat-philadelphia-76ers-for-second-straight-win-carmelo-anthony-scores-27-012115","preview":"http://www.foxsports.com/nba/story/knicks-76ers-preview-012015","odds":"/nba/odds#27661","tickets":"http://www.awin1.com/cread.php?awinmid=4292&awinaffid=143258&clickref=nba&p=http://www.ticketsnow.com/InventoryBrowse/TicketList.aspx?PID=1607585"}},{"Id":27910,"GameState":2,"Date":"2015-01-21 19:00","SeasonType":1,"GameType":1,"AwayTeamId":20,"AwayLeader":"E Kanter 24 pts","HomeTeamId":11,"HomeLeader":"L James 26 pts","AwayRecord":"14-28","HomeRecord":"23-20","AwayScore":92,"HomeScore":106,"WinningTeamId":11,"Links":{"gametrax":"/nba/gameTrax?gameId=2015012105","boxscore":"/nba/boxscore?gameId=2015012105","recap":"http://www.foxsports.com/nba/story/lebron-james-shakes-off-flu-leads-cleveland-cavaliers-over-utah-jazz-for-fourth-straight-win-012115","preview":"http://www.foxsports.com/nba/story/jazz-cavaliers-preview-012015","odds":"/nba/odds#27910","tickets":"http://www.awin1.com/cread.php?awinmid=4292&awinaffid=143258&clickref=nba&p=http://www.ticketsnow.com/InventoryBrowse/TicketList.aspx?PID=1607439"}},{"Id":28648,"GameState":2,"Date":"2015-01-21 19:00","SeasonType":1,"GameType":1,"AwayTeamId":2,"AwayLeader":"D Wade 17 pts","HomeTeamId":32,"HomeLeader":"K Walker 15 pts","AwayRecord":"18-24","HomeRecord":"18-25","AwayScore":76,"HomeScore":78,"WinningTeamId":32,"Links":{"gametrax":"/nba/gameTrax?gameId=2015012130","boxscore":"/nba/boxscore?gameId=2015012130","recap":"http://www.foxsports.com/nba/story/charlotte-hornets-beat-miami-heat-as-kemba-walker-returns-with-15-points-012115","preview":"http://www.foxsports.com/nba/story/heat-hornets-preview-012115","odds":"/nba/odds#28648","tickets":"http://www.awin1.com/cread.php?awinmid=4292&awinaffid=143258&clickref=nba&p=http://www.ticketsnow.com/InventoryBrowse/TicketList.aspx?PID=1605940"}},{"Id":27745,"GameState":2,"Date":"2015-01-21 19:30","SeasonType":1,"GameType":1,"AwayTeamId":5,"AwayLeader":"N Vucevic 26 pts","HomeTeamId":12,"HomeLeader":"A Drummond 26 pts","AwayRecord":"15-30","HomeRecord":"17-26","AwayScore":118,"HomeScore":128,"WinningTeamId":12,"Links":{"gametrax":"/nba/gameTrax?gameId=2015012108","boxscore":"/nba/boxscore?gameId=2015012108","recap":"http://www.foxsports.com/nba/story/brandon-jennings-has-career-high-21-assists-in-detroit-pistons-win-over-orlando-magic-012115","preview":"http://www.foxsports.com/nba/story/magic-pistons-preview-012015","odds":"/nba/odds#27745","tickets":"http://www.awin1.com/cread.php?awinmid=4292&awinaffid=143258&clickref=nba&p=http://www.ticketsnow.com/InventoryBrowse/TicketList.aspx?PID=1606169"}},{"Id":28276,"GameState":2,"Date":"2015-01-21 19:30","SeasonType":1,"GameType":1,"AwayTeamId":13,"AwayLeader":"C Miles 18 pts","HomeTeamId":8,"HomeLeader":"J Teague 17 pts","AwayRecord":"15-29","HomeRecord":"35-8","AwayScore":91,"HomeScore":110,"WinningTeamId":8,"Links":{"gametrax":"/nba/gameTrax?gameId=2015012101","boxscore":"/nba/boxscore?gameId=2015012101","recap":"http://www.foxsports.com/nba/story/atlanta-hawks-beat-indiana-pacers-for-14th-straight-win-mike-budenholzer-clinches-all-star-coaching-gig-012115","preview":"http://www.foxsports.com/nba/story/pacers-hawks-preview-012015","odds":"/nba/odds#28276","tickets":"http://www.awin1.com/cread.php?awinmid=4292&awinaffid=143258&clickref=nba&p=http://www.ticketsnow.com/InventoryBrowse/TicketList.aspx?PID=1605833"}},{"Id":27624,"GameState":2,"FinalText":"OT","Date":"2015-01-21 20:00","SeasonType":1,"GameType":1,"AwayTeamId":27,"AwayLeader":"K Durant 34 pts","HomeTeamId":7,"HomeLeader":"N Hilario 24 pts","AwayRecord":"22-20","HomeRecord":"29-14","AwayScore":105,"HomeScore":103,"WinningTeamId":27,"Links":{"gametrax":"/nba/gameTrax?gameId=2015012127","boxscore":"/nba/boxscore?gameId=2015012127","recap":"http://www.foxsports.com/nba/story/russell-westbrook-layup-lifts-oklahoma-city-thunder-over-washington-wizards-012115","preview":"http://www.foxsports.com/nba/story/thunder-wizards-preview-012115","odds":"/nba/odds#27624","tickets":"http://www.awin1.com/cread.php?awinmid=4292&awinaffid=143258&clickref=nba&p=http://www.ticketsnow.com/InventoryBrowse/TicketList.aspx?PID=1607396"}},{"Id":27948,"GameState":2,"Date":"2015-01-21 20:00","SeasonType":1,"GameType":1,"AwayTeamId":15,"AwayLeader":"C Parsons 22 pts","HomeTeamId":18,"HomeLeader":"A Wiggins 18 pts","AwayRecord":"30-13","HomeRecord":"7-34","AwayScore":98,"HomeScore":75,"WinningTeamId":15,"Links":{"gametrax":"/nba/gameTrax?gameId=2015012116","boxscore":"/nba/boxscore?gameId=2015012116","recap":"http://www.foxsports.com/nba/story/dallas-mavericks-roll-over-minnesota-timberwolves-012115","preview":"http://www.foxsports.com/nba/story/mavericks-timberwolves-preview-012015","odds":"/nba/odds#27948","tickets":"http://www.awin1.com/cread.php?awinmid=4292&awinaffid=143258&clickref=nba&p=http://www.ticketsnow.com/InventoryBrowse/TicketList.aspx?PID=1606757"}},{"Id":28437,"GameState":2,"Date":"2015-01-21 20:00","SeasonType":1,"GameType":1,"AwayTeamId":23,"AwayLeader":"J Hill 15 pts","HomeTeamId":9,"HomeLeader":"A Davis 29 pts","AwayRecord":"12-31","HomeRecord":"21-21","AwayScore":80,"HomeScore":96,"WinningTeamId":9,"Links":{"gametrax":"/nba/gameTrax?gameId=2015012103","boxscore":"/nba/boxscore?gameId=2015012103","recap":"http://www.foxsports.com/nba/story/kobe-bryant-injures-shoulder-in-los-angeles-lakers-loss-to-new-orleans-pelicans-012115","preview":"http://www.foxsports.com/nba/story/lakers-pelicans-preview-012015","odds":"/nba/odds#28437","tickets":"http://www.awin1.com/cread.php?awinmid=4292&awinaffid=143258&clickref=nba&p=http://www.ticketsnow.com/InventoryBrowse/TicketList.aspx?PID=1606868"}},{"Id":28564,"GameState":2,"Date":"2015-01-21 20:00","SeasonType":1,"GameType":1,"AwayTeamId":30,"AwayLeader":"L Williams 21 pts","HomeTeamId":31,"HomeLeader":"M Gasol 26 pts","AwayRecord":"27-15","HomeRecord":"30-12","AwayScore":86,"HomeScore":92,"WinningTeamId":31,"Links":{"gametrax":"/nba/gameTrax?gameId=2015012129","boxscore":"/nba/boxscore?gameId=2015012129","recap":"http://www.foxsports.com/nba/story/memphis-grizzlies-down-reeling-toronto-raptors-012115","preview":"http://www.foxsports.com/nba/story/raptors-grizzlies-preview-012015","odds":"/nba/odds#28564","tickets":"http://www.awin1.com/cread.php?awinmid=4292&awinaffid=143258&clickref=nba&p=http://www.ticketsnow.com/InventoryBrowse/TicketList.aspx?PID=1606439"}},{"Id":27826,"GameState":2,"Date":"2015-01-21 21:00","SeasonType":1,"GameType":1,"AwayTeamId":25,"AwayLeader":"N Batum 27 pts","HomeTeamId":24,"HomeLeader":"E Bledsoe 33 pts","AwayRecord":"31-12","HomeRecord":"26-18","AwayScore":113,"HomeScore":118,"WinningTeamId":24,"Links":{"gametrax":"/nba/gameTrax?gameId=2015012121","boxscore":"/nba/boxscore?gameId=2015012121","recap":"http://www.foxsports.com/nba/story/phoenix-suns-top-portland-trail-blazers-012115","preview":"http://www.foxsports.com/nba/story/lamarcus-aldridge-to-skip-portland-trail-blazers-game-vs-phoenix-suns-because-of-thumb-injury-012015","odds":"/nba/odds#27826","tickets":"http://www.awin1.com/cread.php?awinmid=4292&awinaffid=143258&clickref=nba&p=http://www.ticketsnow.com/InventoryBrowse/TicketList.aspx?PID=1607256"}},{"Id":27872,"GameState":2,"Date":"2015-01-21 22:00","SeasonType":1,"GameType":1,"AwayTeamId":3,"AwayLeader":"B Lopez 22 pts","HomeTeamId":26,"HomeLeader":"D Cousins 28 pts","AwayRecord":"18-24","HomeRecord":"16-26","AwayScore":103,"HomeScore":100,"WinningTeamId":3,"Links":{"gametrax":"/nba/gameTrax?gameId=2015012123","boxscore":"/nba/boxscore?gameId=2015012123","recap":"http://www.foxsports.com/nba/story/brooklyn-nets-beat-sacramento-kings-012215","preview":"http://www.foxsports.com/nba/story/nets-kings-preview-012015","odds":"/nba/odds#27872","tickets":"http://www.awin1.com/cread.php?awinmid=4292&awinaffid=143258&clickref=nba&p=http://www.ticketsnow.com/InventoryBrowse/TicketList.aspx?PID=1607310"}},{"Id":27702,"GameState":2,"Date":"2015-01-21 22:30","SeasonType":1,"GameType":1,"AwayTeamId":17,"AwayLeader":"J Harden 33 pts","HomeTeamId":21,"HomeLeader":"K Thompson 27 pts","AwayRecord":"29-14","HomeRecord":"34-6","AwayScore":113,"HomeScore":126,"WinningTeamId":21,"Links":{"gametrax":"/nba/gameTrax?gameId=2015012109","boxscore":"/nba/boxscore?gameId=2015012109","recap":"http://www.foxsports.com/nba/story/golden-state-warriors-beat-houston-rockets-stephen-curry-gets-angry-012215","preview":"#","odds":"/nba/odds#27702","tickets":"http://www.awin1.com/cread.php?awinmid=4292&awinaffid=143258&clickref=nba&p=http://www.ticketsnow.com/InventoryBrowse/TicketList.aspx?PID=1606218"}}]