[{"Id":27905,"GameState":2,"Date":"2014-12-28 16:30","SeasonType":1,"GameType":1,"AwayTeamId":12,"AwayLeader":"B Jennings 25 pts","HomeTeamId":11,"HomeLeader":"K Love 20 pts","AwayRecord":"7-23","HomeRecord":"18-12","AwayScore":103,"HomeScore":80,"WinningTeamId":12,"Links":{"gametrax":"/nba/gameTrax?gameId=2014122805","boxscore":"/nba/boxscore?gameId=2014122805","recap":"http://www.foxsports.com/nba/story/detroit-pistons-blow-out-cleveland-cavaliers-lebron-james-scores-17-points-122814","preview":"http://www.foxsports.com/nba/story/pistons-cavaliers-preview-122714","odds":"/nba/odds#27905","tickets":"http://www.awin1.com/cread.php?awinmid=4292&awinaffid=143258&clickref=nba&p=http://www.ticketsnow.com/InventoryBrowse/TicketList.aspx?PID=1607434"}},{"Id":28475,"GameState":2,"Date":"2014-12-28 19:00","SeasonType":1,"GameType":1,"AwayTeamId":17,"AwayLeader":"J Harden 28 pts","HomeTeamId":19,"HomeLeader":"D Green 24 pts","AwayRecord":"21-8","HomeRecord":"19-13","AwayScore":106,"HomeScore":110,"WinningTeamId":19,"Links":{"gametrax":"/nba/gameTrax?gameId=2014122824","boxscore":"/nba/boxscore?gameId=2014122824","recap":"http://www.foxsports.com/nba/story/san-antonio-spurs-beat-houston-rockets-behind-24-points-from-danny-green-122814","preview":"#","odds":"/nba/odds#28475","tickets":"http://www.awin1.com/cread.php?awinmid=4292&awinaffid=143258&clickref=nba&p=http://www.ticketsnow.com/InventoryBrowse/TicketList.aspx?PID=1607344"}},{"Id":28395,"GameState":2,"Date":"2014-12-28 19:30","SeasonType":1,"GameType":1,"AwayTeamId":27,"AwayLeader":"S Ibaka 26 pts","HomeTeamId":15,"HomeLeader":"D Nowitzki 30 pts","AwayRecord":"15-17","HomeRecord":"22-10","AwayScore":107,"HomeScore":112,"WinningTeamId":15,"Links":{"gametrax":"/nba/gameTrax?gameId=2014122806","boxscore":"/nba/boxscore?gameId=2014122806","recap":"http://www.foxsports.com/nba/story/dallas-mavericks-beat-oklahoma-city-thunder-dirk-nowitzki-matches-season-high-with-30-points-122814","preview":"http://www.foxsports.com/nba/story/thunder-mavericks-preview-122714","odds":"/nba/odds#28395","tickets":"http://www.awin1.com/cread.php?awinmid=4292&awinaffid=143258&clickref=nba&p=http://www.ticketsnow.com/InventoryBrowse/TicketList.aspx?PID=1606025"}},{"Id":28026,"GameState":2,"Date":"2014-12-28 21:00","SeasonType":1,"GameType":1,"AwayTeamId":4,"AwayLeader":"T Hardaway Jr. 17 pts","HomeTeamId":25,"HomeLeader":"W Matthews 28 pts","AwayRecord":"5-28","HomeRecord":"25-7","AwayScore":79,"HomeScore":101,"WinningTeamId":25,"Links":{"gametrax":"/nba/gameTrax?gameId=2014122822","boxscore":"/nba/boxscore?gameId=2014122822","recap":"http://www.foxsports.com/nba/story/new-york-knicks-crumble-vs-portland-trail-blazers-carmelo-anthony-exits-with-sore-knee-122814","preview":"http://www.foxsports.com/nba/story/knicks-trail-blazers-preview-122814","odds":"/nba/odds#28026","tickets":"http://www.awin1.com/cread.php?awinmid=4292&awinaffid=143258&clickref=nba&p=http://www.ticketsnow.com/InventoryBrowse/TicketList.aspx?PID=1607665"}},{"Id":28148,"GameState":2,"Date":"2014-12-28 21:00","SeasonType":1,"GameType":1,"AwayTeamId":30,"AwayLeader":"L Williams 31 pts","HomeTeamId":16,"HomeLeader":"T Lawson 28 pts","AwayRecord":"24-7","HomeRecord":"13-18","AwayScore":116,"HomeScore":102,"WinningTeamId":30,"Links":{"gametrax":"/nba/gameTrax?gameId=2014122807","boxscore":"/nba/boxscore?gameId=2014122807","recap":"http://www.foxsports.com/nba/story/toronto-raptors-beat-denver-nuggets-behind-kyle-lowry-double-double-122814","preview":"http://www.foxsports.com/nba/story/raptors-nuggets-preview-122814","odds":"/nba/odds#28148","tickets":"http://www.awin1.com/cread.php?awinmid=4292&awinaffid=143258&clickref=nba&p=http://www.ticketsnow.com/InventoryBrowse/TicketList.aspx?PID=1607483"}},{"Id":28229,"GameState":2,"Date":"2014-12-28 21:30","SeasonType":1,"GameType":1,"AwayTeamId":24,"AwayLeader":"G Dragic 24 pts","HomeTeamId":23,"HomeLeader":"N Young 21 pts","AwayRecord":"18-14","HomeRecord":"9-22","AwayScore":116,"HomeScore":107,"WinningTeamId":24,"Links":{"gametrax":"/nba/gameTrax?gameId=2014122813","boxscore":"/nba/boxscore?gameId=2014122813","recap":"http://www.foxsports.com/nba/story/with-kobe-bryant-back-los-angeles-lakers-fall-to-phoenix-suns-122814","preview":"http://www.foxsports.com/nba/story/suns-lakers-preview-122714","odds":"/nba/odds#28229","tickets":"http://www.awin1.com/cread.php?awinmid=4292&awinaffid=143258&clickref=nba&p=http://www.ticketsnow.com/InventoryBrowse/TicketList.aspx?PID=1606386"}}]