[{"Id":28297,"GameState":2,"Date":"2014-10-29 19:00","SeasonType":1,"GameType":1,"AwayTeamId":6,"AwayLeader":"T Wroten 22 pts","HomeTeamId":13,"HomeLeader":"R Hibbert 22 pts","AwayRecord":"0-1","HomeRecord":"1-0","AwayScore":91,"HomeScore":103,"WinningTeamId":13,"Links":{"gametrax":"/nba/gameTrax?gameId=2014102911","boxscore":"/nba/boxscore?gameId=2014102911","recap":"http://www.foxsports.com/nba/story/hibbert-helps-pacers-pull-away-from-76ers-103-91-102914","preview":"http://www.foxsports.com/nba/story/76ers-pacers-preview-102814","odds":"/nba/odds#28297","tickets":"http://www.awin1.com/cread.php?awinmid=4292&awinaffid=143258&clickref=nba&p=http://www.ticketsnow.com/InventoryBrowse/TicketList.aspx?PID=1606247"}},{"Id":28625,"GameState":2,"FinalText":"OT","Date":"2014-10-29 19:00","SeasonType":1,"GameType":1,"AwayTeamId":14,"AwayLeader":"B Knight 22 pts","HomeTeamId":32,"HomeLeader":"K Walker 26 pts","AwayRecord":"0-1","HomeRecord":"1-0","AwayScore":106,"HomeScore":108,"WinningTeamId":32,"Links":{"gametrax":"/nba/gameTrax?gameId=2014102930","boxscore":"/nba/boxscore?gameId=2014102930","recap":"http://www.foxsports.com/nba/story/walker-lifts-hornets-over-bucks-in-ot-108-106-102914","preview":"http://www.foxsports.com/nba/story/bucks-hornets-preview-102914","odds":"/nba/odds#28625","tickets":"http://www.awin1.com/cread.php?awinmid=4292&awinaffid=143258&clickref=nba&p=http://www.ticketsnow.com/InventoryBrowse/TicketList.aspx?PID=1605917"}},{"Id":27519,"GameState":2,"Date":"2014-10-29 19:30","SeasonType":1,"GameType":1,"AwayTeamId":3,"AwayLeader":"M Teletovic 20 pts","HomeTeamId":1,"HomeLeader":"K Olynyk 19 pts","AwayRecord":"0-1","HomeRecord":"1-0","AwayScore":105,"HomeScore":121,"WinningTeamId":1,"Links":{"gametrax":"/nba/gameTrax?gameId=2014102902","boxscore":"/nba/boxscore?gameId=2014102902","recap":"http://www.foxsports.com/nba/story/rajon-rondo-dishes-12-assists-in-return-leads-boston-celtics-past-brooklyn-nets-102914","preview":"http://www.foxsports.com/nba/story/nets-celtics-preview-102814","odds":"/nba/odds#27519","tickets":"http://www.awin1.com/cread.php?awinmid=4292&awinaffid=143258&clickref=nba&p=http://www.ticketsnow.com/InventoryBrowse/TicketList.aspx?PID=1605862"}},{"Id":28092,"GameState":2,"Date":"2014-10-29 19:30","SeasonType":1,"GameType":1,"AwayTeamId":8,"AwayLeader":"M Scott 20 pts","HomeTeamId":30,"HomeLeader":"J Valanciunas 17 pts","AwayRecord":"0-1","HomeRecord":"1-0","AwayScore":102,"HomeScore":109,"WinningTeamId":30,"Links":{"gametrax":"/nba/gameTrax?gameId=2014102928","boxscore":"/nba/boxscore?gameId=2014102928","recap":"http://www.foxsports.com/nba/story/derozan-scores-15-points-raptors-heat-hawks-102914","preview":"http://www.foxsports.com/nba/story/hawks-raptors-preview-102814","odds":"/nba/odds#28092"}},{"Id":28338,"GameState":2,"Date":"2014-10-29 19:30","SeasonType":1,"GameType":1,"AwayTeamId":7,"AwayLeader":"M Gortat 18 pts","HomeTeamId":2,"HomeLeader":"C Bosh 26 pts","AwayRecord":"0-1","HomeRecord":"1-0","AwayScore":95,"HomeScore":107,"WinningTeamId":2,"Links":{"gametrax":"/nba/gameTrax?gameId=2014102914","boxscore":"/nba/boxscore?gameId=2014102914","recap":"http://www.foxsports.com/nba/story/chris-bosh-takes-over-as-miami-heat-beat-washington-wizards-in-first-game-after-lebron-james-departure-102914","preview":"http://www.foxsports.com/nba/story/wizards-heat-preview-102814","odds":"/nba/odds#28338","tickets":"http://www.awin1.com/cread.php?awinmid=4292&awinaffid=143258&clickref=nba&p=http://www.ticketsnow.com/InventoryBrowse/TicketList.aspx?PID=1606464"}},{"Id":27765,"GameState":2,"Date":"2014-10-29 20:00","SeasonType":1,"GameType":1,"AwayTeamId":10,"AwayLeader":"T Gibson 22 pts","HomeTeamId":4,"HomeLeader":"C Anthony 14 pts","AwayRecord":"1-0","HomeRecord":"0-1","AwayScore":104,"HomeScore":80,"WinningTeamId":10,"Links":{"gametrax":"/nba/gameTrax?gameId=2014102918","boxscore":"/nba/boxscore?gameId=2014102918","recap":"http://www.foxsports.com/nba/story/derrick-rose-directs-chicago-bulls-to-season-opening-win-over-new-york-knicks-102914","preview":"http://www.foxsports.com/nba/story/bulls-knicks-preview-102814","odds":"/nba/odds#27765","tickets":"http://www.awin1.com/cread.php?awinmid=4292&awinaffid=143258&clickref=nba&p=http://www.ticketsnow.com/InventoryBrowse/TicketList.aspx?PID=1607013"}},{"Id":28543,"GameState":2,"Date":"2014-10-29 20:00","SeasonType":1,"GameType":1,"AwayTeamId":18,"AwayLeader":"T Young 26 pts","HomeTeamId":31,"HomeLeader":"M Gasol 32 pts","AwayRecord":"0-1","HomeRecord":"1-0","AwayScore":101,"HomeScore":105,"WinningTeamId":31,"Links":{"gametrax":"/nba/gameTrax?gameId=2014102929","boxscore":"/nba/boxscore?gameId=2014102929","recap":"http://www.foxsports.com/nba/story/gasol-powers-memphis-past-minnesota-105-101-102914","preview":"http://www.foxsports.com/nba/story/timberwolves-grizzlies-preview-102814","odds":"/nba/odds#28543","tickets":"http://www.awin1.com/cread.php?awinmid=4292&awinaffid=143258&clickref=nba&p=http://www.ticketsnow.com/InventoryBrowse/TicketList.aspx?PID=1606418"}},{"Id":27560,"GameState":2,"Date":"2014-10-29 21:00","SeasonType":1,"GameType":1,"AwayTeamId":17,"AwayLeader":"D Howard 22 pts","HomeTeamId":20,"HomeLeader":"A Burks 18 pts","AwayRecord":"2-0","HomeRecord":"0-1","AwayScore":104,"HomeScore":93,"WinningTeamId":17,"Links":{"gametrax":"/nba/gameTrax?gameId=2014102926","boxscore":"/nba/boxscore?gameId=2014102926","recap":"http://www.foxsports.com/nba/story/rockets-spoil-snyders-nba-coaching-debut-102914","preview":"http://www.foxsports.com/nba/story/rockets-jazz-preview-102914","odds":"/nba/odds#27560","tickets":"http://www.awin1.com/cread.php?awinmid=4292&awinaffid=143258&clickref=nba&p=http://www.ticketsnow.com/InventoryBrowse/TicketList.aspx?PID=1607610"}},{"Id":28133,"GameState":2,"Date":"2014-10-29 21:00","SeasonType":1,"GameType":1,"AwayTeamId":12,"AwayLeader":"J Smith 25 pts","HomeTeamId":16,"HomeLeader":"K Faried 22 pts","AwayRecord":"0-1","HomeRecord":"1-0","AwayScore":79,"HomeScore":89,"WinningTeamId":16,"Links":{"gametrax":"/nba/gameTrax?gameId=2014102907","boxscore":"/nba/boxscore?gameId=2014102907","recap":"http://www.foxsports.com/nba/story/nuggets-open-with-89-79-win-over-pistons-103014","preview":"http://www.foxsports.com/nba/story/pistons-nuggets-preview-102814","odds":"/nba/odds#28133","tickets":"http://www.awin1.com/cread.php?awinmid=4292&awinaffid=143258&clickref=nba&p=http://www.ticketsnow.com/InventoryBrowse/TicketList.aspx?PID=1607468"}},{"Id":27807,"GameState":2,"Date":"2014-10-29 22:00","SeasonType":1,"GameType":1,"AwayTeamId":23,"AwayLeader":"K Bryant 31 pts","HomeTeamId":24,"HomeLeader":"I Thomas 23 pts","AwayRecord":"0-2","HomeRecord":"1-0","AwayScore":99,"HomeScore":119,"WinningTeamId":24,"Links":{"gametrax":"/nba/gameTrax?gameId=2014102921","boxscore":"/nba/boxscore?gameId=2014102921","recap":"http://www.foxsports.com/nba/story/suns-rout-lakers-despite-kobe-bryant-s-30-points-103014","preview":"http://www.foxsports.com/nba/story/lakers-suns-preview-102914","odds":"/nba/odds#27807","tickets":"http://www.awin1.com/cread.php?awinmid=4292&awinaffid=143258&clickref=nba&p=http://www.ticketsnow.com/InventoryBrowse/TicketList.aspx?PID=1607237"}},{"Id":27848,"GameState":2,"Date":"2014-10-29 22:00","SeasonType":1,"GameType":1,"AwayTeamId":21,"AwayLeader":"S Curry 24 pts","HomeTeamId":26,"HomeLeader":"D Cousins 20 pts","AwayRecord":"1-0","HomeRecord":"0-1","AwayScore":95,"HomeScore":77,"WinningTeamId":21,"Links":{"gametrax":"/nba/gameTrax?gameId=2014102923","boxscore":"/nba/boxscore?gameId=2014102923","recap":"http://www.foxsports.com/nba/story/warriors-whip-kings-in-season-opener-103014","preview":"http://www.foxsports.com/nba/story/warriors-kings-preview-102814","odds":"/nba/odds#27848","tickets":"http://www.awin1.com/cread.php?awinmid=4292&awinaffid=143258&clickref=nba&p=http://www.ticketsnow.com/InventoryBrowse/TicketList.aspx?PID=1607286"}},{"Id":28011,"GameState":2,"Date":"2014-10-29 22:30","SeasonType":1,"GameType":1,"AwayTeamId":27,"AwayLeader":"R Westbrook 38 pts","HomeTeamId":25,"HomeLeader":"L Aldridge 27 pts","AwayRecord":"0-1","HomeRecord":"1-0","AwayScore":89,"HomeScore":106,"WinningTeamId":25,"Links":{"gametrax":"/nba/gameTrax?gameId=2014102922","boxscore":"/nba/boxscore?gameId=2014102922","recap":"http://www.foxsports.com/nba/story/blazers-beat-thunder-106-89-with-big-4th-quarter-103014","preview":"http://www.foxsports.com/nba/story/thunder-trail-blazers-preview-102814","odds":"/nba/odds#28011","tickets":"http://www.awin1.com/cread.php?awinmid=4292&awinaffid=143258&clickref=nba&p=http://www.ticketsnow.com/InventoryBrowse/TicketList.aspx?PID=1608292"}}]