[{"Id":28299,"GameState":2,"Date":"2014-11-04 19:00","SeasonType":1,"GameType":1,"AwayTeamId":14,"AwayLeader":"B Knight 23 pts","HomeTeamId":13,"HomeLeader":"C Copeland 19 pts","AwayRecord":"2-2","HomeRecord":"1-3","AwayScore":87,"HomeScore":81,"WinningTeamId":14,"Links":{"gametrax":"/nba/gameTrax?gameId=2014110411","boxscore":"/nba/boxscore?gameId=2014110411","recap":"http://www.foxsports.com/nba/story/milwaukee-bucks-snap-16-game-road-losing-streak-at-expense-of-depleted-indiana-pacers-110414","preview":"http://www.foxsports.com/nba/story/bucks-pacers-preview-110314","odds":"/nba/odds#28299","tickets":"http://www.awin1.com/cread.php?awinmid=4292&awinaffid=143258&clickref=nba&p=http://www.ticketsnow.com/InventoryBrowse/TicketList.aspx?PID=1606249"}},{"Id":27767,"GameState":2,"Date":"2014-11-04 19:30","SeasonType":1,"GameType":1,"AwayTeamId":7,"AwayLeader":"P Pierce 17 pts","HomeTeamId":4,"HomeLeader":"I Shumpert 19 pts","AwayRecord":"3-1","HomeRecord":"2-2","AwayScore":98,"HomeScore":83,"WinningTeamId":7,"Links":{"gametrax":"/nba/gameTrax?gameId=2014110418","boxscore":"/nba/boxscore?gameId=2014110418","recap":"http://www.foxsports.com/nba/story/washington-wizards-beat-new-york-knicks-for-fourth-straight-time-110414","preview":"http://www.foxsports.com/nba/story/wizards-knicks-preview-110314","odds":"/nba/odds#27767","tickets":"http://www.awin1.com/cread.php?awinmid=4292&awinaffid=143258&clickref=nba&p=http://www.ticketsnow.com/InventoryBrowse/TicketList.aspx?PID=1607015"}},{"Id":28093,"GameState":2,"Date":"2014-11-04 19:30","SeasonType":1,"GameType":1,"AwayTeamId":27,"AwayLeader":"S Ibaka 25 pts","HomeTeamId":30,"HomeLeader":"D DeRozan 16 pts","AwayRecord":"1-4","HomeRecord":"3-1","AwayScore":88,"HomeScore":100,"WinningTeamId":30,"Links":{"gametrax":"/nba/gameTrax?gameId=2014110428","boxscore":"/nba/boxscore?gameId=2014110428","recap":"http://www.foxsports.com/nba/story/toronto-raptors-cruise-past-short-handed-oklahoma-city-thunder-110414","preview":"http://www.foxsports.com/nba/story/thunder-raptors-preview-110414","odds":"/nba/odds#28093"}},{"Id":28340,"GameState":2,"Date":"2014-11-04 19:30","SeasonType":1,"GameType":1,"AwayTeamId":17,"AwayLeader":"D Howard 26 pts","HomeTeamId":2,"HomeLeader":"C Bosh 21 pts","AwayRecord":"5-0","HomeRecord":"3-1","AwayScore":108,"HomeScore":91,"WinningTeamId":17,"Links":{"gametrax":"/nba/gameTrax?gameId=2014110414","boxscore":"/nba/boxscore?gameId=2014110414","recap":"http://www.foxsports.com/nba/story/houston-rockets-beat-miami-heat-in-battle-of-the-unbeatens-110414","preview":"http://www.foxsports.com/nba/story/rockets-heat-preview-110414","odds":"/nba/odds#28340","tickets":"http://www.awin1.com/cread.php?awinmid=4292&awinaffid=143258&clickref=nba&p=http://www.ticketsnow.com/InventoryBrowse/TicketList.aspx?PID=1606466"}},{"Id":27971,"GameState":2,"Date":"2014-11-04 20:00","SeasonType":1,"GameType":1,"AwayTeamId":5,"AwayLeader":"T Harris 21 pts","HomeTeamId":10,"HomeLeader":"J Butler 21 pts","AwayRecord":"0-4","HomeRecord":"3-1","AwayScore":90,"HomeScore":98,"WinningTeamId":10,"Links":{"gametrax":"/nba/gameTrax?gameId=2014110404","boxscore":"/nba/boxscore?gameId=2014110404","recap":"http://www.foxsports.com/nba/story/chicago-bulls-beat-orlando-magic-as-joakim-noah-derrick-rose-sit-out-110414","preview":"http://www.foxsports.com/nba/story/magic-bulls-preview-110314","odds":"/nba/odds#27971","tickets":"http://www.awin1.com/cread.php?awinmid=4292&awinaffid=143258&clickref=nba&p=http://www.ticketsnow.com/InventoryBrowse/TicketList.aspx?PID=1605963"}},{"Id":28422,"GameState":2,"Date":"2014-11-04 20:00","SeasonType":1,"GameType":1,"AwayTeamId":32,"AwayLeader":"G Neal 21 pts","HomeTeamId":9,"HomeLeader":"A Davis 24 pts","AwayRecord":"1-3","HomeRecord":"2-2","AwayScore":91,"HomeScore":100,"WinningTeamId":9,"Links":{"gametrax":"/nba/gameTrax?gameId=2014110403","boxscore":"/nba/boxscore?gameId=2014110403","recap":"http://www.foxsports.com/nba/story/anthony-davis-leads-new-orleans-pelicans-over-charlotte-hornets-with-24-points-13-rebounds-110414","preview":"http://www.foxsports.com/nba/story/hornets-pelicans-preview-110414","odds":"/nba/odds#28422","tickets":"http://www.awin1.com/cread.php?awinmid=4292&awinaffid=143258&clickref=nba&p=http://www.ticketsnow.com/InventoryBrowse/TicketList.aspx?PID=1606854"}},{"Id":28013,"GameState":2,"Date":"2014-11-04 22:00","SeasonType":1,"GameType":1,"AwayTeamId":11,"AwayLeader":"K Love 22 pts","HomeTeamId":25,"HomeLeader":"D Lillard 27 pts","AwayRecord":"1-2","HomeRecord":"2-2","AwayScore":82,"HomeScore":101,"WinningTeamId":25,"Links":{"gametrax":"/nba/gameTrax?gameId=2014110422","boxscore":"/nba/boxscore?gameId=2014110422","recap":"http://www.foxsports.com/nba/story/portland-trail-blazers-hold-lebron-james-to-11-points-in-blowout-of-cleveland-cavaliers-110514","preview":"http://www.foxsports.com/nba/story/cavaliers-trail-blazers-preview-110314","odds":"/nba/odds#28013","tickets":"http://www.awin1.com/cread.php?awinmid=4292&awinaffid=143258&clickref=nba&p=http://www.ticketsnow.com/InventoryBrowse/TicketList.aspx?PID=1607653"}},{"Id":28217,"GameState":2,"Date":"2014-11-04 22:30","SeasonType":1,"GameType":1,"AwayTeamId":24,"AwayLeader":"G Green 26 pts","HomeTeamId":23,"HomeLeader":"K Bryant 39 pts","AwayRecord":"3-1","HomeRecord":"0-5","AwayScore":112,"HomeScore":106,"WinningTeamId":24,"Links":{"gametrax":"/nba/gameTrax?gameId=2014110413","boxscore":"/nba/boxscore?gameId=2014110413","recap":"http://www.foxsports.com/nba/story/phoenix-suns-beat-lakers-112-106-despite-kobes-39-110514","preview":"http://www.foxsports.com/nba/story/suns-lakers-preview-110314","odds":"/nba/odds#28217","tickets":"http://www.awin1.com/cread.php?awinmid=4292&awinaffid=143258&clickref=nba&p=http://www.ticketsnow.com/InventoryBrowse/TicketList.aspx?PID=1606374"}}]