[{"Id":28325,"GameState":2,"Date":"2015-03-04 19:00","SeasonType":1,"GameType":1,"AwayTeamId":4,"AwayLeader":"A Bargnani 25 pts","HomeTeamId":13,"HomeLeader":"G Hill 21 pts","AwayRecord":"12-48","HomeRecord":"26-34","AwayScore":82,"HomeScore":105,"WinningTeamId":13,"Links":{"gametrax":"/nba/gameTrax?gameId=2015030411","boxscore":"/nba/boxscore?gameId=2015030411","recap":"http://www.foxsports.com/nba/story/indiana-pacers-rout-new-york-knicks-030415","preview":"http://www.foxsports.com/nba/story/knicks-pacers-preview-030415","odds":"/nba/odds#28325","tickets":"http://www.awin1.com/cread.php?awinmid=4292&awinaffid=143258&clickref=nba&p=http://www.ticketsnow.com/InventoryBrowse/TicketList.aspx?PID=1606276"}},{"Id":28695,"GameState":2,"Date":"2015-03-04 19:00","SeasonType":1,"GameType":1,"AwayTeamId":24,"AwayLeader":"B Knight 28 pts","HomeTeamId":5,"HomeLeader":"V Oladipo 38 pts","AwayRecord":"32-30","HomeRecord":"19-43","AwayScore":105,"HomeScore":100,"WinningTeamId":24,"Links":{"gametrax":"/nba/gameTrax?gameId=2015030419","boxscore":"/nba/boxscore?gameId=2015030419","recap":"http://www.foxsports.com/nba/story/suns-have-big-3rd-quarter-rally-beat-magic-105-100-030415","preview":"http://www.foxsports.com/nba/story/suns-magic-preview-030315","odds":"/nba/odds#28695","tickets":"http://www.awin1.com/cread.php?awinmid=4292&awinaffid=143258&clickref=nba&p=http://www.ticketsnow.com/InventoryBrowse/TicketList.aspx?PID=1607198"}},{"Id":27549,"GameState":2,"Date":"2015-03-04 19:30","SeasonType":1,"GameType":1,"AwayTeamId":20,"AwayLeader":"T Burke 16 pts","HomeTeamId":1,"HomeLeader":"I Thomas 21 pts","AwayRecord":"24-36","HomeRecord":"24-35","AwayScore":84,"HomeScore":85,"WinningTeamId":1,"Links":{"gametrax":"/nba/gameTrax?gameId=2015030402","boxscore":"/nba/boxscore?gameId=2015030402","recap":"http://www.foxsports.com/nba/story/zellers-shot-at-buzzer-lifts-celtics-past-jazz-030415","preview":"http://www.foxsports.com/nba/story/jazz-celtics-preview-030415","odds":"/nba/odds#27549","tickets":"http://www.awin1.com/cread.php?awinmid=4292&awinaffid=143258&clickref=nba&p=http://www.ticketsnow.com/InventoryBrowse/TicketList.aspx?PID=1605891"}},{"Id":28123,"GameState":2,"Date":"2015-03-04 19:30","SeasonType":1,"GameType":1,"AwayTeamId":11,"AwayLeader":"L James 29 pts","HomeTeamId":30,"HomeLeader":"J Valanciunas 26 pts","AwayRecord":"39-24","HomeRecord":"38-23","AwayScore":120,"HomeScore":112,"WinningTeamId":11,"Links":{"gametrax":"/nba/gameTrax?gameId=2015030428","boxscore":"/nba/boxscore?gameId=2015030428","recap":"http://www.foxsports.com/nba/story/cleveland-cavaliers-beat-toronto-raptors-behind-lebron-james-29-030415","preview":"http://www.foxsports.com/nba/story/cavaliers-raptors-preview-030315","odds":"/nba/odds#28123"}},{"Id":28735,"GameState":2,"Date":"2015-03-04 19:30","SeasonType":1,"GameType":1,"AwayTeamId":32,"AwayLeader":"A Jefferson 19 pts","HomeTeamId":3,"HomeLeader":"D Williams 12 pts","AwayRecord":"26-33","HomeRecord":"25-34","AwayScore":115,"HomeScore":91,"WinningTeamId":32,"Links":{"gametrax":"/nba/gameTrax?gameId=2015030417","boxscore":"/nba/boxscore?gameId=2015030417","recap":"http://www.foxsports.com/nba/story/charlotte-hornets-rout-brooklyn-nets-030415","preview":"http://www.foxsports.com/nba/story/hornets-nets-preview-030315","odds":"/nba/odds#28735","tickets":"http://www.awin1.com/cread.php?awinmid=4292&awinaffid=143258&clickref=nba&p=http://www.ticketsnow.com/InventoryBrowse/TicketList.aspx?PID=1605463"}},{"Id":27960,"GameState":2,"Date":"2015-03-04 20:00","SeasonType":1,"GameType":1,"AwayTeamId":16,"AwayLeader":"K Faried 18 pts","HomeTeamId":18,"HomeLeader":"A Wiggins 20 pts","AwayRecord":"22-39","HomeRecord":"13-47","AwayScore":100,"HomeScore":85,"WinningTeamId":16,"Links":{"gametrax":"/nba/gameTrax?gameId=2015030416","boxscore":"/nba/boxscore?gameId=2015030416","recap":"http://www.foxsports.com/nba/story/nuggets-win-2nd-straight-under-interim-coach-melvin-hunt-030415","preview":"http://www.foxsports.com/nba/story/nuggets-timberwolves-preview-030415","odds":"/nba/odds#27960","tickets":"http://www.awin1.com/cread.php?awinmid=4292&awinaffid=143258&clickref=nba&p=http://www.ticketsnow.com/InventoryBrowse/TicketList.aspx?PID=1606769"}},{"Id":28366,"GameState":2,"Date":"2015-03-04 20:00","SeasonType":1,"GameType":1,"AwayTeamId":23,"AwayLeader":"E Davis 14 pts","HomeTeamId":2,"HomeLeader":"D Wade 25 pts","AwayRecord":"16-44","HomeRecord":"27-33","AwayScore":94,"HomeScore":100,"WinningTeamId":2,"Links":{"gametrax":"/nba/gameTrax?gameId=2015030414","boxscore":"/nba/boxscore?gameId=2015030414","recap":"http://www.foxsports.com/nba/story/wade-whiteside-lead-way-late-heat-beat-lakers-100-94-030415","preview":"http://www.foxsports.com/nba/story/lakers-heat-preview-030315","odds":"/nba/odds#28366","tickets":"http://www.awin1.com/cread.php?awinmid=4292&awinaffid=143258&clickref=nba&p=http://www.ticketsnow.com/InventoryBrowse/TicketList.aspx?PID=1606495"}},{"Id":28450,"GameState":2,"Date":"2015-03-04 20:00","SeasonType":1,"GameType":1,"AwayTeamId":12,"AwayLeader":"J Meeks 20 pts","HomeTeamId":9,"HomeLeader":"A Davis 39 pts","AwayRecord":"23-37","HomeRecord":"33-28","AwayScore":85,"HomeScore":88,"WinningTeamId":9,"Links":{"gametrax":"/nba/gameTrax?gameId=2015030403","boxscore":"/nba/boxscore?gameId=2015030403","recap":"http://www.foxsports.com/nba/story/davis-has-huge-game-in-return-pelicans-beat-pistons-88-85-030415","preview":"http://www.foxsports.com/nba/story/pistons-pelicans-preview-030315","odds":"/nba/odds#28450","tickets":"http://www.awin1.com/cread.php?awinmid=4292&awinaffid=143258&clickref=nba&p=http://www.ticketsnow.com/InventoryBrowse/TicketList.aspx?PID=1606881"}},{"Id":28533,"GameState":2,"Date":"2015-03-04 20:00","SeasonType":1,"GameType":1,"AwayTeamId":31,"AwayLeader":"M Gasol 21 pts","HomeTeamId":17,"HomeLeader":"T Jones 21 pts","AwayRecord":"43-17","HomeRecord":"41-20","AwayScore":102,"HomeScore":100,"WinningTeamId":31,"Links":{"gametrax":"/nba/gameTrax?gameId=2015030410","boxscore":"/nba/boxscore?gameId=2015030410","recap":"http://www.foxsports.com/nba/story/gasols-last-second-shot-lifts-memphis-over-rockets-102-100-030415","preview":"http://www.foxsports.com/nba/story/grizzlies-rockets-preview-030415","odds":"/nba/odds#28533","tickets":"http://www.awin1.com/cread.php?awinmid=4292&awinaffid=143258&clickref=nba&p=http://www.ticketsnow.com/InventoryBrowse/TicketList.aspx?PID=1607550"}},{"Id":28611,"GameState":2,"FinalText":"OT","Date":"2015-03-04 20:00","SeasonType":1,"GameType":1,"AwayTeamId":6,"AwayLeader":"I Canaan 31 pts","HomeTeamId":27,"HomeLeader":"R Westbrook 49 pts","AwayRecord":"13-48","HomeRecord":"34-27","AwayScore":118,"HomeScore":123,"WinningTeamId":27,"Links":{"gametrax":"/nba/gameTrax?gameId=2015030425","boxscore":"/nba/boxscore?gameId=2015030425","recap":"http://www.foxsports.com/nba/story/westbrook-has-career-high-49-lifts-thunder-past-76ers-in-ot-030415","preview":"http://www.foxsports.com/nba/story/76ers-thunder-preview-030315","odds":"/nba/odds#28611","tickets":"http://www.awin1.com/cread.php?awinmid=4292&awinaffid=143258&clickref=nba&p=http://www.ticketsnow.com/InventoryBrowse/TicketList.aspx?PID=1607147"}},{"Id":28488,"GameState":2,"Date":"2015-03-04 20:30","SeasonType":1,"GameType":1,"AwayTeamId":26,"AwayLeader":"D Cousins 14 pts","HomeTeamId":19,"HomeLeader":"K Leonard 21 pts","AwayRecord":"21-38","HomeRecord":"37-23","AwayScore":85,"HomeScore":112,"WinningTeamId":19,"Links":{"gametrax":"/nba/gameTrax?gameId=2015030424","boxscore":"/nba/boxscore?gameId=2015030424","recap":"http://www.foxsports.com/nba/story/san-antonio-spurs-pound-sacramento-kings-030415","preview":"http://www.foxsports.com/nba/story/kings-spurs-preview-030415","odds":"/nba/odds#28488","tickets":"http://www.awin1.com/cread.php?awinmid=4292&awinaffid=143258&clickref=nba&p=http://www.ticketsnow.com/InventoryBrowse/TicketList.aspx?PID=1607357"}},{"Id":27709,"GameState":2,"Date":"2015-03-04 22:30","SeasonType":1,"GameType":1,"AwayTeamId":14,"AwayLeader":"G Antetokounmpo 16 pts","HomeTeamId":21,"HomeLeader":"D Green 23 pts","AwayRecord":"32-29","HomeRecord":"47-12","AwayScore":93,"HomeScore":102,"WinningTeamId":21,"Links":{"gametrax":"/nba/gameTrax?gameId=2015030409","boxscore":"/nba/boxscore?gameId=2015030409","recap":"http://www.foxsports.com/nba/story/curry-shoots-warriors-to-102-93-victory-over-bucks-030515","preview":"http://www.foxsports.com/nba/story/bucks-warriors-preview-030415","odds":"/nba/odds#27709","tickets":"http://www.awin1.com/cread.php?awinmid=4292&awinaffid=143258&clickref=nba&p=http://www.ticketsnow.com/InventoryBrowse/TicketList.aspx?PID=1606225"}},{"Id":28205,"GameState":2,"FinalText":"OT","Date":"2015-03-04 22:30","SeasonType":1,"GameType":1,"AwayTeamId":25,"AwayLeader":"L Aldridge 29 pts","HomeTeamId":22,"HomeLeader":"C Paul 36 pts","AwayRecord":"40-19","HomeRecord":"40-22","AwayScore":98,"HomeScore":93,"WinningTeamId":25,"Links":{"gametrax":"/nba/gameTrax?gameId=2015030412","boxscore":"/nba/boxscore?gameId=2015030412","recap":"http://www.foxsports.com/nba/story/batum-rallies-trail-blazers-past-clippers-98-93-in-ot-030515","preview":"http://www.foxsports.com/nba/story/trail-blazers-clippers-preview-030315","odds":"/nba/odds#28205","tickets":"http://www.awin1.com/cread.php?awinmid=4292&awinaffid=143258&clickref=nba&p=http://www.ticketsnow.com/InventoryBrowse/TicketList.aspx?PID=1606331"}}]