[{"Id":27625,"GameState":2,"FinalText":"OT","Date":"2015-01-31 19:00","SeasonType":1,"GameType":1,"AwayTeamId":30,"AwayLeader":"K Lowry 23 pts","HomeTeamId":7,"HomeLeader":"J Wall 28 pts","AwayRecord":"33-15","HomeRecord":"31-17","AwayScore":120,"HomeScore":116,"WinningTeamId":30,"Links":{"gametrax":"/nba/gameTrax?gameId=2015013127","boxscore":"/nba/boxscore?gameId=2015013127","recap":"http://www.foxsports.com/nba/story/toronto-raptors-beat-washington-wizards-for-second-straight-ot-win-013115","preview":"http://www.foxsports.com/nba/story/raptors-wizards-preview-013115","odds":"/nba/odds#27625","tickets":"http://www.awin1.com/cread.php?awinmid=4292&awinaffid=143258&clickref=nba&p=http://www.ticketsnow.com/InventoryBrowse/TicketList.aspx?PID=1607397"}},{"Id":28318,"GameState":2,"Date":"2015-01-31 19:00","SeasonType":1,"GameType":1,"AwayTeamId":26,"AwayLeader":"R Gay 31 pts","HomeTeamId":13,"HomeLeader":"D West 17 pts","AwayRecord":"17-29","HomeRecord":"17-32","AwayScore":99,"HomeScore":94,"WinningTeamId":26,"Links":{"gametrax":"/nba/gameTrax?gameId=2015013111","boxscore":"/nba/boxscore?gameId=2015013111","recap":"http://www.foxsports.com/nba/story/sacramento-kings-beat-indiana-pacers-rudy-gay-scores-31-013115","preview":"http://www.foxsports.com/nba/story/kings-pacers-preview-013115","odds":"/nba/odds#28318","tickets":"http://www.awin1.com/cread.php?awinmid=4292&awinaffid=143258&clickref=nba&p=http://www.ticketsnow.com/InventoryBrowse/TicketList.aspx?PID=1606269"}},{"Id":28687,"GameState":2,"Date":"2015-01-31 19:00","SeasonType":1,"GameType":1,"AwayTeamId":15,"AwayLeader":"M Ellis 25 pts","HomeTeamId":5,"HomeLeader":"N Vucevic 17 pts","AwayRecord":"32-17","HomeRecord":"15-35","AwayScore":108,"HomeScore":93,"WinningTeamId":15,"Links":{"gametrax":"/nba/gameTrax?gameId=2015013119","boxscore":"/nba/boxscore?gameId=2015013119","recap":"http://www.foxsports.com/nba/story/ellis-has-25-mavs-send-magic-to-8th-straight-loss-108-93-013115","preview":"http://www.foxsports.com/nba/story/mavericks-magic-preview-013115","odds":"/nba/odds#28687","tickets":"http://www.awin1.com/cread.php?awinmid=4292&awinaffid=143258&clickref=nba&p=http://www.ticketsnow.com/InventoryBrowse/TicketList.aspx?PID=1607190"}},{"Id":27747,"GameState":2,"Date":"2015-01-31 19:30","SeasonType":1,"GameType":1,"AwayTeamId":17,"AwayLeader":"J Harden 26 pts","HomeTeamId":12,"HomeLeader":"K Caldwell-Pope 28 pts","AwayRecord":"33-15","HomeRecord":"18-30","AwayScore":101,"HomeScore":114,"WinningTeamId":12,"Links":{"gametrax":"/nba/gameTrax?gameId=2015013108","boxscore":"/nba/boxscore?gameId=2015013108","recap":"http://www.foxsports.com/nba/story/detroit-pistons-beat-houston-rockets-behind-dj-augustin-greg-monroe-013115","preview":"http://www.foxsports.com/nba/story/rockets-pistons-preview-013115","odds":"/nba/odds#27747","tickets":"http://www.awin1.com/cread.php?awinmid=4292&awinaffid=143258&clickref=nba&p=http://www.ticketsnow.com/InventoryBrowse/TicketList.aspx?PID=1606171"}},{"Id":28281,"GameState":2,"Date":"2015-01-31 19:30","SeasonType":1,"GameType":1,"AwayTeamId":6,"AwayLeader":"M Carter-Williams 13 pts","HomeTeamId":8,"HomeLeader":"A Horford 23 pts","AwayRecord":"10-38","HomeRecord":"40-8","AwayScore":85,"HomeScore":91,"WinningTeamId":8,"Links":{"gametrax":"/nba/gameTrax?gameId=2015013101","boxscore":"/nba/boxscore?gameId=2015013101","recap":"http://www.foxsports.com/nba/story/atlanta-hawks-beat-philadelphia-76ers-to-extend-winning-streak-013115","preview":"http://www.foxsports.com/nba/story/76ers-hawks-preview-013115","odds":"/nba/odds#28281","tickets":"http://www.awin1.com/cread.php?awinmid=4292&awinaffid=143258&clickref=nba&p=http://www.ticketsnow.com/InventoryBrowse/TicketList.aspx?PID=1605838"}},{"Id":27951,"GameState":2,"Date":"2015-01-31 20:00","SeasonType":1,"GameType":1,"AwayTeamId":11,"AwayLeader":"L James 36 pts","HomeTeamId":18,"HomeLeader":"A Wiggins 33 pts","AwayRecord":"29-20","HomeRecord":"8-39","AwayScore":106,"HomeScore":90,"WinningTeamId":11,"Links":{"gametrax":"/nba/gameTrax?gameId=2015013116","boxscore":"/nba/boxscore?gameId=2015013116","recap":"http://www.foxsports.com/nba/story/cleveland-cavaliers-defeat-minnesota-timberwolves-kevin-love-lebron-james-andrew-wiggins-013115","preview":"http://www.foxsports.com/nba/story/cavaliers-timberwolves-preview-013015","odds":"/nba/odds#27951","tickets":"http://www.awin1.com/cread.php?awinmid=4292&awinaffid=143258&clickref=nba&p=http://www.ticketsnow.com/InventoryBrowse/TicketList.aspx?PID=1606760"}},{"Id":28568,"GameState":2,"Date":"2015-01-31 20:00","SeasonType":1,"GameType":1,"AwayTeamId":27,"AwayLeader":"K Durant 15 pts","HomeTeamId":31,"HomeLeader":"Z Randolph 21 pts","AwayRecord":"23-24","HomeRecord":"35-12","AwayScore":74,"HomeScore":85,"WinningTeamId":31,"Links":{"gametrax":"/nba/gameTrax?gameId=2015013129","boxscore":"/nba/boxscore?gameId=2015013129","recap":"http://www.foxsports.com/nba/story/memphis-grizzlies-beat-oklahoma-city-thunder-behind-zach-randolph-013115","preview":"http://www.foxsports.com/nba/story/thunder-grizzlies-preview-013015","odds":"/nba/odds#28568","tickets":"http://www.awin1.com/cread.php?awinmid=4292&awinaffid=143258&clickref=nba&p=http://www.ticketsnow.com/InventoryBrowse/TicketList.aspx?PID=1606443"}},{"Id":28071,"GameState":2,"Date":"2015-01-31 20:30","SeasonType":1,"GameType":1,"AwayTeamId":25,"AwayLeader":"D Lillard 19 pts","HomeTeamId":14,"HomeLeader":"J Dudley 18 pts","AwayRecord":"32-16","HomeRecord":"25-22","AwayScore":88,"HomeScore":95,"WinningTeamId":14,"Links":{"gametrax":"/nba/gameTrax?gameId=2015013115","boxscore":"/nba/boxscore?gameId=2015013115","recap":"http://www.foxsports.com/nba/story/bucks-beat-struggling-trail-blazers-95-88-013115","preview":"http://www.foxsports.com/nba/story/trail-blazers-bucks-preview-013115","odds":"/nba/odds#28071","tickets":"http://www.awin1.com/cread.php?awinmid=4292&awinaffid=143258&clickref=nba&p=http://www.ticketsnow.com/InventoryBrowse/TicketList.aspx?PID=1606536"}},{"Id":28157,"GameState":2,"Date":"2015-01-31 21:00","SeasonType":1,"GameType":1,"AwayTeamId":32,"AwayLeader":"C Zeller 21 pts","HomeTeamId":16,"HomeLeader":"D Gallinari 15 pts","AwayRecord":"20-27","HomeRecord":"19-29","AwayScore":104,"HomeScore":86,"WinningTeamId":32,"Links":{"gametrax":"/nba/gameTrax?gameId=2015013107","boxscore":"/nba/boxscore?gameId=2015013107","recap":"http://www.foxsports.com/nba/story/cody-zeller-scores-21-hornets-rout-nuggets-104-86-013115","preview":"http://www.foxsports.com/nba/story/hornets-nuggets-preview-013015","odds":"/nba/odds#28157","tickets":"http://www.awin1.com/cread.php?awinmid=4292&awinaffid=143258&clickref=nba&p=http://www.ticketsnow.com/InventoryBrowse/TicketList.aspx?PID=1607492"}},{"Id":28485,"GameState":2,"Date":"2015-01-31 21:00","SeasonType":1,"GameType":1,"AwayTeamId":22,"AwayLeader":"B Griffin 31 pts","HomeTeamId":19,"HomeLeader":"K Leonard 24 pts","AwayRecord":"33-15","HomeRecord":"30-18","AwayScore":105,"HomeScore":85,"WinningTeamId":22,"Links":{"gametrax":"/nba/gameTrax?gameId=2015013124","boxscore":"/nba/boxscore?gameId=2015013124","recap":"http://www.foxsports.com/nba/story/los-angeles-clippers-blow-out-san-antonio-spurs-020115","preview":"http://www.foxsports.com/nba/story/clippers-spurs-preview-013115","odds":"/nba/odds#28485","tickets":"http://www.awin1.com/cread.php?awinmid=4292&awinaffid=143258&clickref=nba&p=http://www.ticketsnow.com/InventoryBrowse/TicketList.aspx?PID=1607354"}},{"Id":27706,"GameState":2,"Date":"2015-01-31 22:30","SeasonType":1,"GameType":1,"AwayTeamId":24,"AwayLeader":"M Morris 17 pts","HomeTeamId":21,"HomeLeader":"S Curry 25 pts","AwayRecord":"28-21","HomeRecord":"37-8","AwayScore":87,"HomeScore":106,"WinningTeamId":21,"Links":{"gametrax":"/nba/gameTrax?gameId=2015013109","boxscore":"/nba/boxscore?gameId=2015013109","recap":"http://www.foxsports.com/nba/story/curry-has-25-warriors-snap-2-game-skid-eclipse-suns-106-87-020115","preview":"http://www.foxsports.com/nba/story/suns-warriors-preview-013115","odds":"/nba/odds#27706","tickets":"http://www.awin1.com/cread.php?awinmid=4292&awinaffid=143258&clickref=nba&p=http://www.ticketsnow.com/InventoryBrowse/TicketList.aspx?PID=1606222"}}]