[{"Id":27681,"GameState":2,"Date":"2015-04-13 19:00","SeasonType":1,"GameType":1,"AwayTeamId":14,"AwayLeader":"M Carter-Williams 30 pts","HomeTeamId":6,"HomeLeader":"R Covington 25 pts","AwayRecord":"41-40","HomeRecord":"18-63","AwayScore":107,"HomeScore":97,"WinningTeamId":14,"Links":{"gametrax":"/nba/gameTrax?gameId=2015041320","boxscore":"/nba/boxscore?gameId=2015041320","recap":"http://www.foxsports.com/nba/story/michael-carter-williams-ties-season-high-with-30-in-milwaukee-bucks-win-over-philadelphia-76ers-041315","preview":"http://www.foxsports.com/nba/story/bucks-76ers-preview-041215","odds":"/nba/odds#27681","tickets":"http://www.awin1.com/cread.php?awinmid=4292&awinaffid=143258&clickref=nba&p=http://www.ticketsnow.com/InventoryBrowse/TicketList.aspx?PID=1607605"}},{"Id":27928,"GameState":2,"Date":"2015-04-13 19:00","SeasonType":1,"GameType":1,"AwayTeamId":12,"AwayLeader":"A Drummond 20 pts","HomeTeamId":11,"HomeLeader":"J Smith 28 pts","AwayRecord":"31-50","HomeRecord":"52-29","AwayScore":97,"HomeScore":109,"WinningTeamId":11,"Links":{"gametrax":"/nba/gameTrax?gameId=2015041305","boxscore":"/nba/boxscore?gameId=2015041305","recap":"http://www.foxsports.com/nba/story/lebron-james-gets-triple-double-in-cleveland-cavaliers-win-over-detroit-pistons-041315","preview":"http://www.foxsports.com/nba/story/pistons-cavaliers-preview-041215","odds":"/nba/odds#27928","tickets":"http://www.awin1.com/cread.php?awinmid=4292&awinaffid=143258&clickref=nba&p=http://www.ticketsnow.com/InventoryBrowse/TicketList.aspx?PID=1607460"}},{"Id":28665,"GameState":2,"Date":"2015-04-13 19:00","SeasonType":1,"GameType":1,"AwayTeamId":17,"AwayLeader":"J Harden 29 pts","HomeTeamId":32,"HomeLeader":"B Roberts 23 pts","AwayRecord":"55-26","HomeRecord":"33-48","AwayScore":100,"HomeScore":90,"WinningTeamId":17,"Links":{"gametrax":"/nba/gameTrax?gameId=2015041330","boxscore":"/nba/boxscore?gameId=2015041330","recap":"http://www.foxsports.com/nba/story/houston-rockets-beat-charlotte-hornets-james-harden-scores-29-041315","preview":"http://www.foxsports.com/nba/story/rockets-hornets-preview-041315","odds":"/nba/odds#28665","tickets":"http://www.awin1.com/cread.php?awinmid=4292&awinaffid=143258&clickref=nba&p=http://www.ticketsnow.com/InventoryBrowse/TicketList.aspx?PID=1605949"}},{"Id":28296,"GameState":2,"Date":"2015-04-13 19:30","SeasonType":1,"GameType":1,"AwayTeamId":4,"AwayLeader":"L Galloway 26 pts","HomeTeamId":8,"HomeLeader":"K Korver 19 pts","AwayRecord":"17-64","HomeRecord":"60-21","AwayScore":112,"HomeScore":108,"WinningTeamId":4,"Links":{"gametrax":"/nba/gameTrax?gameId=2015041301","boxscore":"/nba/boxscore?gameId=2015041301","recap":"http://www.foxsports.com/nba/story/galloway-scores-26-points-knicks-stunt-hawks-112-108-041315","preview":"http://www.foxsports.com/nba/story/knicks-hawks-preview-041215","odds":"/nba/odds#28296","tickets":"http://www.awin1.com/cread.php?awinmid=4292&awinaffid=143258&clickref=nba&p=http://www.ticketsnow.com/InventoryBrowse/TicketList.aspx?PID=1605853"}},{"Id":28378,"GameState":2,"Date":"2015-04-13 19:30","SeasonType":1,"GameType":1,"AwayTeamId":5,"AwayLeader":"V Oladipo 30 pts","HomeTeamId":2,"HomeLeader":"H Whiteside 24 pts","AwayRecord":"25-56","HomeRecord":"36-45","AwayScore":93,"HomeScore":100,"WinningTeamId":2,"Links":{"gametrax":"/nba/gameTrax?gameId=2015041314","boxscore":"/nba/boxscore?gameId=2015041314","recap":"http://www.foxsports.com/nba/story/miami-heat-beat-orlando-magic-to-avoid-official-elimination-from-playoffs-041315","preview":"http://www.foxsports.com/nba/story/magic-heat-preview-041215","odds":"/nba/odds#28378","tickets":"http://www.awin1.com/cread.php?awinmid=4292&awinaffid=143258&clickref=nba&p=http://www.ticketsnow.com/InventoryBrowse/TicketList.aspx?PID=1606507"}},{"Id":28747,"GameState":2,"Date":"2015-04-13 19:30","SeasonType":1,"GameType":1,"AwayTeamId":10,"AwayLeader":"N Mirotic 26 pts","HomeTeamId":3,"HomeLeader":"B Bogdanovic 17 pts","AwayRecord":"49-32","HomeRecord":"37-44","AwayScore":113,"HomeScore":86,"WinningTeamId":10,"Links":{"gametrax":"/nba/gameTrax?gameId=2015041317","boxscore":"/nba/boxscore?gameId=2015041317","recap":"http://www.foxsports.com/nba/story/bulls-rout-nets-clinch-home-court-advantage-in-1st-round-041315","preview":"http://www.foxsports.com/nba/story/bulls-nets-preview-041215","odds":"/nba/odds#28747","tickets":"http://www.awin1.com/cread.php?awinmid=4292&awinaffid=143258&clickref=nba&p=http://www.ticketsnow.com/InventoryBrowse/TicketList.aspx?PID=1605476"}},{"Id":27968,"GameState":2,"Date":"2015-04-13 20:00","SeasonType":1,"GameType":1,"AwayTeamId":9,"AwayLeader":"A Davis 24 pts","HomeTeamId":18,"HomeLeader":"Z LaVine 24 pts","AwayRecord":"44-37","HomeRecord":"16-65","AwayScore":100,"HomeScore":88,"WinningTeamId":9,"Links":{"gametrax":"/nba/gameTrax?gameId=2015041316","boxscore":"/nba/boxscore?gameId=2015041316","recap":"http://www.foxsports.com/nba/story/pelicans-close-in-on-playoff-berth-with-win-over-wolves-041315","preview":"http://www.foxsports.com/nba/story/pelicans-timberwolves-preview-041215","odds":"/nba/odds#27968","tickets":"http://www.awin1.com/cread.php?awinmid=4292&awinaffid=143258&clickref=nba&p=http://www.ticketsnow.com/InventoryBrowse/TicketList.aspx?PID=1606777"}},{"Id":28624,"GameState":2,"Date":"2015-04-13 20:00","SeasonType":1,"GameType":1,"AwayTeamId":25,"AwayLeader":"M Leonard 24 pts","HomeTeamId":27,"HomeLeader":"R Westbrook 36 pts","AwayRecord":"51-30","HomeRecord":"44-37","AwayScore":90,"HomeScore":101,"WinningTeamId":27,"Links":{"gametrax":"/nba/gameTrax?gameId=2015041325","boxscore":"/nba/boxscore?gameId=2015041325","recap":"http://www.foxsports.com/nba/story/westbrook-scores-36-thunder-beat-trail-blazers-101-90-041315","preview":"http://www.foxsports.com/nba/story/trail-blazers-thunder-preview-041215","odds":"/nba/odds#28624","tickets":"http://www.awin1.com/cread.php?awinmid=4292&awinaffid=143258&clickref=nba&p=http://www.ticketsnow.com/InventoryBrowse/TicketList.aspx?PID=1607160"}},{"Id":27600,"GameState":2,"Date":"2015-04-13 21:00","SeasonType":1,"GameType":1,"AwayTeamId":15,"AwayLeader":"J Barea 18 pts","HomeTeamId":20,"HomeLeader":"B Cotton 21 pts","AwayRecord":"49-32","HomeRecord":"38-43","AwayScore":92,"HomeScore":109,"WinningTeamId":20,"Links":{"gametrax":"/nba/gameTrax?gameId=2015041326","boxscore":"/nba/boxscore?gameId=2015041326","recap":"http://www.foxsports.com/nba/story/jazz-pull-away-from-mavericks-in-2nd-half-for-109-92-victory-041315","preview":"http://www.foxsports.com/nba/story/mavericks-jazz-preview-041315","odds":"/nba/odds#27600","tickets":"http://www.awin1.com/cread.php?awinmid=4292&awinaffid=143258&clickref=nba&p=http://www.ticketsnow.com/InventoryBrowse/TicketList.aspx?PID=1607652"}},{"Id":27888,"GameState":2,"Date":"2015-04-13 22:00","SeasonType":1,"GameType":1,"AwayTeamId":23,"AwayLeader":"J Clarkson 23 pts","HomeTeamId":26,"HomeLeader":"O Casspi 26 pts","AwayRecord":"21-60","HomeRecord":"28-53","AwayScore":92,"HomeScore":102,"WinningTeamId":26,"Links":{"gametrax":"/nba/gameTrax?gameId=2015041323","boxscore":"/nba/boxscore?gameId=2015041323","recap":"http://www.foxsports.com/nba/story/casspi-helps-kings-beat-lakers-102-92-041415","preview":"http://www.foxsports.com/nba/story/lakers-kings-preview-041315","odds":"/nba/odds#27888","tickets":"http://www.awin1.com/cread.php?awinmid=4292&awinaffid=143258&clickref=nba&p=http://www.ticketsnow.com/InventoryBrowse/TicketList.aspx?PID=1607326"}},{"Id":27722,"GameState":2,"Date":"2015-04-13 22:30","SeasonType":1,"GameType":1,"AwayTeamId":31,"AwayLeader":"J Adams 19 pts","HomeTeamId":21,"HomeLeader":"K Thompson 42 pts","AwayRecord":"54-27","HomeRecord":"66-15","AwayScore":107,"HomeScore":111,"WinningTeamId":21,"Links":{"gametrax":"/nba/gameTrax?gameId=2015041309","boxscore":"/nba/boxscore?gameId=2015041309","recap":"http://www.foxsports.com/nba/story/klay-thompson-scores-42-warriors-down-memphis-111-107-041415","preview":"http://www.foxsports.com/nba/story/grizzlies-warriors-preview-041215","odds":"/nba/odds#27722","tickets":"http://www.awin1.com/cread.php?awinmid=4292&awinaffid=143258&clickref=nba&p=http://www.ticketsnow.com/InventoryBrowse/TicketList.aspx?PID=1606238"}},{"Id":28214,"GameState":2,"Date":"2015-04-13 22:30","SeasonType":1,"GameType":1,"AwayTeamId":16,"AwayLeader":"W Chandler 32 pts","HomeTeamId":22,"HomeLeader":"B Griffin 22 pts","AwayRecord":"30-51","HomeRecord":"55-26","AwayScore":103,"HomeScore":110,"WinningTeamId":22,"Links":{"gametrax":"/nba/gameTrax?gameId=2015041312","boxscore":"/nba/boxscore?gameId=2015041312","recap":"http://www.foxsports.com/nba/story/clippers-eke-out-6th-straight-win-110-103-over-nuggets-041415","preview":"http://www.foxsports.com/nba/story/nuggets-clippers-preview-041215","odds":"/nba/odds#28214","tickets":"http://www.awin1.com/cread.php?awinmid=4292&awinaffid=143258&clickref=nba&p=http://www.ticketsnow.com/InventoryBrowse/TicketList.aspx?PID=1606340"}}]