[{"Id":27559,"GameState":2,"Date":"2015-04-14 19:30","SeasonType":1,"GameType":1,"AwayTeamId":30,"AwayLeader":"K Lowry 16 pts","HomeTeamId":1,"HomeLeader":"E Turner 14 pts","AwayRecord":"48-33","HomeRecord":"39-42","AwayScore":93,"HomeScore":95,"WinningTeamId":1,"Links":{"gametrax":"/nba/gameTrax?gameId=2015041402","boxscore":"/nba/boxscore?gameId=2015041402","recap":"http://www.foxsports.com/nba/story/boston-celtics-beat-toronto-raptors-lock-up-no-7-playoff-spot-in-eastern-conference-on-jae-crowder-fall-away-in-final-second-041415","preview":"http://www.foxsports.com/nba/story/raptors-celtics-preview-041315","odds":"/nba/odds#27559","tickets":"http://www.awin1.com/cread.php?awinmid=4292&awinaffid=143258&clickref=nba&p=http://www.ticketsnow.com/InventoryBrowse/TicketList.aspx?PID=1605900"}},{"Id":28337,"GameState":2,"FinalText":"2OT","Date":"2015-04-14 20:00","SeasonType":1,"GameType":1,"AwayTeamId":7,"AwayLeader":"M Gortat 19 pts","HomeTeamId":13,"HomeLeader":"C Miles 25 pts","AwayRecord":"46-35","HomeRecord":"38-43","AwayScore":95,"HomeScore":99,"WinningTeamId":13,"Links":{"gametrax":"/nba/gameTrax?gameId=2015041411","boxscore":"/nba/boxscore?gameId=2015041411","recap":"http://www.foxsports.com/nba/story/indiana-pacers-top-washington-wizards-in-double-ot-playoff-hopes-go-to-final-day-of-regular-season-041415","preview":"http://www.foxsports.com/nba/story/wizards-pacers-preview-041315","odds":"/nba/odds#28337","tickets":"http://www.awin1.com/cread.php?awinmid=4292&awinaffid=143258&clickref=nba&p=http://www.ticketsnow.com/InventoryBrowse/TicketList.aspx?PID=1606288"}},{"Id":27847,"GameState":2,"Date":"2015-04-14 22:30","SeasonType":1,"GameType":1,"AwayTeamId":22,"AwayLeader":"C Paul 22 pts","HomeTeamId":24,"HomeLeader":"A Goodwin 18 pts","AwayRecord":"56-26","HomeRecord":"39-43","AwayScore":112,"HomeScore":101,"WinningTeamId":22,"Links":{"gametrax":"/nba/gameTrax?gameId=2015041421","boxscore":"/nba/boxscore?gameId=2015041421","recap":"http://www.foxsports.com/nba/story/paul-griffin-shoot-clippers-past-suns-112-101-041515","preview":"http://www.foxsports.com/nba/story/clippers-suns-preview-041415","odds":"/nba/odds#27847","tickets":"http://www.awin1.com/cread.php?awinmid=4292&awinaffid=143258&clickref=nba&p=http://www.ticketsnow.com/InventoryBrowse/TicketList.aspx?PID=1607277"}}]