[{"Id":27558,"GameState":2,"Date":"2015-04-12 15:00","SeasonType":1,"GameType":1,"AwayTeamId":11,"AwayLeader":"I Shumpert 15 pts","HomeTeamId":1,"HomeLeader":"I Thomas 17 pts","AwayRecord":"51-29","HomeRecord":"38-42","AwayScore":78,"HomeScore":117,"WinningTeamId":1,"Links":{"gametrax":"/nba/gameTrax?gameId=2015041202","boxscore":"/nba/boxscore?gameId=2015041202","recap":"http://www.foxsports.com/nba/story/celts-close-in-on-playoffs-rout-cavaliers-117-78-041215","preview":"http://www.foxsports.com/nba/story/cavaliers-celtics-preview-041115","odds":"/nba/odds#27558","tickets":"http://www.awin1.com/cread.php?awinmid=4292&awinaffid=143258&clickref=nba&p=http://www.ticketsnow.com/InventoryBrowse/TicketList.aspx?PID=1605899"}},{"Id":28090,"GameState":2,"Date":"2015-04-12 15:00","SeasonType":1,"GameType":1,"AwayTeamId":3,"AwayLeader":"B Lopez 12 pts","HomeTeamId":14,"HomeLeader":"E Ilyasova 21 pts","AwayRecord":"37-43","HomeRecord":"40-40","AwayScore":73,"HomeScore":96,"WinningTeamId":14,"Links":{"gametrax":"/nba/gameTrax?gameId=2015041215","boxscore":"/nba/boxscore?gameId=2015041215","recap":"http://www.foxsports.com/nba/story/milwaukee-bucks-rout-brooklyn-nets-clinch-no-6-playoff-spot-in-eastern-conference-041215","preview":"http://www.foxsports.com/nba/story/nets-bucks-preview-041115","odds":"/nba/odds#28090","tickets":"http://www.awin1.com/cread.php?awinmid=4292&awinaffid=143258&clickref=nba&p=http://www.ticketsnow.com/InventoryBrowse/TicketList.aspx?PID=1606555"}},{"Id":27764,"GameState":2,"Date":"2015-04-12 15:30","SeasonType":1,"GameType":1,"AwayTeamId":32,"AwayLeader":"N Vonleh 16 pts","HomeTeamId":12,"HomeLeader":"J Meeks 24 pts","AwayRecord":"33-47","HomeRecord":"31-49","AwayScore":77,"HomeScore":116,"WinningTeamId":12,"Links":{"gametrax":"/nba/gameTrax?gameId=2015041208","boxscore":"/nba/boxscore?gameId=2015041208","recap":"http://www.foxsports.com/nba/story/detroit-pistons-blast-charlotte-hornets-in-home-finale-041215","preview":"http://www.foxsports.com/nba/story/hornets-pistons-preview-041115","odds":"/nba/odds#27764","tickets":"http://www.awin1.com/cread.php?awinmid=4292&awinaffid=143258&clickref=nba&p=http://www.ticketsnow.com/InventoryBrowse/TicketList.aspx?PID=1606190"}},{"Id":28173,"GameState":2,"Date":"2015-04-12 17:00","SeasonType":1,"GameType":1,"AwayTeamId":26,"AwayLeader":"O Casspi 22 pts","HomeTeamId":16,"HomeLeader":"K Faried 30 pts","AwayRecord":"27-53","HomeRecord":"30-50","AwayScore":111,"HomeScore":122,"WinningTeamId":16,"Links":{"gametrax":"/nba/gameTrax?gameId=2015041207","boxscore":"/nba/boxscore?gameId=2015041207","recap":"http://www.foxsports.com/nba/story/sacramento-kings-fall-to-denver-nuggets-as-coach-george-karl-returns-to-old-stomping-grounds-041215","preview":"http://www.foxsports.com/nba/story/kings-nuggets-preview-041115","odds":"/nba/odds#28173","tickets":"http://www.awin1.com/cread.php?awinmid=4292&awinaffid=143258&clickref=nba&p=http://www.ticketsnow.com/InventoryBrowse/TicketList.aspx?PID=1607508"}},{"Id":27641,"GameState":2,"Date":"2015-04-12 18:00","SeasonType":1,"GameType":1,"AwayTeamId":8,"AwayLeader":"M Scott 19 pts","HomeTeamId":7,"HomeLeader":"J Wall 24 pts","AwayRecord":"60-20","HomeRecord":"46-34","AwayScore":99,"HomeScore":108,"WinningTeamId":7,"Links":{"gametrax":"/nba/gameTrax?gameId=2015041227","boxscore":"/nba/boxscore?gameId=2015041227","recap":"http://www.foxsports.com/nba/story/john-wall-leads-washington-wizards-over-second-string-atlanta-hawks-041215","preview":"http://www.foxsports.com/nba/story/hawks-wizards-preview-041115","odds":"/nba/odds#27641","tickets":"http://www.awin1.com/cread.php?awinmid=4292&awinaffid=143258&clickref=nba&p=http://www.ticketsnow.com/InventoryBrowse/TicketList.aspx?PID=1607413"}},{"Id":28336,"GameState":2,"Date":"2015-04-12 18:00","SeasonType":1,"GameType":1,"AwayTeamId":27,"AwayLeader":"R Westbrook 54 pts","HomeTeamId":13,"HomeLeader":"C Miles 30 pts","AwayRecord":"43-37","HomeRecord":"37-43","AwayScore":104,"HomeScore":116,"WinningTeamId":13,"Links":{"gametrax":"/nba/gameTrax?gameId=2015041211","boxscore":"/nba/boxscore?gameId=2015041211","recap":"http://www.foxsports.com/nba/story/russell-westbrook-scores-54-but-oklahoma-city-thunder-lose-to-indiana-pacers-041215","preview":"http://www.foxsports.com/nba/story/thunder-pacers-preview-041115","odds":"/nba/odds#28336","tickets":"http://www.awin1.com/cread.php?awinmid=4292&awinaffid=143258&clickref=nba&p=http://www.ticketsnow.com/InventoryBrowse/TicketList.aspx?PID=1606287"}},{"Id":28501,"GameState":2,"Date":"2015-04-12 19:00","SeasonType":1,"GameType":1,"AwayTeamId":24,"AwayLeader":"G Green 23 pts","HomeTeamId":19,"HomeLeader":"T Duncan 22 pts","AwayRecord":"39-42","HomeRecord":"55-26","AwayScore":91,"HomeScore":107,"WinningTeamId":19,"Links":{"gametrax":"/nba/gameTrax?gameId=2015041224","boxscore":"/nba/boxscore?gameId=2015041224","recap":"http://www.foxsports.com/nba/story/duncan-leads-spurs-to-rout-of-suns-for-11th-straight-win-041215","preview":"http://www.foxsports.com/nba/story/suns-spurs-preview-041115","odds":"/nba/odds#28501","tickets":"http://www.awin1.com/cread.php?awinmid=4292&awinaffid=143258&clickref=nba&p=http://www.ticketsnow.com/InventoryBrowse/TicketList.aspx?PID=1607369"}},{"Id":28541,"GameState":2,"Date":"2015-04-12 19:00","SeasonType":1,"GameType":1,"AwayTeamId":9,"AwayLeader":"A Davis 27 pts","HomeTeamId":17,"HomeLeader":"J Harden 30 pts","AwayRecord":"43-37","HomeRecord":"54-26","AwayScore":114,"HomeScore":121,"WinningTeamId":17,"Links":{"gametrax":"/nba/gameTrax?gameId=2015041210","boxscore":"/nba/boxscore?gameId=2015041210","recap":"http://www.foxsports.com/nba/story/new-orleans-pelicans-lose-to-houston-rockets-remain-tied-for-final-playoff-spot-in-western-conference-041215","preview":"http://www.foxsports.com/nba/story/pelicans-rockets-preview-041215","odds":"/nba/odds#28541","tickets":"http://www.awin1.com/cread.php?awinmid=4292&awinaffid=143258&clickref=nba&p=http://www.ticketsnow.com/InventoryBrowse/TicketList.aspx?PID=1607558"}},{"Id":28254,"GameState":2,"Date":"2015-04-12 21:30","SeasonType":1,"GameType":1,"AwayTeamId":15,"AwayLeader":"T Chandler 20 pts","HomeTeamId":23,"HomeLeader":"J Clarkson 26 pts","AwayRecord":"49-31","HomeRecord":"21-59","AwayScore":120,"HomeScore":106,"WinningTeamId":15,"Links":{"gametrax":"/nba/gameTrax?gameId=2015041213","boxscore":"/nba/boxscore?gameId=2015041213","recap":"http://www.foxsports.com/nba/story/mavericks-hold-off-lakers-120-106-for-season-series-sweep-041315","preview":"http://www.foxsports.com/nba/story/mavericks-lakers-preview-041115","odds":"/nba/odds#28254","tickets":"http://www.awin1.com/cread.php?awinmid=4292&awinaffid=143258&clickref=nba&p=http://www.ticketsnow.com/InventoryBrowse/TicketList.aspx?PID=1606411"}}]