[{"Id":28706,"GameState":2,"Date":"2015-04-11 19:00","SeasonType":1,"GameType":1,"AwayTeamId":4,"AwayLeader":"C Aldrich 19 pts","HomeTeamId":5,"HomeLeader":"V Oladipo 21 pts","AwayRecord":"16-64","HomeRecord":"25-55","AwayScore":80,"HomeScore":79,"WinningTeamId":4,"Links":{"gametrax":"/nba/gameTrax?gameId=2015041119","boxscore":"/nba/boxscore?gameId=2015041119","recap":"http://www.foxsports.com/nba/story/new-york-knicks-top-orlando-magic-after-teams-set-record-for-fewest-points-in-a-quarter-041115","preview":"http://www.foxsports.com/nba/story/knicks-magic-preview-041015","odds":"/nba/odds#28706","tickets":"http://www.awin1.com/cread.php?awinmid=4292&awinaffid=143258&clickref=nba&p=http://www.ticketsnow.com/InventoryBrowse/TicketList.aspx?PID=1607209"}},{"Id":28377,"GameState":2,"Date":"2015-04-11 19:30","SeasonType":1,"GameType":1,"AwayTeamId":30,"AwayLeader":"L Williams 29 pts","HomeTeamId":2,"HomeLeader":"D Wade 30 pts","AwayRecord":"48-32","HomeRecord":"35-45","AwayScore":107,"HomeScore":104,"WinningTeamId":30,"Links":{"gametrax":"/nba/gameTrax?gameId=2015041114","boxscore":"/nba/boxscore?gameId=2015041114","recap":"http://www.foxsports.com/nba/story/toronto-raptors-send-miami-heat-to-brink-of-elimination-041115","preview":"http://www.foxsports.com/nba/story/raptors-heat-preview-041115","odds":"/nba/odds#28377","tickets":"http://www.awin1.com/cread.php?awinmid=4292&awinaffid=143258&clickref=nba&p=http://www.ticketsnow.com/InventoryBrowse/TicketList.aspx?PID=1606506"}},{"Id":28009,"GameState":2,"Date":"2015-04-11 20:00","SeasonType":1,"GameType":1,"AwayTeamId":6,"AwayLeader":"R Covington 22 pts","HomeTeamId":10,"HomeLeader":"P Gasol 24 pts","AwayRecord":"18-62","HomeRecord":"48-32","AwayScore":107,"HomeScore":114,"WinningTeamId":10,"Links":{"gametrax":"/nba/gameTrax?gameId=2015041104","boxscore":"/nba/boxscore?gameId=2015041104","recap":"http://www.foxsports.com/nba/story/pau-gasol-derrick-rose-help-bulls-beat-76ers-114-107-041115","preview":"http://www.foxsports.com/nba/story/76ers-bulls-preview-041015","odds":"/nba/odds#28009","tickets":"http://www.awin1.com/cread.php?awinmid=4292&awinaffid=143258&clickref=nba&p=http://www.ticketsnow.com/InventoryBrowse/TicketList.aspx?PID=1606001"}},{"Id":28051,"GameState":2,"Date":"2015-04-11 22:00","SeasonType":1,"GameType":1,"AwayTeamId":20,"AwayLeader":"T Booker 36 pts","HomeTeamId":25,"HomeLeader":"D Lillard 28 pts","AwayRecord":"37-43","HomeRecord":"51-29","AwayScore":111,"HomeScore":105,"WinningTeamId":20,"Links":{"gametrax":"/nba/gameTrax?gameId=2015041122","boxscore":"/nba/boxscore?gameId=2015041122","recap":"http://www.foxsports.com/nba/story/utah-jazz-top-portland-trail-blazers-trevor-booker-scores-career-high-36-041215","preview":"http://www.foxsports.com/nba/story/jazz-trail-blazers-preview-041115","odds":"/nba/odds#28051","tickets":"http://www.awin1.com/cread.php?awinmid=4292&awinaffid=143258&clickref=nba&p=http://www.ticketsnow.com/InventoryBrowse/TicketList.aspx?PID=1607690"}},{"Id":28213,"GameState":2,"Date":"2015-04-11 22:00","SeasonType":1,"GameType":1,"AwayTeamId":31,"AwayLeader":"Z Randolph 21 pts","HomeTeamId":22,"HomeLeader":"B Griffin 18 pts","AwayRecord":"54-26","HomeRecord":"54-26","AwayScore":86,"HomeScore":94,"WinningTeamId":22,"Links":{"gametrax":"/nba/gameTrax?gameId=2015041112","boxscore":"/nba/boxscore?gameId=2015041112","recap":"http://www.foxsports.com/nba/story/los-angeles-clippers-down-memphis-grizzlies-041215","preview":"http://www.foxsports.com/nba/story/grizzlies-clippers-preview-041115","odds":"/nba/odds#28213","tickets":"http://www.awin1.com/cread.php?awinmid=4292&awinaffid=143258&clickref=nba&p=http://www.ticketsnow.com/InventoryBrowse/TicketList.aspx?PID=1607791"}},{"Id":27721,"GameState":2,"Date":"2015-04-11 22:30","SeasonType":1,"GameType":1,"AwayTeamId":18,"AwayLeader":"Z LaVine 37 pts","HomeTeamId":21,"HomeLeader":"S Curry 34 pts","AwayRecord":"16-64","HomeRecord":"65-15","AwayScore":101,"HomeScore":110,"WinningTeamId":21,"Links":{"gametrax":"/nba/gameTrax?gameId=2015041109","boxscore":"/nba/boxscore?gameId=2015041109","recap":"http://www.foxsports.com/nba/story/golden-state-warriors-get-past-minnesota-timberwolves-041215","preview":"http://www.foxsports.com/nba/story/timberwolves-warriors-preview-041115","odds":"/nba/odds#27721","tickets":"http://www.awin1.com/cread.php?awinmid=4292&awinaffid=143258&clickref=nba&p=http://www.ticketsnow.com/InventoryBrowse/TicketList.aspx?PID=1606237"}}]