[{"Id":27992,"GameState":2,"Date":"2015-01-22 20:00","SeasonType":1,"GameType":1,"AwayTeamId":19,"AwayLeader":"K Leonard 16 pts","HomeTeamId":10,"HomeLeader":"D Rose 22 pts","AwayRecord":"27-17","HomeRecord":"28-16","AwayScore":81,"HomeScore":104,"WinningTeamId":10,"Links":{"gametrax":"/nba/gameTrax?gameId=2015012204","boxscore":"/nba/boxscore?gameId=2015012204","recap":"http://www.foxsports.com/nba/story/chicago-bulls-hammer-san-antonio-spurs-derrick-rose-scores-22-012215","preview":"http://www.foxsports.com/nba/story/spurs-bulls-preview-012115","odds":"/nba/odds#27992","tickets":"http://www.awin1.com/cread.php?awinmid=4292&awinaffid=143258&clickref=nba&p=http://www.ticketsnow.com/InventoryBrowse/TicketList.aspx?PID=1605984"}},{"Id":28069,"GameState":2,"Date":"2015-01-22 20:00","SeasonType":1,"GameType":1,"AwayTeamId":20,"AwayLeader":"G Hayward 24 pts","HomeTeamId":14,"HomeLeader":"J Dudley 16 pts","AwayRecord":"15-28","HomeRecord":"21-21","AwayScore":101,"HomeScore":99,"WinningTeamId":20,"Links":{"gametrax":"/nba/gameTrax?gameId=2015012215","boxscore":"/nba/boxscore?gameId=2015012215","recap":"http://www.foxsports.com/nba/story/utah-jazz-hold-off-milwaukee-bucks-gordon-hayward-scores-24-012215","preview":"http://www.foxsports.com/nba/story/jazz-bucks-preview-012215","odds":"/nba/odds#28069","tickets":"http://www.awin1.com/cread.php?awinmid=4292&awinaffid=143258&clickref=nba&p=http://www.ticketsnow.com/InventoryBrowse/TicketList.aspx?PID=1606534"}},{"Id":28034,"GameState":2,"Date":"2015-01-22 22:00","SeasonType":1,"GameType":1,"AwayTeamId":1,"AwayLeader":"A Bradley 18 pts","HomeTeamId":25,"HomeLeader":"D Lillard 21 pts","AwayRecord":"14-26","HomeRecord":"31-13","AwayScore":90,"HomeScore":89,"WinningTeamId":1,"Links":{"gametrax":"/nba/gameTrax?gameId=2015012222","boxscore":"/nba/boxscore?gameId=2015012222","recap":"http://www.foxsports.com/nba/story/boston-celtics-edge-portland-trail-blazers-on-evan-turner-s-late-3-012315","preview":"http://www.foxsports.com/nba/story/celtics-trail-blazers-preview-012215","odds":"/nba/odds#28034","tickets":"http://www.awin1.com/cread.php?awinmid=4292&awinaffid=143258&clickref=nba&p=http://www.ticketsnow.com/InventoryBrowse/TicketList.aspx?PID=1607673"}},{"Id":28199,"GameState":2,"Date":"2015-01-22 22:30","SeasonType":1,"GameType":1,"AwayTeamId":3,"AwayLeader":"M Plumlee 16 pts","HomeTeamId":22,"HomeLeader":"B Griffin 24 pts","AwayRecord":"18-25","HomeRecord":"29-14","AwayScore":84,"HomeScore":123,"WinningTeamId":22,"Links":{"gametrax":"/nba/gameTrax?gameId=2015012212","boxscore":"/nba/boxscore?gameId=2015012212","recap":"http://www.foxsports.com/nba/story/los-angeles-clippers-rout-brooklyn-nets-012315","preview":"http://www.foxsports.com/nba/story/nets-clippers-preview-012215","odds":"/nba/odds#28199","tickets":"http://www.awin1.com/cread.php?awinmid=4292&awinaffid=143258&clickref=nba&p=http://www.ticketsnow.com/InventoryBrowse/TicketList.aspx?PID=1606325"}}]