[{"Id":27925,"GameState":2,"Date":"2015-04-02 20:00","SeasonType":1,"GameType":1,"AwayTeamId":2,"AwayLeader":"L Deng 17 pts","HomeTeamId":11,"HomeLeader":"L James 23 pts","AwayRecord":"34-41","HomeRecord":"49-27","AwayScore":88,"HomeScore":114,"WinningTeamId":11,"Links":{"gametrax":"/nba/gameTrax?gameId=2015040205","boxscore":"/nba/boxscore?gameId=2015040205","recap":"http://www.foxsports.com/nba/story/heat-lose-wade-to-knee-injury-fall-114-88-to-cavaliers-040215","preview":"http://www.foxsports.com/nba/story/heat-cavaliers-preview-040115","odds":"/nba/odds#27925","tickets":"http://www.awin1.com/cread.php?awinmid=4292&awinaffid=143258&clickref=nba&p=http://www.ticketsnow.com/InventoryBrowse/TicketList.aspx?PID=1607457"}},{"Id":28416,"GameState":2,"Date":"2015-04-02 20:30","SeasonType":1,"GameType":1,"AwayTeamId":17,"AwayLeader":"J Harden 24 pts","HomeTeamId":15,"HomeLeader":"D Nowitzki 21 pts","AwayRecord":"52-24","HomeRecord":"46-30","AwayScore":108,"HomeScore":101,"WinningTeamId":17,"Links":{"gametrax":"/nba/gameTrax?gameId=2015040206","boxscore":"/nba/boxscore?gameId=2015040206","recap":"http://www.foxsports.com/nba/story/harden-scores-24-rockets-rally-past-mavericks-108-101-040215","preview":"http://www.foxsports.com/nba/story/rockets-mavericks-preview-040215","odds":"/nba/odds#28416","tickets":"http://www.awin1.com/cread.php?awinmid=4292&awinaffid=143258&clickref=nba&p=http://www.ticketsnow.com/InventoryBrowse/TicketList.aspx?PID=1606048"}},{"Id":27719,"GameState":2,"Date":"2015-04-02 22:30","SeasonType":1,"GameType":1,"AwayTeamId":24,"AwayLeader":"E Bledsoe 18 pts","HomeTeamId":21,"HomeLeader":"S Curry 28 pts","AwayRecord":"38-38","HomeRecord":"62-13","AwayScore":106,"HomeScore":107,"WinningTeamId":21,"Links":{"gametrax":"/nba/gameTrax?gameId=2015040209","boxscore":"/nba/boxscore?gameId=2015040209","recap":"http://www.foxsports.com/nba/story/barnes-shot-lifts-warriors-to-107-106-win-over-suns-040315","preview":"http://www.foxsports.com/nba/story/suns-warriors-preview-040115","odds":"/nba/odds#27719","tickets":"http://www.awin1.com/cread.php?awinmid=4292&awinaffid=143258&clickref=nba&p=http://www.ticketsnow.com/InventoryBrowse/TicketList.aspx?PID=1606235"}}]