[{"Id":27633,"GameState":2,"Date":"2015-03-12 19:00","SeasonType":1,"GameType":1,"AwayTeamId":31,"AwayLeader":"J Stokes 13 pts","HomeTeamId":7,"HomeLeader":"M Gortat 22 pts","AwayRecord":"45-20","HomeRecord":"37-28","AwayScore":87,"HomeScore":107,"WinningTeamId":7,"Links":{"gametrax":"/nba/gameTrax?gameId=2015031227","boxscore":"/nba/boxscore?gameId=2015031227","recap":"http://www.foxsports.com/nba/story/watered-down-memphis-grizzlies-fall-to-washington-wizards-031215","preview":"http://www.foxsports.com/nba/story/grizzlies-wizards-preview-031215","odds":"/nba/odds#27633","tickets":"http://www.awin1.com/cread.php?awinmid=4292&awinaffid=143258&clickref=nba&p=http://www.ticketsnow.com/InventoryBrowse/TicketList.aspx?PID=1607405"}},{"Id":28328,"GameState":2,"FinalText":"OT","Date":"2015-03-12 19:00","SeasonType":1,"GameType":1,"AwayTeamId":14,"AwayLeader":"M Carter-Williams 28 pts","HomeTeamId":13,"HomeLeader":"R Stuckey 25 pts","AwayRecord":"34-31","HomeRecord":"30-34","AwayScore":103,"HomeScore":109,"WinningTeamId":13,"Links":{"gametrax":"/nba/gameTrax?gameId=2015031211","boxscore":"/nba/boxscore?gameId=2015031211","recap":"http://www.foxsports.com/nba/story/rodney-stuckey-scores-25-as-indiana-pacers-beat-milwaukee-bucks-in-overtime-for-seventh-straight-victory-031215","preview":"http://www.foxsports.com/nba/story/bucks-pacers-preview-031215","odds":"/nba/odds#28328","tickets":"http://www.awin1.com/cread.php?awinmid=4292&awinaffid=143258&clickref=nba&p=http://www.ticketsnow.com/InventoryBrowse/TicketList.aspx?PID=1606279"}},{"Id":27590,"GameState":2,"Date":"2015-03-12 21:00","SeasonType":1,"GameType":1,"AwayTeamId":17,"AwayLeader":"C Brewer 25 pts","HomeTeamId":20,"HomeLeader":"G Hayward 29 pts","AwayRecord":"43-22","HomeRecord":"28-36","AwayScore":91,"HomeScore":109,"WinningTeamId":20,"Links":{"gametrax":"/nba/gameTrax?gameId=2015031226","boxscore":"/nba/boxscore?gameId=2015031226","recap":"http://www.foxsports.com/nba/story/rudy-gobert-leads-utah-jazz-over-houston-rockets-with-19-points-22-rebounds-031215","preview":"http://www.foxsports.com/nba/story/rockets-jazz-preview-031215","odds":"/nba/odds#27590","tickets":"http://www.awin1.com/cread.php?awinmid=4292&awinaffid=143258&clickref=nba&p=http://www.ticketsnow.com/InventoryBrowse/TicketList.aspx?PID=1607641"}},{"Id":28492,"GameState":2,"FinalText":"OT","Date":"2015-03-12 21:30","SeasonType":1,"GameType":1,"AwayTeamId":11,"AwayLeader":"K Irving 57 pts","HomeTeamId":19,"HomeLeader":"T Parker 31 pts","AwayRecord":"42-25","HomeRecord":"40-24","AwayScore":128,"HomeScore":125,"WinningTeamId":11,"Links":{"gametrax":"/nba/gameTrax?gameId=2015031224","boxscore":"/nba/boxscore?gameId=2015031224","recap":"http://www.foxsports.com/nba/story/kyrie-irving-scores-57-points-cavs-beat-spurs-128-125-in-ot-031315","preview":"http://www.foxsports.com/nba/story/cavaliers-spurs-preview-031115","odds":"/nba/odds#28492","tickets":"http://www.awin1.com/cread.php?awinmid=4292&awinaffid=143258&clickref=nba&p=http://www.ticketsnow.com/InventoryBrowse/TicketList.aspx?PID=1607361"}},{"Id":28246,"GameState":2,"Date":"2015-03-12 22:30","SeasonType":1,"GameType":1,"AwayTeamId":4,"AwayLeader":"T Hardaway Jr. 22 pts","HomeTeamId":23,"HomeLeader":"J Hill 19 pts","AwayRecord":"13-51","HomeRecord":"17-47","AwayScore":101,"HomeScore":94,"WinningTeamId":4,"Links":{"gametrax":"/nba/gameTrax?gameId=2015031213","boxscore":"/nba/boxscore?gameId=2015031213","recap":"http://www.foxsports.com/nba/story/new-york-knicks-beat-los-angeles-lakers-031315","preview":"http://www.foxsports.com/nba/story/knicks-lakers-preview-031115","odds":"/nba/odds#28246","tickets":"http://www.awin1.com/cread.php?awinmid=4292&awinaffid=143258&clickref=nba&p=http://www.ticketsnow.com/InventoryBrowse/TicketList.aspx?PID=1606403"}}]