[{"Id":28109,"GameState":2,"Date":"2015-01-08 19:30","SeasonType":1,"GameType":1,"AwayTeamId":32,"AwayLeader":"G Henderson 31 pts","HomeTeamId":30,"HomeLeader":"K Lowry 24 pts","AwayRecord":"14-24","HomeRecord":"24-11","AwayScore":103,"HomeScore":95,"WinningTeamId":32,"Links":{"gametrax":"/nba/gameTrax?gameId=2015010828","boxscore":"/nba/boxscore?gameId=2015010828","recap":"http://www.foxsports.com/nba/story/charlotte-hornets-beat-toronto-raptors-as-gerald-henderson-scores-31-points-010815","preview":"http://www.foxsports.com/nba/story/hornets-raptors-preview-010815","odds":"/nba/odds#28109"}},{"Id":27783,"GameState":2,"Date":"2015-01-08 20:00","SeasonType":1,"GameType":1,"AwayTeamId":17,"AwayLeader":"J Harden 25 pts","HomeTeamId":4,"HomeLeader":"T Wear 21 pts","AwayRecord":"25-11","HomeRecord":"5-34","AwayScore":120,"HomeScore":96,"WinningTeamId":17,"Links":{"gametrax":"/nba/gameTrax?gameId=2015010818","boxscore":"/nba/boxscore?gameId=2015010818","recap":"http://www.foxsports.com/nba/story/new-york-knicks-fall-to-houston-rockets-for-14th-straight-loss-010815","preview":"http://www.foxsports.com/nba/story/rockets-knicks-preview-010715","odds":"/nba/odds#27783","tickets":"http://www.awin1.com/cread.php?awinmid=4292&awinaffid=143258&clickref=nba&p=http://www.ticketsnow.com/InventoryBrowse/TicketList.aspx?PID=1607032"}},{"Id":28030,"GameState":2,"Date":"2015-01-08 22:30","SeasonType":1,"GameType":1,"AwayTeamId":2,"AwayLeader":"D Wade 23 pts","HomeTeamId":25,"HomeLeader":"L Aldridge 24 pts","AwayRecord":"15-21","HomeRecord":"28-8","AwayScore":83,"HomeScore":99,"WinningTeamId":25,"Links":{"gametrax":"/nba/gameTrax?gameId=2015010822","boxscore":"/nba/boxscore?gameId=2015010822","recap":"http://www.foxsports.com/nba/story/portland-trail-blazers-beat-miami-heat-behind-lamarcus-aldridge-010915","preview":"#","odds":"/nba/odds#28030","tickets":"http://www.awin1.com/cread.php?awinmid=4292&awinaffid=143258&clickref=nba&p=http://www.ticketsnow.com/InventoryBrowse/TicketList.aspx?PID=1607669"}}]