[{"Id":28643,"GameState":2,"Date":"2015-01-02 19:00","SeasonType":1,"GameType":1,"AwayTeamId":11,"AwayLeader":"K Love 27 pts","HomeTeamId":32,"HomeLeader":"G Henderson 14 pts","AwayRecord":"19-14","HomeRecord":"10-24","AwayScore":91,"HomeScore":87,"WinningTeamId":11,"Links":{"gametrax":"/nba/gameTrax?gameId=2015010230","boxscore":"/nba/boxscore?gameId=2015010230","recap":"http://www.foxsports.com/nba/story/cleveland-cavaliers-top-charlotte-hornets-to-snap-3-game-skid-010215","preview":"http://www.foxsports.com/nba/story/cavaliers-hornets-preview-010115","odds":"/nba/odds#28643","tickets":"http://www.awin1.com/cread.php?awinmid=4292&awinaffid=143258&clickref=nba&p=http://www.ticketsnow.com/InventoryBrowse/TicketList.aspx?PID=1605935"}},{"Id":28680,"GameState":2,"Date":"2015-01-02 19:00","SeasonType":1,"GameType":1,"AwayTeamId":3,"AwayLeader":"M Plumlee 18 pts","HomeTeamId":5,"HomeLeader":"V Oladipo 17 pts","AwayRecord":"16-16","HomeRecord":"13-23","AwayScore":100,"HomeScore":98,"WinningTeamId":3,"Links":{"gametrax":"/nba/gameTrax?gameId=2015010219","boxscore":"/nba/boxscore?gameId=2015010219","recap":"http://www.foxsports.com/nba/story/brooklyn-nets-edge-orlando-magic-010215","preview":"http://www.foxsports.com/nba/story/nets-magic-preview-010115","odds":"/nba/odds#28680","tickets":"http://www.awin1.com/cread.php?awinmid=4292&awinaffid=143258&clickref=nba&p=http://www.ticketsnow.com/InventoryBrowse/TicketList.aspx?PID=1607184"}},{"Id":27536,"GameState":2,"Date":"2015-01-02 19:30","SeasonType":1,"GameType":1,"AwayTeamId":15,"AwayLeader":"R Rondo 29 pts","HomeTeamId":1,"HomeLeader":"A Bradley 22 pts","AwayRecord":"24-10","HomeRecord":"11-19","AwayScore":119,"HomeScore":101,"WinningTeamId":15,"Links":{"gametrax":"/nba/gameTrax?gameId=2015010202","boxscore":"/nba/boxscore?gameId=2015010202","recap":"http://www.foxsports.com/nba/story/dallas-mavericks-beat-boston-celtics-in-rajon-rondo-s-return-010215","preview":"http://www.foxsports.com/nba/story/mavericks-celtics-preview-010115","odds":"/nba/odds#27536","tickets":"http://www.awin1.com/cread.php?awinmid=4292&awinaffid=143258&clickref=nba&p=http://www.ticketsnow.com/InventoryBrowse/TicketList.aspx?PID=1605878"}},{"Id":27781,"GameState":2,"Date":"2015-01-02 19:30","SeasonType":1,"GameType":1,"AwayTeamId":12,"AwayLeader":"B Jennings 29 pts","HomeTeamId":4,"HomeLeader":"J Smith 22 pts","AwayRecord":"9-23","HomeRecord":"5-30","AwayScore":97,"HomeScore":81,"WinningTeamId":12,"Links":{"gametrax":"/nba/gameTrax?gameId=2015010218","boxscore":"/nba/boxscore?gameId=2015010218","recap":"http://www.foxsports.com/nba/story/detroit-pistons-hammer-new-york-knicks-without-carmelo-anthony-010215","preview":"http://www.foxsports.com/nba/story/pistons-knicks-preview-010115","odds":"/nba/odds#27781","tickets":"http://www.awin1.com/cread.php?awinmid=4292&awinaffid=143258&clickref=nba&p=http://www.ticketsnow.com/InventoryBrowse/TicketList.aspx?PID=1607030"}},{"Id":28434,"GameState":2,"Date":"2015-01-02 20:00","SeasonType":1,"GameType":1,"AwayTeamId":17,"AwayLeader":"D Howard 12 pts","HomeTeamId":9,"HomeLeader":"R Anderson 22 pts","AwayRecord":"22-10","HomeRecord":"17-16","AwayScore":83,"HomeScore":111,"WinningTeamId":9,"Links":{"gametrax":"/nba/gameTrax?gameId=2015010203","boxscore":"/nba/boxscore?gameId=2015010203","recap":"http://www.foxsports.com/nba/story/new-orleans-pelicans-rout-houston-rockets-010215","preview":"http://www.foxsports.com/nba/story/rockets-pelicans-preview-010215","odds":"/nba/odds#28434","tickets":"http://www.awin1.com/cread.php?awinmid=4292&awinaffid=143258&clickref=nba&p=http://www.ticketsnow.com/InventoryBrowse/TicketList.aspx?PID=1606865"}},{"Id":28600,"GameState":2,"Date":"2015-01-02 20:00","SeasonType":1,"GameType":1,"AwayTeamId":7,"AwayLeader":"B Beal 21 pts","HomeTeamId":27,"HomeLeader":"K Durant 34 pts","AwayRecord":"22-10","HomeRecord":"17-17","AwayScore":102,"HomeScore":109,"WinningTeamId":27,"Links":{"gametrax":"/nba/gameTrax?gameId=2015010225","boxscore":"/nba/boxscore?gameId=2015010225","recap":"http://www.foxsports.com/nba/story/oklahoma-city-thunder-get-past-washington-wizards-kevin-durant-scores-34-010215","preview":"http://www.foxsports.com/nba/story/wizards-thunder-preview-010215","odds":"/nba/odds#28600","tickets":"http://www.awin1.com/cread.php?awinmid=4292&awinaffid=143258&clickref=nba&p=http://www.ticketsnow.com/InventoryBrowse/TicketList.aspx?PID=1607136"}},{"Id":28065,"GameState":2,"Date":"2015-01-02 20:30","SeasonType":1,"GameType":1,"AwayTeamId":13,"AwayLeader":"C Miles 22 pts","HomeTeamId":14,"HomeLeader":"B Knight 20 pts","AwayRecord":"13-21","HomeRecord":"17-17","AwayScore":94,"HomeScore":91,"WinningTeamId":13,"Links":{"gametrax":"/nba/gameTrax?gameId=2015010215","boxscore":"/nba/boxscore?gameId=2015010215","recap":"http://www.foxsports.com/nba/story/indiana-pacers-beat-milwaukee-bucks-c-j-miles-leads-way-010215","preview":"http://www.foxsports.com/nba/story/pacers-bucks-preview-010115","odds":"/nba/odds#28065","tickets":"http://www.awin1.com/cread.php?awinmid=4292&awinaffid=143258&clickref=nba&p=http://www.ticketsnow.com/InventoryBrowse/TicketList.aspx?PID=1606529"}},{"Id":27575,"GameState":2,"Date":"2015-01-02 21:00","SeasonType":1,"GameType":1,"AwayTeamId":8,"AwayLeader":"J Teague 26 pts","HomeTeamId":20,"HomeLeader":"G Hayward 18 pts","AwayRecord":"24-8","HomeRecord":"11-22","AwayScore":98,"HomeScore":92,"WinningTeamId":8,"Links":{"gametrax":"/nba/gameTrax?gameId=2015010226","boxscore":"/nba/boxscore?gameId=2015010226","recap":"http://www.foxsports.com/nba/story/atlanta-hawks-beat-utah-jazz-010215","preview":"http://www.foxsports.com/nba/story/hawks-jazz-preview-010215","odds":"/nba/odds#27575","tickets":"http://www.awin1.com/cread.php?awinmid=4292&awinaffid=143258&clickref=nba&p=http://www.ticketsnow.com/InventoryBrowse/TicketList.aspx?PID=1607625"}},{"Id":27821,"GameState":2,"Date":"2015-01-02 21:00","SeasonType":1,"GameType":1,"AwayTeamId":6,"AwayLeader":"T Wroten 28 pts","HomeTeamId":24,"HomeLeader":"G Green 21 pts","AwayRecord":"4-27","HomeRecord":"19-16","AwayScore":96,"HomeScore":112,"WinningTeamId":24,"Links":{"gametrax":"/nba/gameTrax?gameId=2015010221","boxscore":"/nba/boxscore?gameId=2015010221","recap":"http://www.foxsports.com/nba/story/phoenix-suns-outlast-philadelphia-76ers-010215","preview":"http://www.foxsports.com/nba/story/76ers-suns-preview-010115","odds":"/nba/odds#27821","tickets":"http://www.awin1.com/cread.php?awinmid=4292&awinaffid=143258&clickref=nba&p=http://www.ticketsnow.com/InventoryBrowse/TicketList.aspx?PID=1607251"}},{"Id":27696,"GameState":2,"Date":"2015-01-02 22:30","SeasonType":1,"GameType":1,"AwayTeamId":30,"AwayLeader":"G Vasquez 25 pts","HomeTeamId":21,"HomeLeader":"S Curry 32 pts","AwayRecord":"24-9","HomeRecord":"26-5","AwayScore":105,"HomeScore":126,"WinningTeamId":21,"Links":{"gametrax":"/nba/gameTrax?gameId=2015010209","boxscore":"/nba/boxscore?gameId=2015010209","recap":"http://www.foxsports.com/nba/story/golden-state-warriors-get-past-toronto-raptors-stephen-curry-scores-32-010315","preview":"http://www.foxsports.com/nba/story/raptors-warriors-preview-010115","odds":"/nba/odds#27696","tickets":"http://www.awin1.com/cread.php?awinmid=4292&awinaffid=143258&clickref=nba&p=http://www.ticketsnow.com/InventoryBrowse/TicketList.aspx?PID=1606212"}},{"Id":28230,"GameState":2,"Date":"2015-01-02 22:30","SeasonType":1,"GameType":1,"AwayTeamId":31,"AwayLeader":"M Conley 19 pts","HomeTeamId":23,"HomeLeader":"E Davis 20 pts","AwayRecord":"24-8","HomeRecord":"10-23","AwayScore":109,"HomeScore":106,"WinningTeamId":31,"Links":{"gametrax":"/nba/gameTrax?gameId=2015010213","boxscore":"/nba/boxscore?gameId=2015010213","recap":"http://www.foxsports.com/nba/story/memphis-grizzlies-hold-of-los-angeles-lakers-010315","preview":"http://www.foxsports.com/nba/story/grizzlies-lakers-preview-010115","odds":"/nba/odds#28230","tickets":"http://www.awin1.com/cread.php?awinmid=4292&awinaffid=143258&clickref=nba&p=http://www.ticketsnow.com/InventoryBrowse/TicketList.aspx?PID=1606387"}}]