[{"Id":28650,"GameState":2,"Date":"2015-02-05 19:00","SeasonType":1,"GameType":1,"AwayTeamId":7,"AwayLeader":"P Pierce 19 pts","HomeTeamId":32,"HomeLeader":"G Henderson 27 pts","AwayRecord":"31-20","HomeRecord":"22-27","AwayScore":87,"HomeScore":94,"WinningTeamId":32,"Links":{"gametrax":"/nba/gameTrax?gameId=2015020530","boxscore":"/nba/boxscore?gameId=2015020530","recap":"http://www.foxsports.com/nba/story/henderson-leads-hornets-over-wizards-again-94-87-020515","preview":"http://www.foxsports.com/nba/story/wizards-hornets-preview-020515","odds":"/nba/odds#28650","tickets":"http://www.awin1.com/cread.php?awinmid=4292&awinaffid=143258&clickref=nba&p=http://www.ticketsnow.com/InventoryBrowse/TicketList.aspx?PID=1605942"}},{"Id":27916,"GameState":2,"Date":"2015-02-05 20:00","SeasonType":1,"GameType":1,"AwayTeamId":22,"AwayLeader":"B Griffin 16 pts","HomeTeamId":11,"HomeLeader":"K Love 24 pts","AwayRecord":"33-17","HomeRecord":"31-20","AwayScore":94,"HomeScore":105,"WinningTeamId":11,"Links":{"gametrax":"/nba/gameTrax?gameId=2015020505","boxscore":"/nba/boxscore?gameId=2015020505","recap":"http://www.foxsports.com/nba/story/cleveland-cavaliers-top-los-angeles-clippers-for-12th-straight-victory-020515","preview":"#","odds":"/nba/odds#27916","tickets":"http://www.awin1.com/cread.php?awinmid=4292&awinaffid=143258&clickref=nba&p=http://www.ticketsnow.com/InventoryBrowse/TicketList.aspx?PID=1607448"}},{"Id":27874,"GameState":2,"Date":"2015-02-05 22:00","SeasonType":1,"GameType":1,"AwayTeamId":15,"AwayLeader":"M Ellis 21 pts","HomeTeamId":26,"HomeLeader":"D Cousins 23 pts","AwayRecord":"34-18","HomeRecord":"17-31","AwayScore":101,"HomeScore":78,"WinningTeamId":15,"Links":{"gametrax":"/nba/gameTrax?gameId=2015020523","boxscore":"/nba/boxscore?gameId=2015020523","recap":"http://www.foxsports.com/nba/story/dallas-mavericks-down-sacramento-kings-020615","preview":"http://www.foxsports.com/nba/story/mavericks-kings-preview-020515","odds":"/nba/odds#27874","tickets":"http://www.awin1.com/cread.php?awinmid=4292&awinaffid=143258&clickref=nba&p=http://www.ticketsnow.com/InventoryBrowse/TicketList.aspx?PID=1607312"}},{"Id":28037,"GameState":2,"Date":"2015-02-05 22:30","SeasonType":1,"GameType":1,"AwayTeamId":24,"AwayLeader":"M Morris 18 pts","HomeTeamId":25,"HomeLeader":"N Batum 20 pts","AwayRecord":"28-23","HomeRecord":"34-16","AwayScore":87,"HomeScore":108,"WinningTeamId":25,"Links":{"gametrax":"/nba/gameTrax?gameId=2015020522","boxscore":"/nba/boxscore?gameId=2015020522","recap":"http://www.foxsports.com/nba/story/portland-trail-blazers-rout-phoenix-suns-020615","preview":"http://www.foxsports.com/nba/story/suns-trail-blazers-preview-020515","odds":"/nba/odds#28037","tickets":"http://www.awin1.com/cread.php?awinmid=4292&awinaffid=143258&clickref=nba&p=http://www.ticketsnow.com/InventoryBrowse/TicketList.aspx?PID=1607676"}}]