[{"Id":28666,"GameState":2,"Date":"2014-10-30 19:00","SeasonType":1,"GameType":1,"AwayTeamId":7,"AwayLeader":"J Wall 30 pts","HomeTeamId":5,"HomeLeader":"N Vucevic 23 pts","AwayRecord":"1-1","HomeRecord":"0-2","AwayScore":105,"HomeScore":98,"WinningTeamId":7,"Links":{"gametrax":"/nba/gameTrax?gameId=2014103019","boxscore":"/nba/boxscore?gameId=2014103019","recap":"http://www.foxsports.com/nba/story/walls-layup-helps-wizards-hold-off-magic-105-98-103014","preview":"http://www.foxsports.com/nba/story/wizards-magic-preview-103014","odds":"/nba/odds#28666","tickets":"http://www.awin1.com/cread.php?awinmid=4292&awinaffid=143258&clickref=nba&p=http://www.ticketsnow.com/InventoryBrowse/TicketList.aspx?PID=1607169"}},{"Id":27889,"GameState":2,"Date":"2014-10-30 20:00","SeasonType":1,"GameType":1,"AwayTeamId":4,"AwayLeader":"C Anthony 25 pts","HomeTeamId":11,"HomeLeader":"K Irving 22 pts","AwayRecord":"1-1","HomeRecord":"0-1","AwayScore":95,"HomeScore":90,"WinningTeamId":4,"Links":{"gametrax":"/nba/gameTrax?gameId=2014103005","boxscore":"/nba/boxscore?gameId=2014103005","recap":"http://www.foxsports.com/nba/story/knicks-spoil-james-homecoming-95-90-103014","preview":"http://www.foxsports.com/nba/story/knicks-cavaliers-preview-103014","odds":"/nba/odds#27889","tickets":"http://www.awin1.com/cread.php?awinmid=4292&awinaffid=143258&clickref=nba&p=http://www.ticketsnow.com/InventoryBrowse/TicketList.aspx?PID=1607418"}},{"Id":27930,"GameState":2,"Date":"2014-10-30 20:00","SeasonType":1,"GameType":1,"AwayTeamId":12,"AwayLeader":"C Butler 24 pts","HomeTeamId":18,"HomeLeader":"T Young 19 pts","AwayRecord":"0-2","HomeRecord":"1-1","AwayScore":91,"HomeScore":97,"WinningTeamId":18,"Links":{"gametrax":"/nba/gameTrax?gameId=2014103016","boxscore":"/nba/boxscore?gameId=2014103016","recap":"http://www.foxsports.com/nba/story/young-wolves-hold-off-pistons-97-91-103014","preview":"http://www.foxsports.com/nba/story/pistons-timberwolves-preview-103014","odds":"/nba/odds#27930","tickets":"http://www.awin1.com/cread.php?awinmid=4292&awinaffid=143258&clickref=nba&p=http://www.ticketsnow.com/InventoryBrowse/TicketList.aspx?PID=1606738"}},{"Id":28379,"GameState":2,"Date":"2014-10-30 20:30","SeasonType":1,"GameType":1,"AwayTeamId":20,"AwayLeader":"D Favors 17 pts","HomeTeamId":15,"HomeLeader":"C Parsons 21 pts","AwayRecord":"0-2","HomeRecord":"1-1","AwayScore":102,"HomeScore":120,"WinningTeamId":15,"Links":{"gametrax":"/nba/gameTrax?gameId=2014103006","boxscore":"/nba/boxscore?gameId=2014103006","recap":"http://www.foxsports.com/nba/story/nowitzki-mavs-top-jazz-120-102-in-home-opener-103014","preview":"http://www.foxsports.com/nba/story/jazz-mavericks-preview-103014","odds":"/nba/odds#28379","tickets":"http://www.awin1.com/cread.php?awinmid=4292&awinaffid=143258&clickref=nba&p=http://www.ticketsnow.com/InventoryBrowse/TicketList.aspx?PID=1606009"}},{"Id":28174,"GameState":2,"Date":"2014-10-30 22:30","SeasonType":1,"GameType":1,"AwayTeamId":27,"AwayLeader":"P Jones 32 pts","HomeTeamId":22,"HomeLeader":"B Griffin 23 pts","AwayRecord":"0-2","HomeRecord":"1-0","AwayScore":90,"HomeScore":93,"WinningTeamId":22,"Links":{"gametrax":"/nba/gameTrax?gameId=2014103012","boxscore":"/nba/boxscore?gameId=2014103012","recap":"http://www.foxsports.com/nba/story/clippers-hold-off-thunder-93-90-in-opener-103114","preview":"http://www.foxsports.com/nba/story/thunder-clippers-preview-103014","odds":"/nba/odds#28174","tickets":"http://www.awin1.com/cread.php?awinmid=4292&awinaffid=143258&clickref=nba&p=http://www.ticketsnow.com/InventoryBrowse/TicketList.aspx?PID=1606300"}}]