[{"Id":28189,"GameState":2,"Date":"2014-12-27 15:30","SeasonType":1,"GameType":1,"AwayTeamId":30,"AwayLeader":"K Lowry 25 pts","HomeTeamId":22,"HomeLeader":"J Redick 23 pts","AwayRecord":"23-7","HomeRecord":"20-11","AwayScore":110,"HomeScore":98,"WinningTeamId":30,"Links":{"gametrax":"/nba/gameTrax?gameId=2014122712","boxscore":"/nba/boxscore?gameId=2014122712","recap":"http://www.foxsports.com/nba/story/lowry-valanciunas-lead-raptors-over-clippers-122714","preview":"http://www.foxsports.com/nba/story/raptors-clippers-preview-122614","odds":"/nba/odds#28189","tickets":"http://www.awin1.com/cread.php?awinmid=4292&awinaffid=143258&clickref=nba&p=http://www.ticketsnow.com/InventoryBrowse/TicketList.aspx?PID=1607782"}},{"Id":27618,"GameState":2,"Date":"2014-12-27 19:00","SeasonType":1,"GameType":1,"AwayTeamId":1,"AwayLeader":"J Green 23 pts","HomeTeamId":7,"HomeLeader":"K Humphries 18 pts","AwayRecord":"10-18","HomeRecord":"21-8","AwayScore":88,"HomeScore":101,"WinningTeamId":7,"Links":{"gametrax":"/nba/gameTrax?gameId=2014122727","boxscore":"/nba/boxscore?gameId=2014122727","recap":"http://www.foxsports.com/nba/story/washington-wizards-top-boston-celtics-behind-kris-humprhies-paul-pierce-122714","preview":"http://www.foxsports.com/nba/story/celtics-wizards-preview-122614","odds":"/nba/odds#27618","tickets":"http://www.awin1.com/cread.php?awinmid=4292&awinaffid=143258&clickref=nba&p=http://www.ticketsnow.com/InventoryBrowse/TicketList.aspx?PID=1607390"}},{"Id":28641,"GameState":2,"Date":"2014-12-27 19:00","SeasonType":1,"GameType":1,"AwayTeamId":5,"AwayLeader":"N Vucevic 22 pts","HomeTeamId":32,"HomeLeader":"K Walker 42 pts","AwayRecord":"12-21","HomeRecord":"10-21","AwayScore":102,"HomeScore":94,"WinningTeamId":5,"Links":{"gametrax":"/nba/gameTrax?gameId=2014122730","boxscore":"/nba/boxscore?gameId=2014122730","recap":"http://www.foxsports.com/nba/story/orlando-magic-beat-charlotte-hornets-despite-kemba-walker-s-42-122714","preview":"http://www.foxsports.com/nba/story/magic-hornets-preview-122714","odds":"/nba/odds#28641","tickets":"http://www.awin1.com/cread.php?awinmid=4292&awinaffid=143258&clickref=nba&p=http://www.ticketsnow.com/InventoryBrowse/TicketList.aspx?PID=1605933"}},{"Id":28354,"GameState":2,"Date":"2014-12-27 19:30","SeasonType":1,"GameType":1,"AwayTeamId":31,"AwayLeader":"M Conley 24 pts","HomeTeamId":2,"HomeLeader":"D Wade 25 pts","AwayRecord":"22-8","HomeRecord":"14-17","AwayScore":103,"HomeScore":95,"WinningTeamId":31,"Links":{"gametrax":"/nba/gameTrax?gameId=2014122714","boxscore":"/nba/boxscore?gameId=2014122714","recap":"http://www.foxsports.com/nba/story/memphis-grizzlies-beat-miami-heat-snap-losing-streak-122714","preview":"http://www.foxsports.com/nba/story/grizzlies-heat-preview-122714","odds":"/nba/odds#28354","tickets":"http://www.awin1.com/cread.php?awinmid=4292&awinaffid=143258&clickref=nba&p=http://www.ticketsnow.com/InventoryBrowse/TicketList.aspx?PID=1606479"}},{"Id":27982,"GameState":2,"Date":"2014-12-27 20:00","SeasonType":1,"GameType":1,"AwayTeamId":9,"AwayLeader":"A Davis 29 pts","HomeTeamId":10,"HomeLeader":"J Butler 33 pts","AwayRecord":"15-15","HomeRecord":"21-9","AwayScore":100,"HomeScore":107,"WinningTeamId":10,"Links":{"gametrax":"/nba/gameTrax?gameId=2014122704","boxscore":"/nba/boxscore?gameId=2014122704","recap":"http://www.foxsports.com/nba/story/chicago-bulls-top-new-orleans-pelicans-for-6th-straight-win-122714","preview":"http://www.foxsports.com/nba/story/pelicans-bulls-preview-122714","odds":"/nba/odds#27982","tickets":"http://www.awin1.com/cread.php?awinmid=4292&awinaffid=143258&clickref=nba&p=http://www.ticketsnow.com/InventoryBrowse/TicketList.aspx?PID=1605974"}},{"Id":28722,"GameState":2,"Date":"2014-12-27 20:00","SeasonType":1,"GameType":1,"AwayTeamId":13,"AwayLeader":"R Stuckey 20 pts","HomeTeamId":3,"HomeLeader":"J Jack 22 pts","AwayRecord":"11-20","HomeRecord":"13-16","AwayScore":110,"HomeScore":85,"WinningTeamId":13,"Links":{"gametrax":"/nba/gameTrax?gameId=2014122717","boxscore":"/nba/boxscore?gameId=2014122717","recap":"http://www.foxsports.com/nba/story/indiana-pacers-beat-brooklyn-nets-halt-winning-streak-122714","preview":"#","odds":"/nba/odds#28722","tickets":"http://www.awin1.com/cread.php?awinmid=4292&awinaffid=143258&clickref=nba&p=http://www.ticketsnow.com/InventoryBrowse/TicketList.aspx?PID=1605451"}},{"Id":28064,"GameState":2,"Date":"2014-12-27 20:30","SeasonType":1,"GameType":1,"AwayTeamId":8,"AwayLeader":"J Teague 25 pts","HomeTeamId":14,"HomeLeader":"K Middleton 21 pts","AwayRecord":"22-8","HomeRecord":"15-16","AwayScore":90,"HomeScore":85,"WinningTeamId":8,"Links":{"gametrax":"/nba/gameTrax?gameId=2014122715","boxscore":"/nba/boxscore?gameId=2014122715","recap":"http://www.foxsports.com/nba/story/atlanta-hawks-beat-milwaukee-bucks-122714","preview":"#","odds":"/nba/odds#28064","tickets":"http://www.awin1.com/cread.php?awinmid=4292&awinaffid=143258&clickref=nba&p=http://www.ticketsnow.com/InventoryBrowse/TicketList.aspx?PID=1606528"}},{"Id":27573,"GameState":2,"Date":"2014-12-27 21:00","SeasonType":1,"GameType":1,"AwayTeamId":6,"AwayLeader":"T Wroten 20 pts","HomeTeamId":20,"HomeLeader":"D Favors 17 pts","AwayRecord":"4-25","HomeRecord":"10-20","AwayScore":71,"HomeScore":88,"WinningTeamId":20,"Links":{"gametrax":"/nba/gameTrax?gameId=2014122726","boxscore":"/nba/boxscore?gameId=2014122726","recap":"http://www.foxsports.com/nba/story/utah-jazz-beat-philadelphia-76ers-122714","preview":"http://www.foxsports.com/nba/story/76ers-jazz-preview-122714","odds":"/nba/odds#27573","tickets":"http://www.awin1.com/cread.php?awinmid=4292&awinaffid=143258&clickref=nba&p=http://www.ticketsnow.com/InventoryBrowse/TicketList.aspx?PID=1607623"}},{"Id":27865,"GameState":2,"FinalText":"OT","Date":"2014-12-27 22:00","SeasonType":1,"GameType":1,"AwayTeamId":4,"AwayLeader":"C Anthony 36 pts","HomeTeamId":26,"HomeLeader":"D Cousins 39 pts","AwayRecord":"5-27","HomeRecord":"13-17","AwayScore":129,"HomeScore":135,"WinningTeamId":26,"Links":{"gametrax":"/nba/gameTrax?gameId=2014122723","boxscore":"/nba/boxscore?gameId=2014122723","recap":"http://www.foxsports.com/nba/story/sacramento-kings-down-new-york-knicks-in-ot-as-demarcus-cousins-stars-122814","preview":"http://www.foxsports.com/nba/story/knicks-kings-preview-122714","odds":"/nba/odds#27865","tickets":"http://www.awin1.com/cread.php?awinmid=4292&awinaffid=143258&clickref=nba&p=http://www.ticketsnow.com/InventoryBrowse/TicketList.aspx?PID=1607303"}},{"Id":27694,"GameState":2,"Date":"2014-12-27 22:30","SeasonType":1,"GameType":1,"AwayTeamId":18,"AwayLeader":"T Young 17 pts","HomeTeamId":21,"HomeLeader":"S Curry 25 pts","AwayRecord":"5-24","HomeRecord":"24-5","AwayScore":97,"HomeScore":110,"WinningTeamId":21,"Links":{"gametrax":"/nba/gameTrax?gameId=2014122709","boxscore":"/nba/boxscore?gameId=2014122709","recap":"http://www.foxsports.com/nba/story/golden-state-warriors-beat-minnesota-timberwolves-122814","preview":"http://www.foxsports.com/nba/story/timberwolves-warriors-preview-122714","odds":"/nba/odds#27694","tickets":"http://www.awin1.com/cread.php?awinmid=4292&awinaffid=143258&clickref=nba&p=http://www.ticketsnow.com/InventoryBrowse/TicketList.aspx?PID=1606210"}}]