[{"Id":27614,"GameState":2,"Date":"2014-12-14 18:00","SeasonType":1,"GameType":1,"AwayTeamId":20,"AwayLeader":"A Burks 19 pts","HomeTeamId":7,"HomeLeader":"B Beal 22 pts","AwayRecord":"6-18","HomeRecord":"17-6","AwayScore":84,"HomeScore":93,"WinningTeamId":7,"Links":{"gametrax":"/nba/gameTrax?gameId=2014121427","boxscore":"/nba/boxscore?gameId=2014121427","recap":"http://www.foxsports.com/nba/story/washington-wizards-down-utah-jazz-as-teams-continue-in-opposite-directions-121414","preview":"#","odds":"/nba/odds#27614","tickets":"http://www.awin1.com/cread.php?awinmid=4292&awinaffid=143258&clickref=nba&p=http://www.ticketsnow.com/InventoryBrowse/TicketList.aspx?PID=1607386"}},{"Id":28348,"GameState":2,"Date":"2014-12-14 18:00","SeasonType":1,"GameType":1,"AwayTeamId":10,"AwayLeader":"M Dunleavy 22 pts","HomeTeamId":2,"HomeLeader":"L Deng 17 pts","AwayRecord":"15-8","HomeRecord":"11-13","AwayScore":93,"HomeScore":75,"WinningTeamId":10,"Links":{"gametrax":"/nba/gameTrax?gameId=2014121414","boxscore":"/nba/boxscore?gameId=2014121414","recap":"http://www.foxsports.com/nba/story/mike-dunleavy-scores-22-points-to-help-chicago-bulls-past-miami-heat-121414","preview":"http://www.foxsports.com/nba/story/bulls-heat-preview-121314","odds":"/nba/odds#28348","tickets":"http://www.awin1.com/cread.php?awinmid=4292&awinaffid=143258&clickref=nba&p=http://www.ticketsnow.com/InventoryBrowse/TicketList.aspx?PID=1606473"}},{"Id":28429,"GameState":2,"FinalText":"OT","Date":"2014-12-14 18:00","SeasonType":1,"GameType":1,"AwayTeamId":21,"AwayLeader":"S Curry 34 pts","HomeTeamId":9,"HomeLeader":"T Evans 34 pts","AwayRecord":"21-2","HomeRecord":"11-12","AwayScore":128,"HomeScore":122,"WinningTeamId":21,"Links":{"gametrax":"/nba/gameTrax?gameId=2014121403","boxscore":"/nba/boxscore?gameId=2014121403","recap":"http://www.foxsports.com/nba/story/golden-state-warriors-top-new-orleans-pelicans-for-16th-straight-victory-as-stephen-curry-scores-34-points-121414","preview":"http://www.foxsports.com/nba/story/warriors-pelicans-preview-121314","odds":"/nba/odds#28429","tickets":"http://www.awin1.com/cread.php?awinmid=4292&awinaffid=143258&clickref=nba&p=http://www.ticketsnow.com/InventoryBrowse/TicketList.aspx?PID=1606860"}},{"Id":27941,"GameState":2,"Date":"2014-12-14 19:00","SeasonType":1,"GameType":1,"AwayTeamId":23,"AwayLeader":"K Bryant 26 pts","HomeTeamId":18,"HomeLeader":"S Muhammad 28 pts","AwayRecord":"8-16","HomeRecord":"5-18","AwayScore":100,"HomeScore":94,"WinningTeamId":23,"Links":{"gametrax":"/nba/gameTrax?gameId=2014121416","boxscore":"/nba/boxscore?gameId=2014121416","recap":"http://www.foxsports.com/nba/story/kobe-surpasses-jordan-lakers-beat-timberwolves-121414","preview":"http://www.foxsports.com/nba/story/lakers-timberwolves-preview-121314","odds":"/nba/odds#27941","tickets":"http://www.awin1.com/cread.php?awinmid=4292&awinaffid=143258&clickref=nba&p=http://www.ticketsnow.com/InventoryBrowse/TicketList.aspx?PID=1606750"}},{"Id":28595,"GameState":2,"Date":"2014-12-14 19:00","SeasonType":1,"GameType":1,"AwayTeamId":24,"AwayLeader":"G Green 15 pts","HomeTeamId":27,"HomeLeader":"R Westbrook 28 pts","AwayRecord":"12-13","HomeRecord":"11-13","AwayScore":88,"HomeScore":112,"WinningTeamId":27,"Links":{"gametrax":"/nba/gameTrax?gameId=2014121425","boxscore":"/nba/boxscore?gameId=2014121425","recap":"http://www.foxsports.com/nba/story/russell-westbrook-carries-oklahoma-city-thunder-over-phoenix-suns-for-sixth-straight-win-121414","preview":"http://www.foxsports.com/nba/story/suns-thunder-preview-121314","odds":"/nba/odds#28595","tickets":"http://www.awin1.com/cread.php?awinmid=4292&awinaffid=143258&clickref=nba&p=http://www.ticketsnow.com/InventoryBrowse/TicketList.aspx?PID=1607131"}},{"Id":27777,"GameState":2,"FinalText":"OT","Date":"2014-12-14 19:30","SeasonType":1,"GameType":1,"AwayTeamId":30,"AwayLeader":"T Ross 22 pts","HomeTeamId":4,"HomeLeader":"C Anthony 34 pts","AwayRecord":"18-6","HomeRecord":"5-21","AwayScore":95,"HomeScore":90,"WinningTeamId":30,"Links":{"gametrax":"/nba/gameTrax?gameId=2014121418","boxscore":"/nba/boxscore?gameId=2014121418","recap":"http://www.foxsports.com/nba/story/kyle-lowry-carries-toronto-raptors-over-new-york-knicks-in-overtime-121414","preview":"http://www.foxsports.com/nba/story/raptors-knicks-preview-121314","odds":"/nba/odds#27777","tickets":"http://www.awin1.com/cread.php?awinmid=4292&awinaffid=143258&clickref=nba&p=http://www.ticketsnow.com/InventoryBrowse/TicketList.aspx?PID=1607025"}},{"Id":28143,"GameState":2,"Date":"2014-12-14 20:00","SeasonType":1,"GameType":1,"AwayTeamId":19,"AwayLeader":"K Leonard 18 pts","HomeTeamId":16,"HomeLeader":"A Afflalo 31 pts","AwayRecord":"17-7","HomeRecord":"10-14","AwayScore":99,"HomeScore":91,"WinningTeamId":19,"Links":{"gametrax":"/nba/gameTrax?gameId=2014121407","boxscore":"/nba/boxscore?gameId=2014121407","recap":"http://www.foxsports.com/nba/story/san-antonio-spurs-bounce-back-with-win-over-denver-nuggets-121414","preview":"http://www.foxsports.com/nba/story/spurs-nuggets-preview-121414","odds":"/nba/odds#28143","tickets":"http://www.awin1.com/cread.php?awinmid=4292&awinaffid=143258&clickref=nba&p=http://www.ticketsnow.com/InventoryBrowse/TicketList.aspx?PID=1607478"}}]