[{"Id":28652,"GameState":2,"Date":"2015-02-10 19:00","SeasonType":1,"GameType":1,"AwayTeamId":12,"AwayLeader":"G Monroe 23 pts","HomeTeamId":32,"HomeLeader":"G Henderson 17 pts","AwayRecord":"21-32","HomeRecord":"22-30","AwayScore":106,"HomeScore":78,"WinningTeamId":12,"Links":{"gametrax":"/nba/gameTrax?gameId=2015021030","boxscore":"/nba/boxscore?gameId=2015021030","recap":"http://www.foxsports.com/nba/story/detroit-pistons-coast-past-charlotte-hornets-with-another-double-double-from-greg-monroe-021015","preview":"http://www.foxsports.com/nba/story/pistons-hornets-preview-020915","odds":"/nba/odds#28652","tickets":"http://www.awin1.com/cread.php?awinmid=4292&awinaffid=143258&clickref=nba&p=http://www.ticketsnow.com/InventoryBrowse/TicketList.aspx?PID=1605944"}},{"Id":27833,"GameState":2,"Date":"2015-02-10 20:00","SeasonType":1,"GameType":1,"AwayTeamId":17,"AwayLeader":"J Harden 40 pts","HomeTeamId":24,"HomeLeader":"E Bledsoe 32 pts","AwayRecord":"36-16","HomeRecord":"29-25","AwayScore":127,"HomeScore":118,"WinningTeamId":17,"Links":{"gametrax":"/nba/gameTrax?gameId=2015021021","boxscore":"/nba/boxscore?gameId=2015021021","recap":"http://www.foxsports.com/nba/story/houston-rockets-beat-phoenix-suns-behind-james-harden-s-second-straight-40-point-game-021015","preview":"http://www.foxsports.com/nba/story/rockets-suns-preview-020915","odds":"/nba/odds#27833","tickets":"http://www.awin1.com/cread.php?awinmid=4292&awinaffid=143258&clickref=nba&p=http://www.ticketsnow.com/InventoryBrowse/TicketList.aspx?PID=1607263"}},{"Id":27994,"GameState":2,"Date":"2015-02-10 20:00","SeasonType":1,"GameType":1,"AwayTeamId":26,"AwayLeader":"R Gay 24 pts","HomeTeamId":10,"HomeLeader":"P Gasol 26 pts","AwayRecord":"18-33","HomeRecord":"33-20","AwayScore":86,"HomeScore":104,"WinningTeamId":10,"Links":{"gametrax":"/nba/gameTrax?gameId=2015021004","boxscore":"/nba/boxscore?gameId=2015021004","recap":"http://www.foxsports.com/nba/story/tony-snell-scores-career-best-24-in-chicago-bulls-victory-over-sacramento-kings-021015","preview":"#","odds":"/nba/odds#27994","tickets":"http://www.awin1.com/cread.php?awinmid=4292&awinaffid=143258&clickref=nba&p=http://www.ticketsnow.com/InventoryBrowse/TicketList.aspx?PID=1605986"}},{"Id":28570,"GameState":2,"Date":"2015-02-10 20:00","SeasonType":1,"GameType":1,"AwayTeamId":3,"AwayLeader":"M Plumlee 15 pts","HomeTeamId":31,"HomeLeader":"Z Randolph 19 pts","AwayRecord":"21-31","HomeRecord":"39-13","AwayScore":86,"HomeScore":95,"WinningTeamId":31,"Links":{"gametrax":"/nba/gameTrax?gameId=2015021029","boxscore":"/nba/boxscore?gameId=2015021029","recap":"http://www.foxsports.com/nba/story/randolph-marc-gasol-lead-grizzlies-past-nets-95-86-021015","preview":"http://www.foxsports.com/nba/story/nets-grizzlies-preview-021015","odds":"/nba/odds#28570","tickets":"http://www.awin1.com/cread.php?awinmid=4292&awinaffid=143258&clickref=nba&p=http://www.ticketsnow.com/InventoryBrowse/TicketList.aspx?PID=1606445"}},{"Id":28239,"GameState":2,"Date":"2015-02-10 22:30","SeasonType":1,"GameType":1,"AwayTeamId":16,"AwayLeader":"T Lawson 32 pts","HomeTeamId":23,"HomeLeader":"C Boozer 21 pts","AwayRecord":"20-33","HomeRecord":"13-39","AwayScore":106,"HomeScore":96,"WinningTeamId":16,"Links":{"gametrax":"/nba/gameTrax?gameId=2015021013","boxscore":"/nba/boxscore?gameId=2015021013","recap":"http://www.foxsports.com/nba/story/ty-lawson-leads-denver-nuggets-over-los-angeles-lakers-with-32-points-16-assists-021115","preview":"http://www.foxsports.com/nba/story/nuggets-lakers-preview-021015","odds":"/nba/odds#28239","tickets":"http://www.awin1.com/cread.php?awinmid=4292&awinaffid=143258&clickref=nba&p=http://www.ticketsnow.com/InventoryBrowse/TicketList.aspx?PID=1606396"}}]