[{"Id":28653,"GameState":2,"Date":"2015-02-21 19:00","SeasonType":1,"GameType":1,"AwayTeamId":27,"AwayLeader":"R Westbrook 33 pts","HomeTeamId":32,"HomeLeader":"M Williams 24 pts","AwayRecord":"30-25","HomeRecord":"22-31","AwayScore":110,"HomeScore":103,"WinningTeamId":27,"Links":{"gametrax":"/nba/gameTrax?gameId=2015022130","boxscore":"/nba/boxscore?gameId=2015022130","recap":"http://www.foxsports.com/nba/story/oklahoma-city-thunder-down-charlotte-hornets-russell-westbrook-stars-022115","preview":"http://www.foxsports.com/nba/story/thunder-hornets-preview-022015","odds":"/nba/odds#28653","tickets":"http://www.awin1.com/cread.php?awinmid=4292&awinaffid=143258&clickref=nba&p=http://www.ticketsnow.com/InventoryBrowse/TicketList.aspx?PID=1605945"}},{"Id":28362,"GameState":2,"Date":"2015-02-21 19:30","SeasonType":1,"GameType":1,"AwayTeamId":9,"AwayLeader":"E Gordon 24 pts","HomeTeamId":2,"HomeLeader":"M Chalmers 20 pts","AwayRecord":"28-27","HomeRecord":"23-31","AwayScore":105,"HomeScore":91,"WinningTeamId":9,"Links":{"gametrax":"/nba/gameTrax?gameId=2015022114","boxscore":"/nba/boxscore?gameId=2015022114","recap":"http://www.foxsports.com/nba/story/new-orleans-pelicans-beat-miami-heat-lose-anthony-davis-ryan-anderson-to-injury-022115","preview":"http://www.foxsports.com/nba/story/pelicans-heat-preview-022115","odds":"/nba/odds#28362","tickets":"http://www.awin1.com/cread.php?awinmid=4292&awinaffid=143258&clickref=nba&p=http://www.ticketsnow.com/InventoryBrowse/TicketList.aspx?PID=1606488"}},{"Id":27996,"GameState":2,"Date":"2015-02-21 20:00","SeasonType":1,"GameType":1,"AwayTeamId":24,"AwayLeader":"P Tucker 20 pts","HomeTeamId":10,"HomeLeader":"P Gasol 22 pts","AwayRecord":"29-27","HomeRecord":"35-21","AwayScore":107,"HomeScore":112,"WinningTeamId":10,"Links":{"gametrax":"/nba/gameTrax?gameId=2015022104","boxscore":"/nba/boxscore?gameId=2015022104","recap":"http://www.foxsports.com/nba/story/chicago-bulls-top-phoenix-suns-022115","preview":"http://www.foxsports.com/nba/story/suns-bulls-preview-022115","odds":"/nba/odds#27996","tickets":"http://www.awin1.com/cread.php?awinmid=4292&awinaffid=143258&clickref=nba&p=http://www.ticketsnow.com/InventoryBrowse/TicketList.aspx?PID=1605988"}},{"Id":28528,"GameState":2,"Date":"2015-02-21 20:00","SeasonType":1,"GameType":1,"AwayTeamId":30,"AwayLeader":"J Johnson 27 pts","HomeTeamId":17,"HomeLeader":"C Brewer 26 pts","AwayRecord":"37-18","HomeRecord":"37-18","AwayScore":76,"HomeScore":98,"WinningTeamId":17,"Links":{"gametrax":"/nba/gameTrax?gameId=2015022110","boxscore":"/nba/boxscore?gameId=2015022110","recap":"http://www.foxsports.com/nba/story/houston-rockets-top-toronto-raptors-022115","preview":"http://www.foxsports.com/nba/story/raptors-rockets-preview-022115","odds":"/nba/odds#28528","tickets":"http://www.awin1.com/cread.php?awinmid=4292&awinaffid=143258&clickref=nba&p=http://www.ticketsnow.com/InventoryBrowse/TicketList.aspx?PID=1607545"}},{"Id":28203,"GameState":2,"Date":"2015-02-21 22:00","SeasonType":1,"GameType":1,"AwayTeamId":26,"AwayLeader":"D Cousins 21 pts","HomeTeamId":22,"HomeLeader":"A Rivers 28 pts","AwayRecord":"19-35","HomeRecord":"37-19","AwayScore":99,"HomeScore":126,"WinningTeamId":22,"Links":{"gametrax":"/nba/gameTrax?gameId=2015022112","boxscore":"/nba/boxscore?gameId=2015022112","recap":"http://www.foxsports.com/nba/story/los-angeles-clippers-rout-sacramento-kings-022215","preview":"http://www.foxsports.com/nba/story/kings-clippers-preview-022115","odds":"/nba/odds#28203","tickets":"http://www.awin1.com/cread.php?awinmid=4292&awinaffid=143258&clickref=nba&p=http://www.ticketsnow.com/InventoryBrowse/TicketList.aspx?PID=1606329"}}]