[{"Id":27798,"GameState":2,"FinalText":"OT","Date":"2015-03-19 19:30","SeasonType":1,"GameType":1,"AwayTeamId":18,"AwayLeader":"K Martin 22 pts","HomeTeamId":4,"HomeLeader":"L Galloway 21 pts","AwayRecord":"15-53","HomeRecord":"14-54","AwayScore":95,"HomeScore":92,"WinningTeamId":18,"Links":{"gametrax":"/nba/gameTrax?gameId=2015031918","boxscore":"/nba/boxscore?gameId=2015031918","recap":"http://www.foxsports.com/nba/story/wolves-edge-knicks-in-ot-matchup-of-nbas-biggest-losers-031915","preview":"http://www.foxsports.com/nba/story/timberwolves-knicks-preview-031915","odds":"/nba/odds#27798","tickets":"http://www.awin1.com/cread.php?awinmid=4292&awinaffid=143258&clickref=nba&p=http://www.ticketsnow.com/InventoryBrowse/TicketList.aspx?PID=1607046"}},{"Id":28536,"GameState":2,"Date":"2015-03-19 20:00","SeasonType":1,"GameType":1,"AwayTeamId":16,"AwayLeader":"W Chandler 23 pts","HomeTeamId":17,"HomeLeader":"J Harden 50 pts","AwayRecord":"26-43","HomeRecord":"46-22","AwayScore":108,"HomeScore":118,"WinningTeamId":17,"Links":{"gametrax":"/nba/gameTrax?gameId=2015031910","boxscore":"/nba/boxscore?gameId=2015031910","recap":"http://www.foxsports.com/nba/story/hardens-career-best-50-leads-rockets-over-nuggets-118-108-031915","preview":"http://www.foxsports.com/nba/story/nuggets-rockets-preview-031815","odds":"/nba/odds#28536","tickets":"http://www.awin1.com/cread.php?awinmid=4292&awinaffid=143258&clickref=nba&p=http://www.ticketsnow.com/InventoryBrowse/TicketList.aspx?PID=1607553"}},{"Id":27841,"GameState":2,"Date":"2015-03-19 22:00","SeasonType":1,"GameType":1,"AwayTeamId":9,"AwayLeader":"E Gordon 14 pts","HomeTeamId":24,"HomeLeader":"M Morris 17 pts","AwayRecord":"37-31","HomeRecord":"36-33","AwayScore":72,"HomeScore":74,"WinningTeamId":24,"Links":{"gametrax":"/nba/gameTrax?gameId=2015031921","boxscore":"/nba/boxscore?gameId=2015031921","recap":"http://www.foxsports.com/nba/story/suns-survive-for-ugly-74-72-win-over-davis-less-new-orleans-032015","preview":"http://www.foxsports.com/nba/story/pelicans-suns-preview-031815","odds":"/nba/odds#27841","tickets":"http://www.awin1.com/cread.php?awinmid=4292&awinaffid=143258&clickref=nba&p=http://www.ticketsnow.com/InventoryBrowse/TicketList.aspx?PID=1607271"}},{"Id":28248,"GameState":2,"Date":"2015-03-19 22:30","SeasonType":1,"GameType":1,"AwayTeamId":20,"AwayLeader":"G Hayward 22 pts","HomeTeamId":23,"HomeLeader":"T Black 13 pts","AwayRecord":"31-37","HomeRecord":"17-50","AwayScore":80,"HomeScore":73,"WinningTeamId":20,"Links":{"gametrax":"/nba/gameTrax?gameId=2015031913","boxscore":"/nba/boxscore?gameId=2015031913","recap":"http://www.foxsports.com/nba/story/utah-jazz-hand-los-angeles-lakers-50th-loss-032015","preview":"http://www.foxsports.com/nba/story/jazz-lakers-preview-031915","odds":"/nba/odds#28248","tickets":"http://www.awin1.com/cread.php?awinmid=4292&awinaffid=143258&clickref=nba&p=http://www.ticketsnow.com/InventoryBrowse/TicketList.aspx?PID=1606405"}}]