[{"Id":28363,"GameState":2,"Date":"2015-02-23 19:30","SeasonType":1,"GameType":1,"AwayTeamId":6,"AwayLeader":"H Thompson 22 pts","HomeTeamId":2,"HomeLeader":"L Deng 29 pts","AwayRecord":"12-44","HomeRecord":"24-31","AwayScore":108,"HomeScore":119,"WinningTeamId":2,"Links":{"gametrax":"/nba/gameTrax?gameId=2015022314","boxscore":"/nba/boxscore?gameId=2015022314","recap":"http://www.foxsports.com/nba/story/luol-deng-scores-29-in-miami-heat-victory-over-philadelphia-76ers-022315","preview":"http://www.foxsports.com/nba/story/76ers-heat-preview-022315","odds":"/nba/odds#28363","tickets":"http://www.awin1.com/cread.php?awinmid=4292&awinaffid=143258&clickref=nba&p=http://www.ticketsnow.com/InventoryBrowse/TicketList.aspx?PID=1606492"}},{"Id":27997,"GameState":2,"Date":"2015-02-23 20:00","SeasonType":1,"GameType":1,"AwayTeamId":14,"AwayLeader":"K Middleton 17 pts","HomeTeamId":10,"HomeLeader":"T Snell 20 pts","AwayRecord":"31-25","HomeRecord":"36-21","AwayScore":71,"HomeScore":87,"WinningTeamId":10,"Links":{"gametrax":"/nba/gameTrax?gameId=2015022304","boxscore":"/nba/boxscore?gameId=2015022304","recap":"http://www.foxsports.com/nba/story/chicago-bulls-control-boards-to-beat-milwaukee-bucks-022315","preview":"http://www.foxsports.com/nba/story/bucks-bulls-preview-022215","odds":"/nba/odds#27997","tickets":"http://www.awin1.com/cread.php?awinmid=4292&awinaffid=143258&clickref=nba&p=http://www.ticketsnow.com/InventoryBrowse/TicketList.aspx?PID=1605989"}},{"Id":28447,"GameState":2,"Date":"2015-02-23 20:00","SeasonType":1,"GameType":1,"AwayTeamId":30,"AwayLeader":"K Lowry 22 pts","HomeTeamId":9,"HomeLeader":"L Babbitt 18 pts","AwayRecord":"37-19","HomeRecord":"29-27","AwayScore":97,"HomeScore":100,"WinningTeamId":9,"Links":{"gametrax":"/nba/gameTrax?gameId=2015022303","boxscore":"/nba/boxscore?gameId=2015022303","recap":"http://www.foxsports.com/nba/story/new-orleans-pelicans-down-toronto-raptors-without-anthony-davis-jrue-holiday-ryan-anderson-022315","preview":"http://www.foxsports.com/nba/story/raptors-pelicans-preview-022215","odds":"/nba/odds#28447","tickets":"http://www.awin1.com/cread.php?awinmid=4292&awinaffid=143258&clickref=nba&p=http://www.ticketsnow.com/InventoryBrowse/TicketList.aspx?PID=1606878"}},{"Id":28529,"GameState":2,"Date":"2015-02-23 20:00","SeasonType":1,"GameType":1,"AwayTeamId":18,"AwayLeader":"A Wiggins 30 pts","HomeTeamId":17,"HomeLeader":"J Harden 31 pts","AwayRecord":"12-43","HomeRecord":"38-18","AwayScore":102,"HomeScore":113,"WinningTeamId":17,"Links":{"gametrax":"/nba/gameTrax?gameId=2015022310","boxscore":"/nba/boxscore?gameId=2015022310","recap":"http://www.foxsports.com/nba/story/james-harden-triple-double-boosts-houston-rockets-over-minnesota-timberwolves-022315","preview":"http://www.foxsports.com/nba/story/timberwolves-rockets-preview-022215","odds":"/nba/odds#28529","tickets":"http://www.awin1.com/cread.php?awinmid=4292&awinaffid=143258&clickref=nba&p=http://www.ticketsnow.com/InventoryBrowse/TicketList.aspx?PID=1607546"}},{"Id":27586,"GameState":2,"Date":"2015-02-23 21:00","SeasonType":1,"GameType":1,"AwayTeamId":19,"AwayLeader":"T Duncan 14 pts","HomeTeamId":20,"HomeLeader":"T Burke 23 pts","AwayRecord":"34-22","HomeRecord":"21-34","AwayScore":81,"HomeScore":90,"WinningTeamId":20,"Links":{"gametrax":"/nba/gameTrax?gameId=2015022326","boxscore":"/nba/boxscore?gameId=2015022326","recap":"http://www.foxsports.com/nba/story/utah-jazz-force-22-turnovers-in-victory-over-san-antonio-spurs-022315","preview":"http://www.foxsports.com/nba/story/spurs-jazz-preview-022215","odds":"/nba/odds#27586","tickets":"http://www.awin1.com/cread.php?awinmid=4292&awinaffid=143258&clickref=nba&p=http://www.ticketsnow.com/InventoryBrowse/TicketList.aspx?PID=1607636"}},{"Id":27834,"GameState":2,"Date":"2015-02-23 21:00","SeasonType":1,"GameType":1,"AwayTeamId":1,"AwayLeader":"A Bradley 23 pts","HomeTeamId":24,"HomeLeader":"E Bledsoe 21 pts","AwayRecord":"21-33","HomeRecord":"29-28","AwayScore":115,"HomeScore":110,"WinningTeamId":1,"Links":{"gametrax":"/nba/gameTrax?gameId=2015022321","boxscore":"/nba/boxscore?gameId=2015022321","recap":"http://www.foxsports.com/nba/story/isaiah-thomas-leads-boston-celtics-over-phoenix-suns-in-first-game-vs-former-team-022315","preview":"http://www.foxsports.com/nba/story/celtics-suns-preview-022315","odds":"/nba/odds#27834","tickets":"http://www.awin1.com/cread.php?awinmid=4292&awinaffid=143258&clickref=nba&p=http://www.ticketsnow.com/InventoryBrowse/TicketList.aspx?PID=1607264"}},{"Id":28159,"GameState":2,"Date":"2015-02-23 21:00","SeasonType":1,"GameType":1,"AwayTeamId":3,"AwayLeader":"B Lopez 19 pts","HomeTeamId":16,"HomeLeader":"D Gallinari 22 pts","AwayRecord":"23-31","HomeRecord":"20-36","AwayScore":110,"HomeScore":82,"WinningTeamId":3,"Links":{"gametrax":"/nba/gameTrax?gameId=2015022307","boxscore":"/nba/boxscore?gameId=2015022307","recap":"http://www.foxsports.com/nba/story/brooklyn-nets-hand-denver-nuggets-their-seventh-straight-home-loss-022315","preview":"http://www.foxsports.com/nba/story/nets-nuggets-preview-022315","odds":"/nba/odds#28159","tickets":"http://www.awin1.com/cread.php?awinmid=4292&awinaffid=143258&clickref=nba&p=http://www.ticketsnow.com/InventoryBrowse/TicketList.aspx?PID=1607494"}},{"Id":28204,"GameState":2,"Date":"2015-02-23 22:30","SeasonType":1,"GameType":1,"AwayTeamId":31,"AwayLeader":"M Conley 18 pts","HomeTeamId":22,"HomeLeader":"C Paul 30 pts","AwayRecord":"41-14","HomeRecord":"37-20","AwayScore":90,"HomeScore":87,"WinningTeamId":31,"Links":{"gametrax":"/nba/gameTrax?gameId=2015022312","boxscore":"/nba/boxscore?gameId=2015022312","recap":"http://www.foxsports.com/nba/story/memphis-grizzlies-snap-los-angeles-clippers-4-game-winning-streak-022415","preview":"http://www.foxsports.com/nba/story/grizzlies-clippers-preview-022315","odds":"/nba/odds#28204","tickets":"http://www.awin1.com/cread.php?awinmid=4292&awinaffid=143258&clickref=nba&p=http://www.ticketsnow.com/InventoryBrowse/TicketList.aspx?PID=1606330"}}]