[{"Id":27759,"GameState":2,"Date":"2015-03-24 19:30","SeasonType":1,"GameType":1,"AwayTeamId":30,"AwayLeader":"D DeRozan 22 pts","HomeTeamId":12,"HomeLeader":"R Jackson 28 pts","AwayRecord":"42-29","HomeRecord":"27-44","AwayScore":104,"HomeScore":108,"WinningTeamId":12,"Links":{"gametrax":"/nba/gameTrax?gameId=2015032408","boxscore":"/nba/boxscore?gameId=2015032408","recap":"http://www.foxsports.com/nba/story/jackson-has-28-points-as-pistons-beat-raptors-108-104-032415","preview":"http://www.foxsports.com/nba/story/raptors-pistons-preview-032315","odds":"/nba/odds#27759","tickets":"http://www.awin1.com/cread.php?awinmid=4292&awinaffid=143258&clickref=nba&p=http://www.ticketsnow.com/InventoryBrowse/TicketList.aspx?PID=1606185"}},{"Id":28084,"GameState":2,"Date":"2015-03-24 20:00","SeasonType":1,"GameType":1,"AwayTeamId":2,"AwayLeader":"D Wade 21 pts","HomeTeamId":14,"HomeLeader":"E Ilyasova 19 pts","AwayRecord":"32-38","HomeRecord":"35-36","AwayScore":88,"HomeScore":89,"WinningTeamId":14,"Links":{"gametrax":"/nba/gameTrax?gameId=2015032415","boxscore":"/nba/boxscore?gameId=2015032415","recap":"http://www.foxsports.com/nba/story/khris-middleton-hits-buzzer-beater-to-lift-milwaukee-bucks-over-miami-heat-032415","preview":"http://www.foxsports.com/nba/story/heat-bucks-preview-032315","odds":"/nba/odds#28084","tickets":"http://www.awin1.com/cread.php?awinmid=4292&awinaffid=143258&clickref=nba&p=http://www.ticketsnow.com/InventoryBrowse/TicketList.aspx?PID=1606549"}},{"Id":28415,"GameState":2,"Date":"2015-03-24 20:00","SeasonType":1,"GameType":1,"AwayTeamId":19,"AwayLeader":"K Leonard 19 pts","HomeTeamId":15,"HomeLeader":"M Ellis 38 pts","AwayRecord":"44-26","HomeRecord":"45-27","AwayScore":94,"HomeScore":101,"WinningTeamId":15,"Links":{"gametrax":"/nba/gameTrax?gameId=2015032406","boxscore":"/nba/boxscore?gameId=2015032406","recap":"http://www.foxsports.com/nba/story/ellis-has-38-points-mavericks-rally-to-beat-spurs-101-94-032415","preview":"http://www.foxsports.com/nba/story/spurs-mavericks-preview-032315","odds":"/nba/odds#28415","tickets":"http://www.awin1.com/cread.php?awinmid=4292&awinaffid=143258&clickref=nba&p=http://www.ticketsnow.com/InventoryBrowse/TicketList.aspx?PID=1606047"}},{"Id":28619,"GameState":2,"Date":"2015-03-24 20:00","SeasonType":1,"GameType":1,"AwayTeamId":23,"AwayLeader":"J Clarkson 30 pts","HomeTeamId":27,"HomeLeader":"R Westbrook 27 pts","AwayRecord":"18-51","HomeRecord":"41-30","AwayScore":117,"HomeScore":127,"WinningTeamId":27,"Links":{"gametrax":"/nba/gameTrax?gameId=2015032425","boxscore":"/nba/boxscore?gameId=2015032425","recap":"http://www.foxsports.com/nba/story/westbrook-scores-27-thunder-win-127-117-over-lakers-032415","preview":"http://www.foxsports.com/nba/story/lakers-thunder-preview-032315","odds":"/nba/odds#28619","tickets":"http://www.awin1.com/cread.php?awinmid=4292&awinaffid=143258&clickref=nba&p=http://www.ticketsnow.com/InventoryBrowse/TicketList.aspx?PID=1607155"}},{"Id":27884,"GameState":2,"Date":"2015-03-24 22:00","SeasonType":1,"GameType":1,"AwayTeamId":6,"AwayLeader":"R Covington 21 pts","HomeTeamId":26,"HomeLeader":"D Cousins 33 pts","AwayRecord":"17-54","HomeRecord":"25-45","AwayScore":106,"HomeScore":107,"WinningTeamId":26,"Links":{"gametrax":"/nba/gameTrax?gameId=2015032423","boxscore":"/nba/boxscore?gameId=2015032423","recap":"http://www.foxsports.com/nba/story/cousins-scores-33-kings-finally-beat-76ers-at-home-107-106-032515","preview":"http://www.foxsports.com/nba/story/76ers-kings-preview-032315","odds":"/nba/odds#27884","tickets":"http://www.awin1.com/cread.php?awinmid=4292&awinaffid=143258&clickref=nba&p=http://www.ticketsnow.com/InventoryBrowse/TicketList.aspx?PID=1607322"}},{"Id":28045,"GameState":2,"Date":"2015-03-24 22:30","SeasonType":1,"GameType":1,"AwayTeamId":21,"AwayLeader":"S Curry 33 pts","HomeTeamId":25,"HomeLeader":"D Lillard 29 pts","AwayRecord":"58-13","HomeRecord":"44-25","AwayScore":122,"HomeScore":108,"WinningTeamId":21,"Links":{"gametrax":"/nba/gameTrax?gameId=2015032422","boxscore":"/nba/boxscore?gameId=2015032422","recap":"http://www.foxsports.com/nba/story/warriors-clinch-division-with-122-108-victory-over-blazers-032515","preview":"http://www.foxsports.com/nba/story/warriors-trail-blazers-preview-032415","odds":"/nba/odds#28045","tickets":"http://www.awin1.com/cread.php?awinmid=4292&awinaffid=143258&clickref=nba&p=http://www.ticketsnow.com/InventoryBrowse/TicketList.aspx?PID=1607684"}}]