[{"Id":28294,"GameState":2,"Date":"2015-04-07 19:30","SeasonType":1,"GameType":1,"AwayTeamId":24,"AwayLeader":"G Green 15 pts","HomeTeamId":8,"HomeLeader":"M Muscala 16 pts","AwayRecord":"39-39","HomeRecord":"58-19","AwayScore":69,"HomeScore":96,"WinningTeamId":8,"Links":{"gametrax":"/nba/gameTrax?gameId=2015040701","boxscore":"/nba/boxscore?gameId=2015040701","recap":"http://www.foxsports.com/nba/story/hawks-win-58th-game-to-set-single-season-franchise-mark-040715","preview":"http://www.foxsports.com/nba/story/suns-hawks-preview-040615","odds":"/nba/odds#28294","tickets":"http://www.awin1.com/cread.php?awinmid=4292&awinaffid=143258&clickref=nba&p=http://www.ticketsnow.com/InventoryBrowse/TicketList.aspx?PID=1605851"}},{"Id":28375,"GameState":2,"Date":"2015-04-07 19:30","SeasonType":1,"GameType":1,"AwayTeamId":32,"AwayLeader":"G Henderson 29 pts","HomeTeamId":2,"HomeLeader":"G Dragic 28 pts","AwayRecord":"33-44","HomeRecord":"35-43","AwayScore":100,"HomeScore":105,"WinningTeamId":2,"Links":{"gametrax":"/nba/gameTrax?gameId=2015040714","boxscore":"/nba/boxscore?gameId=2015040714","recap":"http://www.foxsports.com/nba/story/miami-heat-goran-dragic-dwyane-wade-beat-charlotte-hornets-eighth-playoff-spot-040715","preview":"http://www.foxsports.com/nba/story/hornets-heat-preview-040615","odds":"/nba/odds#28375","tickets":"http://www.awin1.com/cread.php?awinmid=4292&awinaffid=143258&clickref=nba&p=http://www.ticketsnow.com/InventoryBrowse/TicketList.aspx?PID=1606504"}},{"Id":28458,"GameState":2,"Date":"2015-04-07 20:00","SeasonType":1,"GameType":1,"AwayTeamId":21,"AwayLeader":"S Curry 25 pts","HomeTeamId":9,"HomeLeader":"A Davis 29 pts","AwayRecord":"63-15","HomeRecord":"42-35","AwayScore":100,"HomeScore":103,"WinningTeamId":9,"Links":{"gametrax":"/nba/gameTrax?gameId=2015040703","boxscore":"/nba/boxscore?gameId=2015040703","recap":"http://www.foxsports.com/nba/story/pelicans-beat-warriors-103-100-move-into-8th-spot-040715","preview":"http://www.foxsports.com/nba/story/warriors-pelicans-preview-040615","odds":"/nba/odds#28458","tickets":"http://www.awin1.com/cread.php?awinmid=4292&awinaffid=143258&clickref=nba&p=http://www.ticketsnow.com/InventoryBrowse/TicketList.aspx?PID=1606889"}},{"Id":28622,"GameState":2,"Date":"2015-04-07 20:00","SeasonType":1,"GameType":1,"AwayTeamId":19,"AwayLeader":"K Leonard 26 pts","HomeTeamId":27,"HomeLeader":"R Westbrook 17 pts","AwayRecord":"52-26","HomeRecord":"42-36","AwayScore":113,"HomeScore":88,"WinningTeamId":19,"Links":{"gametrax":"/nba/gameTrax?gameId=2015040725","boxscore":"/nba/boxscore?gameId=2015040725","recap":"http://www.foxsports.com/nba/story/leonard-scores-26-as-spurs-beat-thunder-for-8th-straight-win-040715","preview":"http://www.foxsports.com/nba/story/spurs-thunder-preview-040615","odds":"/nba/odds#28622","tickets":"http://www.awin1.com/cread.php?awinmid=4292&awinaffid=143258&clickref=nba&p=http://www.ticketsnow.com/InventoryBrowse/TicketList.aspx?PID=1607158"}},{"Id":27887,"GameState":2,"Date":"2015-04-07 22:00","SeasonType":1,"GameType":1,"AwayTeamId":18,"AwayLeader":"K Martin 37 pts","HomeTeamId":26,"HomeLeader":"R Gay 33 pts","AwayRecord":"16-61","HomeRecord":"27-50","AwayScore":111,"HomeScore":116,"WinningTeamId":26,"Links":{"gametrax":"/nba/gameTrax?gameId=2015040723","boxscore":"/nba/boxscore?gameId=2015040723","recap":"http://www.foxsports.com/nba/story/kings-hold-off-timberwolves-behind-casspi-040815","preview":"http://www.foxsports.com/nba/story/timberwolves-kings-preview-040615","odds":"/nba/odds#27887","tickets":"http://www.awin1.com/cread.php?awinmid=4292&awinaffid=143258&clickref=nba&p=http://www.ticketsnow.com/InventoryBrowse/TicketList.aspx?PID=1607325"}},{"Id":28212,"GameState":2,"Date":"2015-04-07 22:30","SeasonType":1,"GameType":1,"AwayTeamId":23,"AwayLeader":"J Clarkson 20 pts","HomeTeamId":22,"HomeLeader":"B Griffin 27 pts","AwayRecord":"20-57","HomeRecord":"53-26","AwayScore":100,"HomeScore":105,"WinningTeamId":22,"Links":{"gametrax":"/nba/gameTrax?gameId=2015040712","boxscore":"/nba/boxscore?gameId=2015040712","recap":"http://www.foxsports.com/nba/story/clippers-beat-lakers-105-100-in-rematch-48-hours-later-040815","preview":"http://www.foxsports.com/nba/story/lakers-clippers-preview-040615","odds":"/nba/odds#28212","tickets":"http://www.awin1.com/cread.php?awinmid=4292&awinaffid=143258&clickref=nba&p=http://www.ticketsnow.com/InventoryBrowse/TicketList.aspx?PID=1606338"}}]