[{"Id":27676,"GameState":2,"Date":"2015-03-18 19:00","SeasonType":1,"GameType":1,"AwayTeamId":12,"AwayLeader":"K Caldwell-Pope 20 pts","HomeTeamId":6,"HomeLeader":"I Smith 15 pts","AwayRecord":"24-44","HomeRecord":"16-52","AwayScore":83,"HomeScore":94,"WinningTeamId":6,"Links":{"gametrax":"/nba/gameTrax?gameId=2015031820","boxscore":"/nba/boxscore?gameId=2015031820","recap":"http://www.foxsports.com/nba/story/76ers-snap-4-game-skid-with-94-83-win-over-pistons-031815","preview":"http://www.foxsports.com/nba/story/pistons-76ers-preview-031815","odds":"/nba/odds#27676","tickets":"http://www.awin1.com/cread.php?awinmid=4292&awinaffid=143258&clickref=nba&p=http://www.ticketsnow.com/InventoryBrowse/TicketList.aspx?PID=1607600"}},{"Id":27922,"GameState":2,"Date":"2015-03-18 19:00","SeasonType":1,"GameType":1,"AwayTeamId":3,"AwayLeader":"D Williams 20 pts","HomeTeamId":11,"HomeLeader":"J Smith 17 pts","AwayRecord":"27-39","HomeRecord":"44-26","AwayScore":92,"HomeScore":117,"WinningTeamId":11,"Links":{"gametrax":"/nba/gameTrax?gameId=2015031805","boxscore":"/nba/boxscore?gameId=2015031805","recap":"http://www.foxsports.com/nba/story/cleveland-cavaliers-top-brooklyn-nets-031815","preview":"http://www.foxsports.com/nba/story/nets-cavaliers-preview-031715","odds":"/nba/odds#27922","tickets":"http://www.awin1.com/cread.php?awinmid=4292&awinaffid=143258&clickref=nba&p=http://www.ticketsnow.com/InventoryBrowse/TicketList.aspx?PID=1607454"}},{"Id":28126,"GameState":2,"Date":"2015-03-18 19:30","SeasonType":1,"GameType":1,"AwayTeamId":18,"AwayLeader":"K Martin 37 pts","HomeTeamId":30,"HomeLeader":"D DeRozan 21 pts","AwayRecord":"14-53","HomeRecord":"41-27","AwayScore":100,"HomeScore":105,"WinningTeamId":30,"Links":{"gametrax":"/nba/gameTrax?gameId=2015031828","boxscore":"/nba/boxscore?gameId=2015031828","recap":"http://www.foxsports.com/nba/story/derozan-scores-21-raptors-beat-timberwolves-105-100-031815","preview":"http://www.foxsports.com/nba/story/timberwolves-raptors-preview-031715","odds":"/nba/odds#28126"}},{"Id":28371,"GameState":2,"Date":"2015-03-18 19:30","SeasonType":1,"GameType":1,"AwayTeamId":25,"AwayLeader":"L Aldridge 34 pts","HomeTeamId":2,"HomeLeader":"D Wade 32 pts","AwayRecord":"44-22","HomeRecord":"31-36","AwayScore":104,"HomeScore":108,"WinningTeamId":2,"Links":{"gametrax":"/nba/gameTrax?gameId=2015031814","boxscore":"/nba/boxscore?gameId=2015031814","recap":"http://www.foxsports.com/nba/story/wade-scores-30-heat-rally-to-beat-blazers-108-104-031815","preview":"http://www.foxsports.com/nba/story/trail-blazers-heat-preview-031715","odds":"/nba/odds#28371","tickets":"http://www.awin1.com/cread.php?awinmid=4292&awinaffid=143258&clickref=nba&p=http://www.ticketsnow.com/InventoryBrowse/TicketList.aspx?PID=1606500"}},{"Id":28004,"GameState":2,"Date":"2015-03-18 20:00","SeasonType":1,"GameType":1,"AwayTeamId":13,"AwayLeader":"S Hill 13 pts","HomeTeamId":10,"HomeLeader":"N Mirotic 25 pts","AwayRecord":"30-37","HomeRecord":"41-28","AwayScore":86,"HomeScore":103,"WinningTeamId":10,"Links":{"gametrax":"/nba/gameTrax?gameId=2015031804","boxscore":"/nba/boxscore?gameId=2015031804","recap":"http://www.foxsports.com/nba/story/nikola-mirotic-scores-25-to-lead-chicago-bulls-over-indiana-pacers-031815","preview":"http://www.foxsports.com/nba/story/pacers-bulls-preview-031715","odds":"/nba/odds#28004","tickets":"http://www.awin1.com/cread.php?awinmid=4292&awinaffid=143258&clickref=nba&p=http://www.ticketsnow.com/InventoryBrowse/TicketList.aspx?PID=1605996"}},{"Id":28082,"GameState":2,"Date":"2015-03-18 20:00","SeasonType":1,"GameType":1,"AwayTeamId":19,"AwayLeader":"D Green 20 pts","HomeTeamId":14,"HomeLeader":"G Antetokounmpo 19 pts","AwayRecord":"42-25","HomeRecord":"34-34","AwayScore":114,"HomeScore":103,"WinningTeamId":19,"Links":{"gametrax":"/nba/gameTrax?gameId=2015031815","boxscore":"/nba/boxscore?gameId=2015031815","recap":"http://www.foxsports.com/nba/story/san-antonio-spurs-bounce-back-with-victory-over-milwaukee-bucks-031815","preview":"http://www.foxsports.com/nba/story/spurs-bucks-preview-031815","odds":"/nba/odds#28082","tickets":"http://www.awin1.com/cread.php?awinmid=4292&awinaffid=143258&clickref=nba&p=http://www.ticketsnow.com/InventoryBrowse/TicketList.aspx?PID=1606547"}},{"Id":28413,"GameState":2,"Date":"2015-03-18 20:00","SeasonType":1,"GameType":1,"AwayTeamId":5,"AwayLeader":"V Oladipo 19 pts","HomeTeamId":15,"HomeLeader":"D Nowitzki 25 pts","AwayRecord":"21-49","HomeRecord":"44-25","AwayScore":102,"HomeScore":107,"WinningTeamId":15,"Links":{"gametrax":"/nba/gameTrax?gameId=2015031806","boxscore":"/nba/boxscore?gameId=2015031806","recap":"http://www.foxsports.com/nba/story/dallas-mavericks-dismiss-orlando-magic-031815","preview":"http://www.foxsports.com/nba/story/magic-mavericks-preview-031815","odds":"/nba/odds#28413","tickets":"http://www.awin1.com/cread.php?awinmid=4292&awinaffid=143258&clickref=nba&p=http://www.ticketsnow.com/InventoryBrowse/TicketList.aspx?PID=1606045"}},{"Id":28616,"GameState":2,"Date":"2015-03-18 20:00","SeasonType":1,"GameType":1,"AwayTeamId":1,"AwayLeader":"M Smart 25 pts","HomeTeamId":27,"HomeLeader":"R Westbrook 36 pts","AwayRecord":"30-37","HomeRecord":"38-30","AwayScore":118,"HomeScore":122,"WinningTeamId":27,"Links":{"gametrax":"/nba/gameTrax?gameId=2015031825","boxscore":"/nba/boxscore?gameId=2015031825","recap":"http://www.foxsports.com/nba/story/russell-westbrook-scores-36-to-lead-oklahoma-city-thunder-over-boston-celtics-031815","preview":"http://www.foxsports.com/nba/story/celtics-thunder-preview-031715","odds":"/nba/odds#28616","tickets":"http://www.awin1.com/cread.php?awinmid=4292&awinaffid=143258&clickref=nba&p=http://www.ticketsnow.com/InventoryBrowse/TicketList.aspx?PID=1607152"}},{"Id":27881,"GameState":2,"Date":"2015-03-18 22:00","SeasonType":1,"GameType":1,"AwayTeamId":22,"AwayLeader":"C Paul 30 pts","HomeTeamId":26,"HomeLeader":"R Gay 23 pts","AwayRecord":"44-25","HomeRecord":"22-45","AwayScore":116,"HomeScore":105,"WinningTeamId":22,"Links":{"gametrax":"/nba/gameTrax?gameId=2015031823","boxscore":"/nba/boxscore?gameId=2015031823","recap":"http://www.foxsports.com/nba/story/los-angeles-clippers-handle-sacramento-kings-who-play-without-star-demarcus-cousins-031915","preview":"http://www.foxsports.com/nba/story/clippers-kings-preview-031815","odds":"/nba/odds#27881","tickets":"http://www.awin1.com/cread.php?awinmid=4292&awinaffid=143258&clickref=nba&p=http://www.ticketsnow.com/InventoryBrowse/TicketList.aspx?PID=1607319"}},{"Id":27593,"GameState":2,"Date":"2015-03-18 22:30","SeasonType":1,"GameType":1,"AwayTeamId":7,"AwayLeader":"J Wall 24 pts","HomeTeamId":20,"HomeLeader":"G Hayward 26 pts","AwayRecord":"40-28","HomeRecord":"30-37","AwayScore":88,"HomeScore":84,"WinningTeamId":7,"Links":{"gametrax":"/nba/gameTrax?gameId=2015031826","boxscore":"/nba/boxscore?gameId=2015031826","recap":"http://www.foxsports.com/nba/story/washington-wizards-beat-utah-jazz-for-fifth-straight-win-031915","preview":"http://www.foxsports.com/nba/story/wizards-jazz-preview-031715","odds":"/nba/odds#27593","tickets":"http://www.awin1.com/cread.php?awinmid=4292&awinaffid=143258&clickref=nba&p=http://www.ticketsnow.com/InventoryBrowse/TicketList.aspx?PID=1607644"}},{"Id":27715,"GameState":2,"Date":"2015-03-18 22:30","SeasonType":1,"GameType":1,"AwayTeamId":8,"AwayLeader":"D Carroll 16 pts","HomeTeamId":21,"HomeLeader":"H Barnes 25 pts","AwayRecord":"53-15","HomeRecord":"54-13","AwayScore":95,"HomeScore":114,"WinningTeamId":21,"Links":{"gametrax":"/nba/gameTrax?gameId=2015031809","boxscore":"/nba/boxscore?gameId=2015031809","recap":"http://www.foxsports.com/nba/story/golden-state-warriors-blow-out-atlanta-hawks-in-battle-of-nba-s-two-best-teams-031915","preview":"http://www.foxsports.com/nba/story/hawks-warriors-preview-031715","odds":"/nba/odds#27715","tickets":"http://www.awin1.com/cread.php?awinmid=4292&awinaffid=143258&clickref=nba&p=http://www.ticketsnow.com/InventoryBrowse/TicketList.aspx?PID=1606231"}}]