[{"Id":27621,"GameState":2,"Date":"2015-01-13 19:00","SeasonType":1,"GameType":1,"AwayTeamId":19,"AwayLeader":"T Parker 14 pts","HomeTeamId":7,"HomeLeader":"J Wall 25 pts","AwayRecord":"23-16","HomeRecord":"26-12","AwayScore":93,"HomeScore":101,"WinningTeamId":7,"Links":{"gametrax":"/nba/gameTrax?gameId=2015011327","boxscore":"/nba/boxscore?gameId=2015011327","recap":"http://www.foxsports.com/nba/story/john-wall-helps-washington-wizards-snap-streak-of-17-straight-losses-to-san-antonio-spurs-011315","preview":"http://www.foxsports.com/nba/story/spurs-wizards-preview-011315","odds":"/nba/odds#27621","tickets":"http://www.awin1.com/cread.php?awinmid=4292&awinaffid=143258&clickref=nba&p=http://www.ticketsnow.com/InventoryBrowse/TicketList.aspx?PID=1607393"}},{"Id":27659,"GameState":2,"Date":"2015-01-13 19:00","SeasonType":1,"GameType":1,"AwayTeamId":8,"AwayLeader":"A Horford 21 pts","HomeTeamId":6,"HomeLeader":"M Carter-Williams 20 pts","AwayRecord":"30-8","HomeRecord":"7-30","AwayScore":105,"HomeScore":87,"WinningTeamId":8,"Links":{"gametrax":"/nba/gameTrax?gameId=2015011320","boxscore":"/nba/boxscore?gameId=2015011320","recap":"http://www.foxsports.com/nba/story/atlanta-hawks-beat-philadelphia-76ers-for-ninth-straight-win-al-horford-gets-first-career-triple-double-011315","preview":"http://www.foxsports.com/nba/story/hawks-76ers-preview-011215","odds":"/nba/odds#27659","tickets":"http://www.awin1.com/cread.php?awinmid=4292&awinaffid=143258&clickref=nba&p=http://www.ticketsnow.com/InventoryBrowse/TicketList.aspx?PID=1607583"}},{"Id":28314,"GameState":2,"Date":"2015-01-13 19:00","SeasonType":1,"GameType":1,"AwayTeamId":18,"AwayLeader":"M Williams 52 pts","HomeTeamId":13,"HomeLeader":"C Miles 22 pts","AwayRecord":"6-31","HomeRecord":"15-25","AwayScore":110,"HomeScore":101,"WinningTeamId":18,"Links":{"gametrax":"/nba/gameTrax?gameId=2015011311","boxscore":"/nba/boxscore?gameId=2015011311","recap":"http://www.foxsports.com/nba/story/mo-williams-scores-52-points-minnesota-timberwolves-beat-indiana-pacers-to-end-15-game-losing-streak-011315","preview":"http://www.foxsports.com/nba/story/timberwolves-pacers-preview-011215","odds":"/nba/odds#28314","tickets":"http://www.awin1.com/cread.php?awinmid=4292&awinaffid=143258&clickref=nba&p=http://www.ticketsnow.com/InventoryBrowse/TicketList.aspx?PID=1606264"}},{"Id":27577,"GameState":2,"Date":"2015-01-13 21:00","SeasonType":1,"GameType":1,"AwayTeamId":21,"AwayLeader":"S Curry 27 pts","HomeTeamId":20,"HomeLeader":"D Favors 22 pts","AwayRecord":"30-5","HomeRecord":"13-26","AwayScore":116,"HomeScore":105,"WinningTeamId":21,"Links":{"gametrax":"/nba/gameTrax?gameId=2015011326","boxscore":"/nba/boxscore?gameId=2015011326","recap":"http://www.foxsports.com/nba/story/golden-state-warriors-now-30-5-after-win-over-utah-jazz-011315","preview":"http://www.foxsports.com/nba/story/warriors-jazz-preview-011215","odds":"/nba/odds#27577","tickets":"http://www.awin1.com/cread.php?awinmid=4292&awinaffid=143258&clickref=nba&p=http://www.ticketsnow.com/InventoryBrowse/TicketList.aspx?PID=1607627"}},{"Id":27823,"GameState":2,"Date":"2015-01-13 21:00","SeasonType":1,"GameType":1,"AwayTeamId":11,"AwayLeader":"L James 33 pts","HomeTeamId":24,"HomeLeader":"M Morris 35 pts","AwayRecord":"19-20","HomeRecord":"23-18","AwayScore":100,"HomeScore":107,"WinningTeamId":24,"Links":{"gametrax":"/nba/gameTrax?gameId=2015011321","boxscore":"/nba/boxscore?gameId=2015011321","recap":"http://www.foxsports.com/nba/story/lebron-james-scores-33-in-return-but-cleveland-cavaliers-fall-to-phoenix-suns-for-6th-straight-loss-011315","preview":"http://www.foxsports.com/nba/story/cavaliers-suns-preview-011215","odds":"/nba/odds#27823","tickets":"http://www.awin1.com/cread.php?awinmid=4292&awinaffid=143258&clickref=nba&p=http://www.ticketsnow.com/InventoryBrowse/TicketList.aspx?PID=1607253"}},{"Id":27869,"GameState":2,"FinalText":"OT","Date":"2015-01-13 22:00","SeasonType":1,"GameType":1,"AwayTeamId":15,"AwayLeader":"M Ellis 28 pts","HomeTeamId":26,"HomeLeader":"D Cousins 32 pts","AwayRecord":"27-12","HomeRecord":"16-22","AwayScore":108,"HomeScore":104,"WinningTeamId":15,"Links":{"gametrax":"/nba/gameTrax?gameId=2015011323","boxscore":"/nba/boxscore?gameId=2015011323","recap":"http://www.foxsports.com/nba/story/dallas-mavericks-rally-to-beat-sacramento-kings-in-overtime-011415","preview":"http://www.foxsports.com/nba/story/mavericks-kings-preview-011215","odds":"/nba/odds#27869","tickets":"http://www.awin1.com/cread.php?awinmid=4292&awinaffid=143258&clickref=nba&p=http://www.ticketsnow.com/InventoryBrowse/TicketList.aspx?PID=1607307"}},{"Id":28234,"GameState":2,"Date":"2015-01-13 22:30","SeasonType":1,"GameType":1,"AwayTeamId":2,"AwayLeader":"M Chalmers 19 pts","HomeTeamId":23,"HomeLeader":"E Davis 12 pts","AwayRecord":"17-21","HomeRecord":"12-27","AwayScore":78,"HomeScore":75,"WinningTeamId":2,"Links":{"gametrax":"/nba/gameTrax?gameId=2015011313","boxscore":"/nba/boxscore?gameId=2015011313","recap":"http://www.foxsports.com/nba/story/kobe-bryant-off-target-in-return-los-angeles-lakers-fall-to-miami-heat-011415","preview":"http://www.foxsports.com/nba/story/heat-lakers-preview-011215","odds":"/nba/odds#28234","tickets":"http://www.awin1.com/cread.php?awinmid=4292&awinaffid=143258&clickref=nba&p=http://www.ticketsnow.com/InventoryBrowse/TicketList.aspx?PID=1606391"}}]