[{"Id":27993,"GameState":2,"Date":"2015-01-25 13:00","SeasonType":1,"GameType":1,"AwayTeamId":2,"AwayLeader":"D Wade 26 pts","HomeTeamId":10,"HomeLeader":"D Rose 19 pts","AwayRecord":"20-24","HomeRecord":"29-17","AwayScore":96,"HomeScore":84,"WinningTeamId":2,"Links":{"gametrax":"/nba/gameTrax?gameId=2015012504","boxscore":"/nba/boxscore?gameId=2015012504","recap":"http://www.foxsports.com/nba/story/miami-heat-beat-sluggish-chicago-bulls-dwyane-wade-scores-26-012515","preview":"http://www.foxsports.com/nba/story/heat-bulls-preview-012415","odds":"/nba/odds#27993","tickets":"http://www.awin1.com/cread.php?awinmid=4292&awinaffid=143258&clickref=nba&p=http://www.ticketsnow.com/InventoryBrowse/TicketList.aspx?PID=1605985"}},{"Id":27912,"GameState":2,"Date":"2015-01-25 15:30","SeasonType":1,"GameType":1,"AwayTeamId":27,"AwayLeader":"K Durant 32 pts","HomeTeamId":11,"HomeLeader":"L James 34 pts","AwayRecord":"22-22","HomeRecord":"25-20","AwayScore":98,"HomeScore":108,"WinningTeamId":11,"Links":{"gametrax":"/nba/gameTrax?gameId=2015012505","boxscore":"/nba/boxscore?gameId=2015012505","recap":"http://www.foxsports.com/nba/story/lebron-scores-34-cavs-win-6th-straight-108-98-over-thunder-012515","preview":"http://www.foxsports.com/nba/story/thunder-cavaliers-preview-012415","odds":"/nba/odds#27912","tickets":"http://www.awin1.com/cread.php?awinmid=4292&awinaffid=143258&clickref=nba&p=http://www.ticketsnow.com/InventoryBrowse/TicketList.aspx?PID=1607443"}},{"Id":27828,"GameState":2,"Date":"2015-01-25 18:00","SeasonType":1,"GameType":1,"AwayTeamId":22,"AwayLeader":"C Paul 23 pts","HomeTeamId":24,"HomeLeader":"I Thomas 25 pts","AwayRecord":"30-14","HomeRecord":"26-20","AwayScore":120,"HomeScore":100,"WinningTeamId":22,"Links":{"gametrax":"/nba/gameTrax?gameId=2015012521","boxscore":"/nba/boxscore?gameId=2015012521","recap":"http://www.foxsports.com/nba/story/los-angeles-clippers-use-defense-to-pull-away-from-phoenix-suns-012515","preview":"http://www.foxsports.com/nba/story/clippers-suns-preview-012415","odds":"/nba/odds#27828","tickets":"http://www.awin1.com/cread.php?awinmid=4292&awinaffid=143258&clickref=nba&p=http://www.ticketsnow.com/InventoryBrowse/TicketList.aspx?PID=1607258"}},{"Id":28278,"GameState":2,"Date":"2015-01-25 18:00","SeasonType":1,"GameType":1,"AwayTeamId":18,"AwayLeader":"T Young 26 pts","HomeTeamId":8,"HomeLeader":"P Millsap 20 pts","AwayRecord":"7-36","HomeRecord":"37-8","AwayScore":100,"HomeScore":112,"WinningTeamId":8,"Links":{"gametrax":"/nba/gameTrax?gameId=2015012501","boxscore":"/nba/boxscore?gameId=2015012501","recap":"http://www.foxsports.com/nba/story/atlanta-hawks-down-minnesota-timberwolves-for-16th-straight-victory-012515","preview":"http://www.foxsports.com/nba/story/timberwolves-hawks-preview-012415","odds":"/nba/odds#28278","tickets":"http://www.awin1.com/cread.php?awinmid=4292&awinaffid=143258&clickref=nba&p=http://www.ticketsnow.com/InventoryBrowse/TicketList.aspx?PID=1605835"}},{"Id":28438,"GameState":2,"Date":"2015-01-25 18:00","SeasonType":1,"GameType":1,"AwayTeamId":15,"AwayLeader":"M Ellis 36 pts","HomeTeamId":9,"HomeLeader":"A Davis 28 pts","AwayRecord":"30-15","HomeRecord":"23-21","AwayScore":106,"HomeScore":109,"WinningTeamId":9,"Links":{"gametrax":"/nba/gameTrax?gameId=2015012503","boxscore":"/nba/boxscore?gameId=2015012503","recap":"http://www.foxsports.com/nba/story/new-orleans-pelicans-top-dallas-mavericks-as-anthony-davis-has-28-points-big-steal-012515","preview":"http://www.foxsports.com/nba/story/mavericks-pelicans-preview-012415","odds":"/nba/odds#28438","tickets":"http://www.awin1.com/cread.php?awinmid=4292&awinaffid=143258&clickref=nba&p=http://www.ticketsnow.com/InventoryBrowse/TicketList.aspx?PID=1606869"}},{"Id":28685,"GameState":2,"Date":"2015-01-25 18:00","SeasonType":1,"GameType":1,"AwayTeamId":13,"AwayLeader":"D West 20 pts","HomeTeamId":5,"HomeLeader":"N Vucevic 27 pts","AwayRecord":"16-30","HomeRecord":"15-32","AwayScore":106,"HomeScore":99,"WinningTeamId":13,"Links":{"gametrax":"/nba/gameTrax?gameId=2015012519","boxscore":"/nba/boxscore?gameId=2015012519","recap":"http://www.foxsports.com/nba/story/big-4th-quarter-helps-pacers-end-skid-down-magic-106-99-012515","preview":"http://www.foxsports.com/nba/story/pacers-magic-preview-012415","odds":"/nba/odds#28685","tickets":"http://www.awin1.com/cread.php?awinmid=4292&awinaffid=143258&clickref=nba&p=http://www.ticketsnow.com/InventoryBrowse/TicketList.aspx?PID=1607188"}},{"Id":28115,"GameState":2,"Date":"2015-01-25 19:00","SeasonType":1,"GameType":1,"AwayTeamId":12,"AwayLeader":"D Augustin 35 pts","HomeTeamId":30,"HomeLeader":"D DeRozan 25 pts","AwayRecord":"17-28","HomeRecord":"29-15","AwayScore":110,"HomeScore":114,"WinningTeamId":30,"Links":{"gametrax":"/nba/gameTrax?gameId=2015012528","boxscore":"/nba/boxscore?gameId=2015012528","recap":"http://www.foxsports.com/nba/story/toronto-raptors-defeat-detroit-pistons-behind-demar-derozan-012515","preview":"http://www.foxsports.com/nba/story/pistons-raptors-preview-012515","odds":"/nba/odds#28115"}},{"Id":28483,"GameState":2,"Date":"2015-01-25 19:00","SeasonType":1,"GameType":1,"AwayTeamId":14,"AwayLeader":"K Middleton 21 pts","HomeTeamId":19,"HomeLeader":"T Duncan 20 pts","AwayRecord":"22-22","HomeRecord":"29-17","AwayScore":95,"HomeScore":101,"WinningTeamId":19,"Links":{"gametrax":"/nba/gameTrax?gameId=2015012524","boxscore":"/nba/boxscore?gameId=2015012524","recap":"http://www.foxsports.com/nba/story/san-antonio-spurs-rally-to-top-milwaukee-bucks-012515","preview":"http://www.foxsports.com/nba/story/bucks-spurs-preview-012515","odds":"/nba/odds#28483","tickets":"http://www.awin1.com/cread.php?awinmid=4292&awinaffid=143258&clickref=nba&p=http://www.ticketsnow.com/InventoryBrowse/TicketList.aspx?PID=1607352"}},{"Id":27704,"GameState":2,"Date":"2015-01-25 20:00","SeasonType":1,"GameType":1,"AwayTeamId":1,"AwayLeader":"J Sullinger 26 pts","HomeTeamId":21,"HomeLeader":"K Thompson 31 pts","AwayRecord":"15-27","HomeRecord":"36-6","AwayScore":111,"HomeScore":114,"WinningTeamId":21,"Links":{"gametrax":"/nba/gameTrax?gameId=2015012509","boxscore":"/nba/boxscore?gameId=2015012509","recap":"http://www.foxsports.com/nba/story/golden-state-warriors-top-boston-celtics-for-19th-straight-home-victory-012515","preview":"http://www.foxsports.com/nba/story/celtics-warriors-preview-012515","odds":"/nba/odds#27704","tickets":"http://www.awin1.com/cread.php?awinmid=4292&awinaffid=143258&clickref=nba&p=http://www.ticketsnow.com/InventoryBrowse/TicketList.aspx?PID=1606220"}},{"Id":28156,"GameState":2,"FinalText":"OT","Date":"2015-01-25 20:00","SeasonType":1,"GameType":1,"AwayTeamId":7,"AwayLeader":"K Humphries 21 pts","HomeTeamId":16,"HomeLeader":"T Lawson 31 pts","AwayRecord":"30-15","HomeRecord":"18-26","AwayScore":117,"HomeScore":115,"WinningTeamId":7,"Links":{"gametrax":"/nba/gameTrax?gameId=2015012507","boxscore":"/nba/boxscore?gameId=2015012507","recap":"http://www.foxsports.com/nba/story/ty-lawson-returns-for-denver-nuggets-misses-key-shot-in-loss-to-washington-wizards-012515","preview":"http://www.foxsports.com/nba/story/wizards-nuggets-preview-012515","odds":"/nba/odds#28156","tickets":"http://www.awin1.com/cread.php?awinmid=4292&awinaffid=143258&clickref=nba&p=http://www.ticketsnow.com/InventoryBrowse/TicketList.aspx?PID=1607491"}},{"Id":28236,"GameState":2,"Date":"2015-01-25 21:30","SeasonType":1,"GameType":1,"AwayTeamId":17,"AwayLeader":"J Harden 37 pts","HomeTeamId":23,"HomeLeader":"C Boozer 18 pts","AwayRecord":"31-14","HomeRecord":"12-33","AwayScore":99,"HomeScore":87,"WinningTeamId":17,"Links":{"gametrax":"/nba/gameTrax?gameId=2015012513","boxscore":"/nba/boxscore?gameId=2015012513","recap":"http://www.foxsports.com/nba/story/james-harden-scores-37-points-in-houston-rockets-victory-over-los-angeles-lakers-012615","preview":"http://www.foxsports.com/nba/story/rockets-lakers-preview-012415","odds":"/nba/odds#28236","tickets":"http://www.awin1.com/cread.php?awinmid=4292&awinaffid=143258&clickref=nba&p=http://www.ticketsnow.com/InventoryBrowse/TicketList.aspx?PID=1606393"}}]