[{"Id":27611,"GameState":2,"Date":"2014-12-05 19:00","SeasonType":1,"GameType":1,"AwayTeamId":16,"AwayLeader":"W Chandler 20 pts","HomeTeamId":7,"HomeLeader":"K Humphries 20 pts","AwayRecord":"9-10","HomeRecord":"13-5","AwayScore":89,"HomeScore":119,"WinningTeamId":7,"Links":{"gametrax":"/nba/gameTrax?gameId=2014120527","boxscore":"/nba/boxscore?gameId=2014120527","recap":"http://www.foxsports.com/nba/story/wizards-defeat-nuggets-set-season-high-for-points-kris-humphries-rasual-butler-kevin-seraphin-120514","preview":"http://www.foxsports.com/nba/story/nuggets-wizards-preview-120414","odds":"/nba/odds#27611","tickets":"http://www.awin1.com/cread.php?awinmid=4292&awinaffid=143258&clickref=nba&p=http://www.ticketsnow.com/InventoryBrowse/TicketList.aspx?PID=1607383"}},{"Id":27652,"GameState":2,"Date":"2014-12-05 19:00","SeasonType":1,"GameType":1,"AwayTeamId":27,"AwayLeader":"R Westbrook 27 pts","HomeTeamId":6,"HomeLeader":"R Covington 21 pts","AwayRecord":"6-13","HomeRecord":"1-18","AwayScore":103,"HomeScore":91,"WinningTeamId":27,"Links":{"gametrax":"/nba/gameTrax?gameId=2014120520","boxscore":"/nba/boxscore?gameId=2014120520","recap":"http://www.foxsports.com/nba/story/russell-westbrook-leads-thunder-over-76ers-120514","preview":"http://www.foxsports.com/nba/story/philadelphia-76ers-go-for-second-straight-win-when-they-face-oklahoma-city-thunder-120414","odds":"/nba/odds#27652","tickets":"http://www.awin1.com/cread.php?awinmid=4292&awinaffid=143258&clickref=nba&p=http://www.ticketsnow.com/InventoryBrowse/TicketList.aspx?PID=1607576"}},{"Id":28635,"GameState":2,"Date":"2014-12-05 19:00","SeasonType":1,"GameType":1,"AwayTeamId":4,"AwayLeader":"C Anthony 32 pts","HomeTeamId":32,"HomeLeader":"G Henderson 22 pts","AwayRecord":"4-17","HomeRecord":"5-15","AwayScore":102,"HomeScore":103,"WinningTeamId":32,"Links":{"gametrax":"/nba/gameTrax?gameId=2014120530","boxscore":"/nba/boxscore?gameId=2014120530","recap":"http://www.foxsports.com/nba/story/hornets-defeat-knicks-on-kemba-walker-buzzer-beater-to-snap-10-game-losing-streak-120514","preview":"#","odds":"/nba/odds#28635","tickets":"http://www.awin1.com/cread.php?awinmid=4292&awinaffid=143258&clickref=nba&p=http://www.ticketsnow.com/InventoryBrowse/TicketList.aspx?PID=1605927"}},{"Id":27529,"GameState":2,"Date":"2014-12-05 19:30","SeasonType":1,"GameType":1,"AwayTeamId":23,"AwayLeader":"K Bryant 22 pts","HomeTeamId":1,"HomeLeader":"T Zeller 24 pts","AwayRecord":"5-15","HomeRecord":"6-11","AwayScore":96,"HomeScore":113,"WinningTeamId":1,"Links":{"gametrax":"/nba/gameTrax?gameId=2014120502","boxscore":"/nba/boxscore?gameId=2014120502","recap":"http://www.foxsports.com/nba/story/tyler-zeller-leads-celtics-to-win-over-lakers-120514","preview":"#","odds":"/nba/odds#27529","tickets":"http://www.awin1.com/cread.php?awinmid=4292&awinaffid=143258&clickref=nba&p=http://www.ticketsnow.com/InventoryBrowse/TicketList.aspx?PID=1605872"}},{"Id":28103,"GameState":2,"Date":"2014-12-05 19:30","SeasonType":1,"GameType":1,"AwayTeamId":11,"AwayLeader":"L James 24 pts","HomeTeamId":30,"HomeLeader":"A Johnson 27 pts","AwayRecord":"11-7","HomeRecord":"15-5","AwayScore":105,"HomeScore":91,"WinningTeamId":11,"Links":{"gametrax":"/nba/gameTrax?gameId=2014120528","boxscore":"/nba/boxscore?gameId=2014120528","recap":"http://www.foxsports.com/nba/story/lebron-james-helps-cavaliers-beat-raptors-120514","preview":"http://www.foxsports.com/nba/story/cavaliers-raptors-preview-120514","odds":"/nba/odds#28103"}},{"Id":28716,"GameState":2,"Date":"2014-12-05 19:30","SeasonType":1,"GameType":1,"AwayTeamId":8,"AwayLeader":"D Carroll 18 pts","HomeTeamId":3,"HomeLeader":"B Lopez 20 pts","AwayRecord":"12-6","HomeRecord":"8-10","AwayScore":98,"HomeScore":75,"WinningTeamId":8,"Links":{"gametrax":"/nba/gameTrax?gameId=2014120517","boxscore":"/nba/boxscore?gameId=2014120517","recap":"http://www.foxsports.com/nba/story/hawks-rout-nets-for-5th-straight-victory-120514","preview":"http://www.foxsports.com/nba/story/hawks-nets-preview-120514","odds":"/nba/odds#28716","tickets":"http://www.awin1.com/cread.php?awinmid=4292&awinaffid=143258&clickref=nba&p=http://www.ticketsnow.com/InventoryBrowse/TicketList.aspx?PID=1605445"}},{"Id":27937,"GameState":2,"FinalText":"OT","Date":"2014-12-05 20:00","SeasonType":1,"GameType":1,"AwayTeamId":17,"AwayLeader":"J Harden 38 pts","HomeTeamId":18,"HomeLeader":"S Muhammad 20 pts","AwayRecord":"15-4","HomeRecord":"4-14","AwayScore":114,"HomeScore":112,"WinningTeamId":17,"Links":{"gametrax":"/nba/gameTrax?gameId=2014120516","boxscore":"/nba/boxscore?gameId=2014120516","recap":"http://www.foxsports.com/nba/story/nick-johnson-s-layup-lifts-rockets-over-wolves-in-ot-120514","preview":"http://www.foxsports.com/nba/story/rockets-timberwolves-preview-120414","odds":"/nba/odds#27937","tickets":"http://www.awin1.com/cread.php?awinmid=4292&awinaffid=143258&clickref=nba&p=http://www.ticketsnow.com/InventoryBrowse/TicketList.aspx?PID=1606746"}},{"Id":28551,"GameState":2,"Date":"2014-12-05 20:00","SeasonType":1,"GameType":1,"AwayTeamId":19,"AwayLeader":"M Ginobili 17 pts","HomeTeamId":31,"HomeLeader":"M Gasol 28 pts","AwayRecord":"14-5","HomeRecord":"15-4","AwayScore":107,"HomeScore":101,"WinningTeamId":19,"Links":{"gametrax":"/nba/gameTrax?gameId=2014120529","boxscore":"/nba/boxscore?gameId=2014120529","recap":"http://www.foxsports.com/nba/story/manu-ginobili-tim-duncan-lift-spurs-over-grizzlies-120514","preview":"#","odds":"/nba/odds#28551","tickets":"http://www.awin1.com/cread.php?awinmid=4292&awinaffid=143258&clickref=nba&p=http://www.ticketsnow.com/InventoryBrowse/TicketList.aspx?PID=1606426"}},{"Id":28061,"GameState":2,"Date":"2014-12-05 20:30","SeasonType":1,"GameType":1,"AwayTeamId":2,"AwayLeader":"D Wade 28 pts","HomeTeamId":14,"HomeLeader":"K Marshall 20 pts","AwayRecord":"9-10","HomeRecord":"11-10","AwayScore":85,"HomeScore":109,"WinningTeamId":14,"Links":{"gametrax":"/nba/gameTrax?gameId=2014120515","boxscore":"/nba/boxscore?gameId=2014120515","recap":"http://www.foxsports.com/nba/story/kendall-marshall-leads-bucks-over-heat-120514","preview":"#","odds":"/nba/odds#28061","tickets":"http://www.awin1.com/cread.php?awinmid=4292&awinaffid=143258&clickref=nba&p=http://www.ticketsnow.com/InventoryBrowse/TicketList.aspx?PID=1606525"}},{"Id":28388,"GameState":2,"Date":"2014-12-05 20:30","SeasonType":1,"GameType":1,"AwayTeamId":24,"AwayLeader":"G Dragic 28 pts","HomeTeamId":15,"HomeLeader":"M Ellis 33 pts","AwayRecord":"12-8","HomeRecord":"15-6","AwayScore":118,"HomeScore":106,"WinningTeamId":24,"Links":{"gametrax":"/nba/gameTrax?gameId=2014120506","boxscore":"/nba/boxscore?gameId=2014120506","recap":"http://www.foxsports.com/nba/story/goran-dragic-suns-end-mavericks-5-game-streak-120514","preview":"http://www.foxsports.com/nba/story/suns-mavericks-preview-120414","odds":"/nba/odds#28388","tickets":"http://www.awin1.com/cread.php?awinmid=4292&awinaffid=143258&clickref=nba&p=http://www.ticketsnow.com/InventoryBrowse/TicketList.aspx?PID=1606018"}},{"Id":27570,"GameState":2,"Date":"2014-12-05 21:00","SeasonType":1,"GameType":1,"AwayTeamId":5,"AwayLeader":"T Harris 22 pts","HomeTeamId":20,"HomeLeader":"D Favors 21 pts","AwayRecord":"8-14","HomeRecord":"5-15","AwayScore":98,"HomeScore":93,"WinningTeamId":5,"Links":{"gametrax":"/nba/gameTrax?gameId=2014120526","boxscore":"/nba/boxscore?gameId=2014120526","recap":"http://www.foxsports.com/nba/story/tobias-harris-victor-oladipo-lead-magic-over-jazz-120514","preview":"http://www.foxsports.com/nba/story/magic-jazz-preview-120414","odds":"/nba/odds#27570","tickets":"http://www.awin1.com/cread.php?awinmid=4292&awinaffid=143258&clickref=nba&p=http://www.ticketsnow.com/InventoryBrowse/TicketList.aspx?PID=1607620"}},{"Id":27856,"GameState":2,"FinalText":"OT","Date":"2014-12-05 22:00","SeasonType":1,"GameType":1,"AwayTeamId":13,"AwayLeader":"D West 16 pts","HomeTeamId":26,"HomeLeader":"R Gay 27 pts","AwayRecord":"7-13","HomeRecord":"10-9","AwayScore":101,"HomeScore":102,"WinningTeamId":26,"Links":{"gametrax":"/nba/gameTrax?gameId=2014120523","boxscore":"/nba/boxscore?gameId=2014120523","recap":"http://www.foxsports.com/nba/story/rudy-gay-carl-landry-lead-kings-over-pacers-in-ot-120614","preview":"#","odds":"/nba/odds#27856","tickets":"http://www.awin1.com/cread.php?awinmid=4292&awinaffid=143258&clickref=nba&p=http://www.ticketsnow.com/InventoryBrowse/TicketList.aspx?PID=1607294"}}]