[{"Id":28274,"GameState":2,"Date":"2015-01-11 15:00","SeasonType":1,"GameType":1,"AwayTeamId":7,"AwayLeader":"J Wall 15 pts","HomeTeamId":8,"HomeLeader":"K Korver 19 pts","AwayRecord":"25-12","HomeRecord":"29-8","AwayScore":89,"HomeScore":120,"WinningTeamId":8,"Links":{"gametrax":"/nba/gameTrax?gameId=2015011101","boxscore":"/nba/boxscore?gameId=2015011101","recap":"http://www.foxsports.com/nba/story/atlanta-hawks-kyle-korver-rout-washington-wizards-for-8th-straight-win-011115","preview":"http://www.foxsports.com/nba/story/wizards-hawks-preview-011015","odds":"/nba/odds#28274","tickets":"http://www.awin1.com/cread.php?awinmid=4292&awinaffid=143258&clickref=nba&p=http://www.ticketsnow.com/InventoryBrowse/TicketList.aspx?PID=1605831"}},{"Id":28196,"GameState":2,"Date":"2015-01-11 15:30","SeasonType":1,"GameType":1,"AwayTeamId":2,"AwayLeader":"C Bosh 34 pts","HomeTeamId":22,"HomeLeader":"B Griffin 26 pts","AwayRecord":"16-21","HomeRecord":"25-13","AwayScore":104,"HomeScore":90,"WinningTeamId":2,"Links":{"gametrax":"/nba/gameTrax?gameId=2015011112","boxscore":"/nba/boxscore?gameId=2015011112","recap":"http://www.foxsports.com/nba/story/miami-heat-end-three-road-game-skid-with-win-over-los-angeles-clippers-011115","preview":"http://www.foxsports.com/nba/story/heat-clippers-preview-011015","odds":"/nba/odds#28196","tickets":"http://www.awin1.com/cread.php?awinmid=4292&awinaffid=143258&clickref=nba&p=http://www.ticketsnow.com/InventoryBrowse/TicketList.aspx?PID=1607787"}},{"Id":28561,"GameState":2,"FinalText":"2OT","Date":"2015-01-11 18:00","SeasonType":1,"GameType":1,"AwayTeamId":24,"AwayLeader":"I Thomas 20 pts","HomeTeamId":31,"HomeLeader":"Z Randolph 27 pts","AwayRecord":"22-18","HomeRecord":"26-11","AwayScore":110,"HomeScore":122,"WinningTeamId":31,"Links":{"gametrax":"/nba/gameTrax?gameId=2015011129","boxscore":"/nba/boxscore?gameId=2015011129","recap":"http://www.foxsports.com/nba/story/memphis-grizzlies-top-phoenix-suns-in-two-overtimes-011115","preview":"http://www.foxsports.com/nba/story/suns-grizzlies-preview-011115","odds":"/nba/odds#28561","tickets":"http://www.awin1.com/cread.php?awinmid=4292&awinaffid=143258&clickref=nba&p=http://www.ticketsnow.com/InventoryBrowse/TicketList.aspx?PID=1606436"}},{"Id":27868,"GameState":2,"Date":"2015-01-11 21:00","SeasonType":1,"GameType":1,"AwayTeamId":11,"AwayLeader":"K Love 25 pts","HomeTeamId":26,"HomeLeader":"D Cousins 26 pts","AwayRecord":"19-19","HomeRecord":"16-21","AwayScore":84,"HomeScore":103,"WinningTeamId":26,"Links":{"gametrax":"/nba/gameTrax?gameId=2015011123","boxscore":"/nba/boxscore?gameId=2015011123","recap":"http://www.foxsports.com/nba/story/cleveland-cavaliers-fall-to-sacramento-kings-drop-to-1-7-during-lebron-james-absence-011115","preview":"http://www.foxsports.com/nba/story/cavaliers-kings-preview-011015","odds":"/nba/odds#27868","tickets":"http://www.awin1.com/cread.php?awinmid=4292&awinaffid=143258&clickref=nba&p=http://www.ticketsnow.com/InventoryBrowse/TicketList.aspx?PID=1607306"}},{"Id":28233,"GameState":2,"Date":"2015-01-11 21:30","SeasonType":1,"GameType":1,"AwayTeamId":25,"AwayLeader":"D Lillard 34 pts","HomeTeamId":23,"HomeLeader":"W Johnson 17 pts","AwayRecord":"30-8","HomeRecord":"12-26","AwayScore":106,"HomeScore":94,"WinningTeamId":25,"Links":{"gametrax":"/nba/gameTrax?gameId=2015011113","boxscore":"/nba/boxscore?gameId=2015011113","recap":"http://www.foxsports.com/nba/story/damian-lillard-scores-34-points-to-lead-portland-trail-blazers-to-los-angeles-lakers-011215","preview":"http://www.foxsports.com/nba/story/trail-blazers-lakers-preview-011115","odds":"/nba/odds#28233","tickets":"http://www.awin1.com/cread.php?awinmid=4292&awinaffid=143258&clickref=nba&p=http://www.ticketsnow.com/InventoryBrowse/TicketList.aspx?PID=1607801"}}]