[{"Id":28307,"GameState":2,"Date":"2014-12-10 19:00","SeasonType":1,"GameType":1,"AwayTeamId":22,"AwayLeader":"J Crawford 18 pts","HomeTeamId":13,"HomeLeader":"C Miles 30 pts","AwayRecord":"16-5","HomeRecord":"7-15","AwayScore":103,"HomeScore":96,"WinningTeamId":22,"Links":{"gametrax":"/nba/gameTrax?gameId=2014121011","boxscore":"/nba/boxscore?gameId=2014121011","recap":"http://www.foxsports.com/nba/story/clippers-defeat-pacers-jamal-crawford-deandre-jordan-cj-miles-lavoy-allen-121014","preview":"http://www.foxsports.com/nba/story/clippers-pacers-preview-120914","odds":"/nba/odds#28307","tickets":"http://www.awin1.com/cread.php?awinmid=4292&awinaffid=143258&clickref=nba&p=http://www.ticketsnow.com/InventoryBrowse/TicketList.aspx?PID=1606257"}},{"Id":28636,"GameState":2,"Date":"2014-12-10 19:00","SeasonType":1,"GameType":1,"AwayTeamId":1,"AwayLeader":"J Green 16 pts","HomeTeamId":32,"HomeLeader":"A Jefferson 23 pts","AwayRecord":"7-13","HomeRecord":"6-15","AwayScore":87,"HomeScore":96,"WinningTeamId":32,"Links":{"gametrax":"/nba/gameTrax?gameId=2014121030","boxscore":"/nba/boxscore?gameId=2014121030","recap":"http://www.foxsports.com/nba/story/jefferson-leads-hornets-to-96-87-win-over-celtics-121014","preview":"#","odds":"/nba/odds#28636","tickets":"http://www.awin1.com/cread.php?awinmid=4292&awinaffid=143258&clickref=nba&p=http://www.ticketsnow.com/InventoryBrowse/TicketList.aspx?PID=1605928"}},{"Id":28673,"GameState":2,"Date":"2014-12-10 19:00","SeasonType":1,"GameType":1,"AwayTeamId":7,"AwayLeader":"J Wall 21 pts","HomeTeamId":5,"HomeLeader":"V Oladipo 17 pts","AwayRecord":"15-6","HomeRecord":"9-15","AwayScore":91,"HomeScore":89,"WinningTeamId":7,"Links":{"gametrax":"/nba/gameTrax?gameId=2014121019","boxscore":"/nba/boxscore?gameId=2014121019","recap":"http://www.foxsports.com/nba/story/bradley-beal-hits-buzzer-beater-wizards-defeat-magic-john-wall-kris-humphries-121014","preview":"http://www.foxsports.com/nba/story/wizards-magic-preview-120914","odds":"/nba/odds#28673","tickets":"http://www.awin1.com/cread.php?awinmid=4292&awinaffid=143258&clickref=nba&p=http://www.ticketsnow.com/InventoryBrowse/TicketList.aspx?PID=1607176"}},{"Id":28267,"GameState":2,"Date":"2014-12-10 19:30","SeasonType":1,"GameType":1,"AwayTeamId":6,"AwayLeader":"A Shved 13 pts","HomeTeamId":8,"HomeLeader":"P Millsap 17 pts","AwayRecord":"2-19","HomeRecord":"15-6","AwayScore":79,"HomeScore":95,"WinningTeamId":8,"Links":{"gametrax":"/nba/gameTrax?gameId=2014121001","boxscore":"/nba/boxscore?gameId=2014121001","recap":"#","preview":"http://www.foxsports.com/nba/story/76ers-hawks-preview-120914","odds":"/nba/odds#28267","tickets":"http://www.awin1.com/cread.php?awinmid=4292&awinaffid=143258&clickref=nba&p=http://www.ticketsnow.com/InventoryBrowse/TicketList.aspx?PID=1605823"}},{"Id":27939,"GameState":2,"Date":"2014-12-10 20:00","SeasonType":1,"GameType":1,"AwayTeamId":25,"AwayLeader":"D Lillard 23 pts","HomeTeamId":18,"HomeLeader":"A Wiggins 23 pts","AwayRecord":"17-5","HomeRecord":"5-16","AwayScore":82,"HomeScore":90,"WinningTeamId":18,"Links":{"gametrax":"/nba/gameTrax?gameId=2014121016","boxscore":"/nba/boxscore?gameId=2014121016","recap":"http://www.foxsports.com/nba/story/andrew-wiggins-leads-timberwolves-over-trail-blazers-corey-brewer-damian-lillard-121014","preview":"http://www.foxsports.com/nba/story/trail-blazers-timberwolves-preview-121014","odds":"/nba/odds#27939","tickets":"http://www.awin1.com/cread.php?awinmid=4292&awinaffid=143258&clickref=nba&p=http://www.ticketsnow.com/InventoryBrowse/TicketList.aspx?PID=1606748"}},{"Id":27977,"GameState":2,"Date":"2014-12-10 20:00","SeasonType":1,"GameType":1,"AwayTeamId":3,"AwayLeader":"D Williams 17 pts","HomeTeamId":10,"HomeLeader":"D Rose 23 pts","AwayRecord":"8-12","HomeRecord":"13-8","AwayScore":80,"HomeScore":105,"WinningTeamId":10,"Links":{"gametrax":"/nba/gameTrax?gameId=2014121004","boxscore":"/nba/boxscore?gameId=2014121004","recap":"http://www.foxsports.com/nba/story/bulls-pull-away-from-nets-for-105-80-victory-121014","preview":"http://www.foxsports.com/nba/story/nets-bulls-preview-120914","odds":"/nba/odds#27977","tickets":"http://www.awin1.com/cread.php?awinmid=4292&awinaffid=143258&clickref=nba&p=http://www.ticketsnow.com/InventoryBrowse/TicketList.aspx?PID=1605969"}},{"Id":28390,"GameState":2,"Date":"2014-12-10 20:00","SeasonType":1,"GameType":1,"AwayTeamId":9,"AwayLeader":"A Davis 31 pts","HomeTeamId":15,"HomeLeader":"M Ellis 26 pts","AwayRecord":"10-11","HomeRecord":"17-7","AwayScore":107,"HomeScore":112,"WinningTeamId":15,"Links":{"gametrax":"/nba/gameTrax?gameId=2014121006","boxscore":"/nba/boxscore?gameId=2014121006","recap":"http://www.foxsports.com/nba/story/ellis-helps-mavericks-outlast-pelicans-112-107-121014","preview":"http://www.foxsports.com/nba/story/pelicans-mavericks-preview-121014","odds":"/nba/odds#28390","tickets":"http://www.awin1.com/cread.php?awinmid=4292&awinaffid=143258&clickref=nba&p=http://www.ticketsnow.com/InventoryBrowse/TicketList.aspx?PID=1606020"}},{"Id":28469,"GameState":2,"Date":"2014-12-10 20:30","SeasonType":1,"GameType":1,"AwayTeamId":4,"AwayLeader":"T Hardaway Jr. 23 pts","HomeTeamId":19,"HomeLeader":"M Belinelli 22 pts","AwayRecord":"4-20","HomeRecord":"16-6","AwayScore":95,"HomeScore":109,"WinningTeamId":19,"Links":{"gametrax":"/nba/gameTrax?gameId=2014121024","boxscore":"/nba/boxscore?gameId=2014121024","recap":"http://www.foxsports.com/nba/story/spurs-defeat-knicks-without-stars-tim-duncan-tony-parker-manu-ginobili-kawhi-leonard-121014","preview":"http://www.foxsports.com/nba/story/knicks-spurs-preview-121014","odds":"/nba/odds#28469","tickets":"http://www.awin1.com/cread.php?awinmid=4292&awinaffid=143258&clickref=nba&p=http://www.ticketsnow.com/InventoryBrowse/TicketList.aspx?PID=1607338"}},{"Id":27691,"GameState":2,"Date":"2014-12-10 22:30","SeasonType":1,"GameType":1,"AwayTeamId":17,"AwayLeader":"J Harden 34 pts","HomeTeamId":21,"HomeLeader":"K Thompson 21 pts","AwayRecord":"16-5","HomeRecord":"19-2","AwayScore":93,"HomeScore":105,"WinningTeamId":21,"Links":{"gametrax":"/nba/gameTrax?gameId=2014121009","boxscore":"/nba/boxscore?gameId=2014121009","recap":"http://www.foxsports.com/nba/story/warriors-defeat-rockets-extend-winning-streak-to-14-games-stephen-curry-klay-thompson-121114","preview":"http://www.foxsports.com/nba/story/rockets-warriors-preview-120914","odds":"/nba/odds#27691","tickets":"http://www.awin1.com/cread.php?awinmid=4292&awinaffid=143258&clickref=nba&p=http://www.ticketsnow.com/InventoryBrowse/TicketList.aspx?PID=1606207"}},{"Id":28142,"GameState":2,"Date":"2014-12-10 22:30","SeasonType":1,"GameType":1,"AwayTeamId":2,"AwayLeader":"C Bosh 14 pts","HomeTeamId":16,"HomeLeader":"W Chandler 17 pts","AwayRecord":"10-12","HomeRecord":"10-12","AwayScore":82,"HomeScore":102,"WinningTeamId":16,"Links":{"gametrax":"/nba/gameTrax?gameId=2014121007","boxscore":"/nba/boxscore?gameId=2014121007","recap":"http://www.foxsports.com/nba/story/chandler-afflalo-lead-nuggets-over-heat-102-82-121114","preview":"#","odds":"/nba/odds#28142","tickets":"http://www.awin1.com/cread.php?awinmid=4292&awinaffid=143258&clickref=nba&p=http://www.ticketsnow.com/InventoryBrowse/TicketList.aspx?PID=1607477"}}]