[{"Id":28693,"GameState":2,"FinalText":"OT","Date":"2015-02-25 19:00","SeasonType":1,"GameType":1,"AwayTeamId":2,"AwayLeader":"L Deng 21 pts","HomeTeamId":5,"HomeLeader":"N Vucevic 26 pts","AwayRecord":"25-31","HomeRecord":"19-40","AwayScore":93,"HomeScore":90,"WinningTeamId":2,"Links":{"gametrax":"/nba/gameTrax?gameId=2015022519","boxscore":"/nba/boxscore?gameId=2015022519","recap":"http://www.foxsports.com/nba/story/miami-heat-beat-orlando-magic-in-overtime-022515","preview":"http://www.foxsports.com/nba/story/heat-magic-preview-022415","odds":"/nba/odds#28693","tickets":"http://www.awin1.com/cread.php?awinmid=4292&awinaffid=143258&clickref=nba&p=http://www.ticketsnow.com/InventoryBrowse/TicketList.aspx?PID=1607196"}},{"Id":27546,"GameState":2,"Date":"2015-02-25 19:30","SeasonType":1,"GameType":1,"AwayTeamId":4,"AwayLeader":"A Bargnani 17 pts","HomeTeamId":1,"HomeLeader":"J Jerebko 20 pts","AwayRecord":"10-46","HomeRecord":"22-33","AwayScore":94,"HomeScore":115,"WinningTeamId":1,"Links":{"gametrax":"/nba/gameTrax?gameId=2015022502","boxscore":"/nba/boxscore?gameId=2015022502","recap":"http://www.foxsports.com/nba/story/boston-celtics-rout-new-york-knicks-022515","preview":"http://www.foxsports.com/nba/story/knicks-celtics-preview-022515","odds":"/nba/odds#27546","tickets":"http://www.awin1.com/cread.php?awinmid=4292&awinaffid=143258&clickref=nba&p=http://www.ticketsnow.com/InventoryBrowse/TicketList.aspx?PID=1605888"}},{"Id":28285,"GameState":2,"Date":"2015-02-25 19:30","SeasonType":1,"GameType":1,"AwayTeamId":15,"AwayLeader":"M Ellis 19 pts","HomeTeamId":8,"HomeLeader":"D Schroder 17 pts","AwayRecord":"39-21","HomeRecord":"45-12","AwayScore":87,"HomeScore":104,"WinningTeamId":8,"Links":{"gametrax":"/nba/gameTrax?gameId=2015022501","boxscore":"/nba/boxscore?gameId=2015022501","recap":"http://www.foxsports.com/nba/story/atlanta-hawks-charge-past-short-handed-dallas-mavericks-022515","preview":"http://www.foxsports.com/nba/story/mavericks-hawks-preview-022515","odds":"/nba/odds#28285","tickets":"http://www.awin1.com/cread.php?awinmid=4292&awinaffid=143258&clickref=nba&p=http://www.ticketsnow.com/InventoryBrowse/TicketList.aspx?PID=1605842"}},{"Id":27957,"GameState":2,"Date":"2015-02-25 20:00","SeasonType":1,"GameType":1,"AwayTeamId":7,"AwayLeader":"O Porter 13 pts","HomeTeamId":18,"HomeLeader":"K Martin 28 pts","AwayRecord":"33-25","HomeRecord":"13-43","AwayScore":77,"HomeScore":97,"WinningTeamId":18,"Links":{"gametrax":"/nba/gameTrax?gameId=2015022516","boxscore":"/nba/boxscore?gameId=2015022516","recap":"http://www.foxsports.com/nba/story/kevin-garnett-wins-in-return-to-minnesota-timberwolves-scores-5-points-vs-washington-wizards-022515","preview":"http://www.foxsports.com/nba/story/wizards-timberwolves-preview-022515","odds":"/nba/odds#27957","tickets":"http://www.awin1.com/cread.php?awinmid=4292&awinaffid=143258&clickref=nba&p=http://www.ticketsnow.com/InventoryBrowse/TicketList.aspx?PID=1606766"}},{"Id":27998,"GameState":2,"Date":"2015-02-25 20:00","SeasonType":1,"GameType":1,"AwayTeamId":32,"AwayLeader":"M Kidd-Gilchrist 18 pts","HomeTeamId":10,"HomeLeader":"P Gasol 25 pts","AwayRecord":"23-32","HomeRecord":"36-22","AwayScore":98,"HomeScore":86,"WinningTeamId":32,"Links":{"gametrax":"/nba/gameTrax?gameId=2015022504","boxscore":"/nba/boxscore?gameId=2015022504","recap":"http://www.foxsports.com/nba/story/hornets-beat-bulls-98-86-with-rose-out-for-chicago-022515","preview":"http://www.foxsports.com/nba/story/hornets-bulls-preview-022515","odds":"/nba/odds#27998","tickets":"http://www.awin1.com/cread.php?awinmid=4292&awinaffid=143258&clickref=nba&p=http://www.ticketsnow.com/InventoryBrowse/TicketList.aspx?PID=1605990"}},{"Id":28078,"GameState":2,"Date":"2015-02-25 20:00","SeasonType":1,"GameType":1,"AwayTeamId":6,"AwayLeader":"J Richardson 16 pts","HomeTeamId":14,"HomeLeader":"J Henson 21 pts","AwayRecord":"12-45","HomeRecord":"32-25","AwayScore":88,"HomeScore":104,"WinningTeamId":14,"Links":{"gametrax":"/nba/gameTrax?gameId=2015022515","boxscore":"/nba/boxscore?gameId=2015022515","recap":"http://www.foxsports.com/nba/story/carter-williams-impresses-in-debut-bucks-rout-76ers-104-88-022515","preview":"http://www.foxsports.com/nba/story/76ers-bucks-preview-022415","odds":"/nba/odds#28078","tickets":"http://www.awin1.com/cread.php?awinmid=4292&awinaffid=143258&clickref=nba&p=http://www.ticketsnow.com/InventoryBrowse/TicketList.aspx?PID=1606543"}},{"Id":28448,"GameState":2,"Date":"2015-02-25 20:00","SeasonType":1,"GameType":1,"AwayTeamId":3,"AwayLeader":"J Johnson 21 pts","HomeTeamId":9,"HomeLeader":"Q Pondexter 25 pts","AwayRecord":"23-32","HomeRecord":"30-27","AwayScore":96,"HomeScore":102,"WinningTeamId":9,"Links":{"gametrax":"/nba/gameTrax?gameId=2015022503","boxscore":"/nba/boxscore?gameId=2015022503","recap":"http://www.foxsports.com/nba/story/quincy-pondexter-leads-new-orleans-pelicans-past-brooklyn-nets-022515","preview":"http://www.foxsports.com/nba/story/nets-pelicans-preview-022515","odds":"/nba/odds#28448","tickets":"http://www.awin1.com/cread.php?awinmid=4292&awinaffid=143258&clickref=nba&p=http://www.ticketsnow.com/InventoryBrowse/TicketList.aspx?PID=1606879"}},{"Id":28530,"GameState":2,"Date":"2015-02-25 20:00","SeasonType":1,"GameType":1,"AwayTeamId":22,"AwayLeader":"J Crawford 24 pts","HomeTeamId":17,"HomeLeader":"J Harden 21 pts","AwayRecord":"37-21","HomeRecord":"39-18","AwayScore":105,"HomeScore":110,"WinningTeamId":17,"Links":{"gametrax":"/nba/gameTrax?gameId=2015022510","boxscore":"/nba/boxscore?gameId=2015022510","recap":"http://www.foxsports.com/nba/story/brewers-big-4th-quarter-helps-rockets-beat-clippers-110-105-022515","preview":"http://www.foxsports.com/nba/story/clippers-rockets-preview-022415","odds":"/nba/odds#28530","tickets":"http://www.awin1.com/cread.php?awinmid=4292&awinaffid=143258&clickref=nba&p=http://www.ticketsnow.com/InventoryBrowse/TicketList.aspx?PID=1607547"}},{"Id":27587,"GameState":2,"Date":"2015-02-25 21:00","SeasonType":1,"GameType":1,"AwayTeamId":23,"AwayLeader":"J Clarkson 22 pts","HomeTeamId":20,"HomeLeader":"G Hayward 20 pts","AwayRecord":"15-41","HomeRecord":"21-35","AwayScore":100,"HomeScore":97,"WinningTeamId":23,"Links":{"gametrax":"/nba/gameTrax?gameId=2015022526","boxscore":"/nba/boxscore?gameId=2015022526","recap":"http://www.foxsports.com/nba/story/clarkson-leads-lakers-rally-for-100-97-win-over-jazz-022515","preview":"http://www.foxsports.com/nba/story/lakers-jazz-preview-022515","odds":"/nba/odds#27587","tickets":"http://www.awin1.com/cread.php?awinmid=4292&awinaffid=143258&clickref=nba&p=http://www.ticketsnow.com/InventoryBrowse/TicketList.aspx?PID=1607637"}},{"Id":28160,"GameState":2,"Date":"2015-02-25 21:00","SeasonType":1,"GameType":1,"AwayTeamId":24,"AwayLeader":"B Knight 19 pts","HomeTeamId":16,"HomeLeader":"W Barton 22 pts","AwayRecord":"30-28","HomeRecord":"20-37","AwayScore":110,"HomeScore":96,"WinningTeamId":24,"Links":{"gametrax":"/nba/gameTrax?gameId=2015022507","boxscore":"/nba/boxscore?gameId=2015022507","recap":"http://www.foxsports.com/nba/story/suns-end-5-game-skid-with-110-96-win-over-nuggets-022515","preview":"http://www.foxsports.com/nba/story/suns-nuggets-preview-022415","odds":"/nba/odds#28160","tickets":"http://www.awin1.com/cread.php?awinmid=4292&awinaffid=143258&clickref=nba&p=http://www.ticketsnow.com/InventoryBrowse/TicketList.aspx?PID=1607495"}},{"Id":27877,"GameState":2,"Date":"2015-02-25 22:00","SeasonType":1,"GameType":1,"AwayTeamId":31,"AwayLeader":"Z Randolph 20 pts","HomeTeamId":26,"HomeLeader":"R Gay 28 pts","AwayRecord":"41-15","HomeRecord":"20-35","AwayScore":90,"HomeScore":102,"WinningTeamId":26,"Links":{"gametrax":"/nba/gameTrax?gameId=2015022523","boxscore":"/nba/boxscore?gameId=2015022523","recap":"http://www.foxsports.com/nba/story/kings-grind-out-102-90-win-over-grizzlies-in-sacramento-022615","preview":"http://www.foxsports.com/nba/story/grizzlies-kings-preview-022415","odds":"/nba/odds#27877","tickets":"http://www.awin1.com/cread.php?awinmid=4292&awinaffid=143258&clickref=nba&p=http://www.ticketsnow.com/InventoryBrowse/TicketList.aspx?PID=1607315"}},{"Id":28040,"GameState":2,"Date":"2015-02-25 22:30","SeasonType":1,"GameType":1,"AwayTeamId":19,"AwayLeader":"T Duncan 20 pts","HomeTeamId":25,"HomeLeader":"W Matthews 31 pts","AwayRecord":"34-23","HomeRecord":"37-19","AwayScore":95,"HomeScore":111,"WinningTeamId":25,"Links":{"gametrax":"/nba/gameTrax?gameId=2015022522","boxscore":"/nba/boxscore?gameId=2015022522","recap":"http://www.foxsports.com/nba/story/matthews-scores-31-blazers-beat-slumping-spurs-111-95-022615","preview":"http://www.foxsports.com/nba/story/spurs-trail-blazers-preview-022415","odds":"/nba/odds#28040","tickets":"http://www.awin1.com/cread.php?awinmid=4292&awinaffid=143258&clickref=nba&p=http://www.ticketsnow.com/InventoryBrowse/TicketList.aspx?PID=1607679"}}]