[{"Id":28681,"GameState":2,"Date":"2015-01-03 19:00","SeasonType":1,"GameType":1,"AwayTeamId":32,"AwayLeader":"K Walker 30 pts","HomeTeamId":5,"HomeLeader":"V Oladipo 21 pts","AwayRecord":"11-24","HomeRecord":"13-24","AwayScore":98,"HomeScore":90,"WinningTeamId":32,"Links":{"gametrax":"/nba/gameTrax?gameId=2015010319","boxscore":"/nba/boxscore?gameId=2015010319","recap":"http://www.foxsports.com/nba/story/kemba-walker-scores-30-leads-hornets-past-magic-010315","preview":"http://www.foxsports.com/nba/story/hornets-magic-preview-010315","odds":"/nba/odds#28681","tickets":"http://www.awin1.com/cread.php?awinmid=4292&awinaffid=143258&clickref=nba&p=http://www.ticketsnow.com/InventoryBrowse/TicketList.aspx?PID=1607185"}},{"Id":27944,"GameState":2,"Date":"2015-01-03 20:00","SeasonType":1,"GameType":1,"AwayTeamId":20,"AwayLeader":"T Burke 28 pts","HomeTeamId":18,"HomeLeader":"M Williams 20 pts","AwayRecord":"12-22","HomeRecord":"5-27","AwayScore":101,"HomeScore":89,"WinningTeamId":20,"Links":{"gametrax":"/nba/gameTrax?gameId=2015010316","boxscore":"/nba/boxscore?gameId=2015010316","recap":"http://www.foxsports.com/nba/story/trey-burke-leads-jazz-to-win-over-timberwolves-010315","preview":"http://www.foxsports.com/nba/story/jazz-timberwolves-preview-010315","odds":"/nba/odds#27944","tickets":"http://www.awin1.com/cread.php?awinmid=4292&awinaffid=143258&clickref=nba&p=http://www.ticketsnow.com/InventoryBrowse/TicketList.aspx?PID=1606753"}},{"Id":27985,"GameState":2,"FinalText":"OT","Date":"2015-01-03 20:00","SeasonType":1,"GameType":1,"AwayTeamId":1,"AwayLeader":"E Turner 29 pts","HomeTeamId":10,"HomeLeader":"P Gasol 29 pts","AwayRecord":"11-20","HomeRecord":"24-10","AwayScore":104,"HomeScore":109,"WinningTeamId":10,"Links":{"gametrax":"/nba/gameTrax?gameId=2015010304","boxscore":"/nba/boxscore?gameId=2015010304","recap":"http://www.foxsports.com/nba/story/pau-gasol-leads-bulls-to-ot-win-over-celtics-010315","preview":"http://www.foxsports.com/nba/story/celtics-bulls-preview-010215","odds":"/nba/odds#27985","tickets":"http://www.awin1.com/cread.php?awinmid=4292&awinaffid=143258&clickref=nba&p=http://www.ticketsnow.com/InventoryBrowse/TicketList.aspx?PID=1605977"}},{"Id":28519,"GameState":2,"Date":"2015-01-03 20:00","SeasonType":1,"GameType":1,"AwayTeamId":2,"AwayLeader":"D Wade 15 pts","HomeTeamId":17,"HomeLeader":"J Harden 28 pts","AwayRecord":"14-20","HomeRecord":"23-10","AwayScore":79,"HomeScore":115,"WinningTeamId":17,"Links":{"gametrax":"/nba/gameTrax?gameId=2015010310","boxscore":"/nba/boxscore?gameId=2015010310","recap":"http://www.foxsports.com/nba/story/james-harden-dwight-howard-lead-rockets-past-heat-010315","preview":"http://www.foxsports.com/nba/story/heat-rockets-preview-010315","odds":"/nba/odds#28519","tickets":"http://www.awin1.com/cread.php?awinmid=4292&awinaffid=143258&clickref=nba&p=http://www.ticketsnow.com/InventoryBrowse/TicketList.aspx?PID=1607536"}},{"Id":28477,"GameState":2,"Date":"2015-01-03 20:30","SeasonType":1,"GameType":1,"AwayTeamId":7,"AwayLeader":"J Wall 15 pts","HomeTeamId":19,"HomeLeader":"C Joseph 19 pts","AwayRecord":"22-11","HomeRecord":"21-14","AwayScore":92,"HomeScore":101,"WinningTeamId":19,"Links":{"gametrax":"/nba/gameTrax?gameId=2015010324","boxscore":"/nba/boxscore?gameId=2015010324","recap":"http://www.foxsports.com/nba/story/spurs-beat-wizards-for-the-17th-straight-time-010315","preview":"http://www.foxsports.com/nba/story/wizards-spurs-preview-010315","odds":"/nba/odds#28477","tickets":"http://www.awin1.com/cread.php?awinmid=4292&awinaffid=143258&clickref=nba&p=http://www.ticketsnow.com/InventoryBrowse/TicketList.aspx?PID=1607346"}},{"Id":28150,"GameState":2,"Date":"2015-01-03 21:00","SeasonType":1,"GameType":1,"AwayTeamId":31,"AwayLeader":"M Gasol 18 pts","HomeTeamId":16,"HomeLeader":"T Lawson 25 pts","AwayRecord":"24-9","HomeRecord":"14-20","AwayScore":85,"HomeScore":114,"WinningTeamId":16,"Links":{"gametrax":"/nba/gameTrax?gameId=2015010307","boxscore":"/nba/boxscore?gameId=2015010307","recap":"http://www.foxsports.com/nba/story/nuggets-blow-out-grizzlies-behind-ty-lawson-s-big-game-010315","preview":"http://www.foxsports.com/nba/story/grizzlies-nuggets-preview-010315","odds":"/nba/odds#28150","tickets":"http://www.awin1.com/cread.php?awinmid=4292&awinaffid=143258&clickref=nba&p=http://www.ticketsnow.com/InventoryBrowse/TicketList.aspx?PID=1607485"}},{"Id":28028,"GameState":2,"Date":"2015-01-03 22:00","SeasonType":1,"GameType":1,"AwayTeamId":8,"AwayLeader":"P Millsap 27 pts","HomeTeamId":25,"HomeLeader":"L Aldridge 30 pts","AwayRecord":"25-8","HomeRecord":"26-8","AwayScore":115,"HomeScore":107,"WinningTeamId":8,"Links":{"gametrax":"/nba/gameTrax?gameId=2015010322","boxscore":"/nba/boxscore?gameId=2015010322","recap":"http://www.foxsports.com/nba/story/hawks-beat-blazers-on-road-paul-millsap-scores-27-010415","preview":"#","odds":"/nba/odds#28028","tickets":"http://www.awin1.com/cread.php?awinmid=4292&awinaffid=143258&clickref=nba&p=http://www.ticketsnow.com/InventoryBrowse/TicketList.aspx?PID=1607667"}},{"Id":28192,"GameState":2,"Date":"2015-01-03 22:30","SeasonType":1,"GameType":1,"AwayTeamId":6,"AwayLeader":"T Wroten 27 pts","HomeTeamId":22,"HomeLeader":"C Paul 24 pts","AwayRecord":"4-28","HomeRecord":"23-11","AwayScore":91,"HomeScore":127,"WinningTeamId":22,"Links":{"gametrax":"/nba/gameTrax?gameId=2015010312","boxscore":"/nba/boxscore?gameId=2015010312","recap":"http://www.foxsports.com/nba/story/clippers-rout-76ers-127-91-for-3rd-win-in-a-row-010415","preview":"http://www.foxsports.com/nba/story/76ers-clippers-preview-010315","odds":"/nba/odds#28192","tickets":"http://www.awin1.com/cread.php?awinmid=4292&awinaffid=143258&clickref=nba&p=http://www.ticketsnow.com/InventoryBrowse/TicketList.aspx?PID=1606318"}}]