[{"Id":27899,"GameState":2,"Date":"2014-12-09 19:00","SeasonType":1,"GameType":1,"AwayTeamId":30,"AwayLeader":"J Valanciunas 18 pts","HomeTeamId":11,"HomeLeader":"L James 35 pts","AwayRecord":"16-6","HomeRecord":"13-7","AwayScore":101,"HomeScore":105,"WinningTeamId":11,"Links":{"gametrax":"/nba/gameTrax?gameId=2014120905","boxscore":"/nba/boxscore?gameId=2014120905","recap":"http://www.foxsports.com/nba/story/lebron-james-scores-35-cavaliers-defeat-raptors-for-eighth-straight-win-120914","preview":"http://www.foxsports.com/nba/story/raptors-cavaliers-preview-120914","odds":"/nba/odds#27899","tickets":"http://www.awin1.com/cread.php?awinmid=4292&awinaffid=143258&clickref=nba&p=http://www.ticketsnow.com/InventoryBrowse/TicketList.aspx?PID=1607428"}},{"Id":27736,"GameState":2,"Date":"2014-12-09 19:30","SeasonType":1,"GameType":1,"AwayTeamId":25,"AwayLeader":"L Aldridge 23 pts","HomeTeamId":12,"HomeLeader":"G Monroe 22 pts","AwayRecord":"17-4","HomeRecord":"3-19","AwayScore":98,"HomeScore":86,"WinningTeamId":25,"Links":{"gametrax":"/nba/gameTrax?gameId=2014120908","boxscore":"/nba/boxscore?gameId=2014120908","recap":"http://www.foxsports.com/nba/story/trail-blazers-defeat-detroit-pistons-lamarcus-aldridge-wesley-matthews-120914","preview":"http://www.foxsports.com/nba/story/trail-blazers-pistons-preview-120814","odds":"/nba/odds#27736","tickets":"http://www.awin1.com/cread.php?awinmid=4292&awinaffid=143258&clickref=nba&p=http://www.ticketsnow.com/InventoryBrowse/TicketList.aspx?PID=1606160"}},{"Id":28427,"GameState":2,"Date":"2014-12-09 20:00","SeasonType":1,"GameType":1,"AwayTeamId":4,"AwayLeader":"A Stoudemire 26 pts","HomeTeamId":9,"HomeLeader":"T Evans 27 pts","AwayRecord":"4-19","HomeRecord":"10-10","AwayScore":93,"HomeScore":104,"WinningTeamId":9,"Links":{"gametrax":"/nba/gameTrax?gameId=2014120903","boxscore":"/nba/boxscore?gameId=2014120903","recap":"http://www.foxsports.com/nba/story/pelicans-defeat-knicks-for-ninth-straight-loss-tyreke-evans-anthony-davis-omer-asik--120914","preview":"http://www.foxsports.com/nba/story/knicks-pelicans-preview-120814","odds":"/nba/odds#28427","tickets":"http://www.awin1.com/cread.php?awinmid=4292&awinaffid=143258&clickref=nba&p=http://www.ticketsnow.com/InventoryBrowse/TicketList.aspx?PID=1606859"}},{"Id":28553,"GameState":2,"Date":"2014-12-09 20:00","SeasonType":1,"GameType":1,"AwayTeamId":15,"AwayLeader":"C Parsons 30 pts","HomeTeamId":31,"HomeLeader":"M Gasol 30 pts","AwayRecord":"16-7","HomeRecord":"17-4","AwayScore":105,"HomeScore":114,"WinningTeamId":31,"Links":{"gametrax":"/nba/gameTrax?gameId=2014120929","boxscore":"/nba/boxscore?gameId=2014120929","recap":"#","preview":"http://www.foxsports.com/nba/story/mavericks-grizzlies-preview-120814","odds":"/nba/odds#28553","tickets":"http://www.awin1.com/cread.php?awinmid=4292&awinaffid=143258&clickref=nba&p=http://www.ticketsnow.com/InventoryBrowse/TicketList.aspx?PID=1606428"}},{"Id":28593,"GameState":2,"Date":"2014-12-09 20:00","SeasonType":1,"GameType":1,"AwayTeamId":14,"AwayLeader":"O Mayo 18 pts","HomeTeamId":27,"HomeLeader":"R Westbrook 28 pts","AwayRecord":"11-12","HomeRecord":"8-13","AwayScore":101,"HomeScore":114,"WinningTeamId":27,"Links":{"gametrax":"/nba/gameTrax?gameId=2014120925","boxscore":"/nba/boxscore?gameId=2014120925","recap":"http://www.foxsports.com/nba/story/durant-leads-thunder-past-bucks-114-101-120914","preview":"http://www.foxsports.com/nba/story/bucks-thunder-preview-120814","odds":"/nba/odds#28593","tickets":"http://www.awin1.com/cread.php?awinmid=4292&awinaffid=143258&clickref=nba&p=http://www.ticketsnow.com/InventoryBrowse/TicketList.aspx?PID=1607129"}},{"Id":27571,"GameState":2,"Date":"2014-12-09 21:00","SeasonType":1,"GameType":1,"AwayTeamId":19,"AwayLeader":"T Duncan 23 pts","HomeTeamId":20,"HomeLeader":"D Favors 21 pts","AwayRecord":"15-6","HomeRecord":"6-16","AwayScore":96,"HomeScore":100,"WinningTeamId":20,"Links":{"gametrax":"/nba/gameTrax?gameId=2014120926","boxscore":"/nba/boxscore?gameId=2014120926","recap":"http://www.foxsports.com/nba/story/favors-scores-21-jazz-top-spurs-end-skid-at-9-120914","preview":"#","odds":"/nba/odds#27571","tickets":"http://www.awin1.com/cread.php?awinmid=4292&awinaffid=143258&clickref=nba&p=http://www.ticketsnow.com/InventoryBrowse/TicketList.aspx?PID=1607621"}},{"Id":27817,"GameState":2,"Date":"2014-12-09 21:00","SeasonType":1,"GameType":1,"AwayTeamId":2,"AwayLeader":"C Bosh 34 pts","HomeTeamId":24,"HomeLeader":"M Morris 25 pts","AwayRecord":"10-11","HomeRecord":"12-11","AwayScore":103,"HomeScore":97,"WinningTeamId":2,"Links":{"gametrax":"/nba/gameTrax?gameId=2014120921","boxscore":"/nba/boxscore?gameId=2014120921","recap":"http://www.foxsports.com/nba/story/chris-bosh-scores-34-miami-heat-defeat-phoenix-suns-luol-deng-dwyane-wade-120914","preview":"http://www.foxsports.com/nba/story/heat-suns-preview-120914","odds":"/nba/odds#27817","tickets":"http://www.awin1.com/cread.php?awinmid=4292&awinaffid=143258&clickref=nba&p=http://www.ticketsnow.com/InventoryBrowse/TicketList.aspx?PID=1607247"}},{"Id":28226,"GameState":2,"Date":"2014-12-09 22:30","SeasonType":1,"GameType":1,"AwayTeamId":26,"AwayLeader":"D Collison 26 pts","HomeTeamId":23,"HomeLeader":"K Bryant 32 pts","AwayRecord":"11-11","HomeRecord":"6-16","AwayScore":95,"HomeScore":98,"WinningTeamId":23,"Links":{"gametrax":"/nba/gameTrax?gameId=2014120913","boxscore":"/nba/boxscore?gameId=2014120913","recap":"http://www.foxsports.com/nba/story/kobe-bryant-scores-32-lakers-defeat-kings-carlos-boozer-nick-young-121014","preview":"http://www.foxsports.com/nba/story/kings-lakers-preview-120914","odds":"/nba/odds#28226","tickets":"http://www.awin1.com/cread.php?awinmid=4292&awinaffid=143258&clickref=nba&p=http://www.ticketsnow.com/InventoryBrowse/TicketList.aspx?PID=1606383"}}]