[{"Id":27645,"GameState":2,"Date":"2014-11-07 19:00","SeasonType":1,"GameType":1,"AwayTeamId":10,"AwayLeader":"M Dunleavy 27 pts","HomeTeamId":6,"HomeLeader":"T Wroten 31 pts","AwayRecord":"5-1","HomeRecord":"0-6","AwayScore":118,"HomeScore":115,"WinningTeamId":10,"Links":{"gametrax":"/nba/gameTrax?gameId=2014110720","boxscore":"/nba/boxscore?gameId=2014110720","recap":"#","preview":"http://www.foxsports.com/nba/story/bulls-76ers-preview-110614","odds":"/nba/odds#27645","tickets":"http://www.awin1.com/cread.php?awinmid=4292&awinaffid=143258&clickref=nba&p=http://www.ticketsnow.com/InventoryBrowse/TicketList.aspx?PID=1607569"}},{"Id":28628,"GameState":2,"FinalText":"2OT","Date":"2014-11-07 19:00","SeasonType":1,"GameType":1,"AwayTeamId":8,"AwayLeader":"A Horford 24 pts","HomeTeamId":32,"HomeLeader":"A Jefferson 34 pts","AwayRecord":"1-3","HomeRecord":"3-3","AwayScore":119,"HomeScore":122,"WinningTeamId":32,"Links":{"gametrax":"/nba/gameTrax?gameId=2014110730","boxscore":"/nba/boxscore?gameId=2014110730","recap":"http://www.foxsports.com/nba/story/lance-stephenson-s-3-lifts-hornets-over-hawks-in-2ot-110714","preview":"http://www.foxsports.com/nba/story/hawks-hornets-preview-110614","odds":"/nba/odds#28628","tickets":"http://www.awin1.com/cread.php?awinmid=4292&awinaffid=143258&clickref=nba&p=http://www.ticketsnow.com/InventoryBrowse/TicketList.aspx?PID=1605920"}},{"Id":28668,"GameState":2,"FinalText":"OT","Date":"2014-11-07 19:00","SeasonType":1,"GameType":1,"AwayTeamId":18,"AwayLeader":"K Martin 21 pts","HomeTeamId":5,"HomeLeader":"E Fournier 20 pts","AwayRecord":"2-3","HomeRecord":"2-4","AwayScore":103,"HomeScore":112,"WinningTeamId":5,"Links":{"gametrax":"/nba/gameTrax?gameId=2014110719","boxscore":"/nba/boxscore?gameId=2014110719","recap":"http://www.foxsports.com/nba/story/magic-top-timberwolves-in-overtime-110714","preview":"http://www.foxsports.com/nba/story/timberwolves-magic-preview-110614","odds":"/nba/odds#28668","tickets":"http://www.awin1.com/cread.php?awinmid=4292&awinaffid=143258&clickref=nba&p=http://www.ticketsnow.com/InventoryBrowse/TicketList.aspx?PID=1607171"}},{"Id":27521,"GameState":2,"Date":"2014-11-07 19:30","SeasonType":1,"GameType":1,"AwayTeamId":13,"AwayLeader":"R Hibbert 22 pts","HomeTeamId":1,"HomeLeader":"J Sullinger 17 pts","AwayRecord":"1-5","HomeRecord":"2-3","AwayScore":98,"HomeScore":101,"WinningTeamId":1,"Links":{"gametrax":"/nba/gameTrax?gameId=2014110702","boxscore":"/nba/boxscore?gameId=2014110702","recap":"http://www.foxsports.com/nba/story/celtics-beat-pacers-110714","preview":"http://www.foxsports.com/nba/story/pacers-celtics-preview-110614","odds":"/nba/odds#27521","tickets":"http://www.awin1.com/cread.php?awinmid=4292&awinaffid=143258&clickref=nba&p=http://www.ticketsnow.com/InventoryBrowse/TicketList.aspx?PID=1605864"}},{"Id":27726,"GameState":2,"Date":"2014-11-07 19:30","SeasonType":1,"GameType":1,"AwayTeamId":14,"AwayLeader":"J Parker 18 pts","HomeTeamId":12,"HomeLeader":"K Caldwell-Pope 19 pts","AwayRecord":"2-4","HomeRecord":"2-3","AwayScore":95,"HomeScore":98,"WinningTeamId":12,"Links":{"gametrax":"/nba/gameTrax?gameId=2014110708","boxscore":"/nba/boxscore?gameId=2014110708","recap":"http://www.foxsports.com/nba/story/caldwell-pope-leads-pistons-over-bucks-98-95-110714","preview":"http://www.foxsports.com/nba/story/bucks-pistons-preview-110614","odds":"/nba/odds#27726","tickets":"http://www.awin1.com/cread.php?awinmid=4292&awinaffid=143258&clickref=nba&p=http://www.ticketsnow.com/InventoryBrowse/TicketList.aspx?PID=1606150"}},{"Id":28094,"GameState":2,"Date":"2014-11-07 19:30","SeasonType":1,"GameType":1,"AwayTeamId":7,"AwayLeader":"O Porter 13 pts","HomeTeamId":30,"HomeLeader":"D DeRozan 25 pts","AwayRecord":"4-2","HomeRecord":"5-1","AwayScore":84,"HomeScore":103,"WinningTeamId":30,"Links":{"gametrax":"/nba/gameTrax?gameId=2014110728","boxscore":"/nba/boxscore?gameId=2014110728","recap":"http://www.foxsports.com/nba/story/kyle-lowry-leads-raptors-past-wizards-110714","preview":"http://www.foxsports.com/nba/story/wizards-raptors-preview-110714","odds":"/nba/odds#28094"}},{"Id":28710,"GameState":2,"Date":"2014-11-07 19:30","SeasonType":1,"GameType":1,"AwayTeamId":4,"AwayLeader":"C Anthony 19 pts","HomeTeamId":3,"HomeLeader":"D Williams 29 pts","AwayRecord":"2-4","HomeRecord":"3-2","AwayScore":99,"HomeScore":110,"WinningTeamId":3,"Links":{"gametrax":"/nba/gameTrax?gameId=2014110717","boxscore":"/nba/boxscore?gameId=2014110717","recap":"http://www.foxsports.com/nba/story/nets-rout-knicks-in-first-all-ny-matchup-of-season-110714","preview":"http://www.foxsports.com/nba/story/knicks-nets-preview-110714","odds":"/nba/odds#28710","tickets":"http://www.awin1.com/cread.php?awinmid=4292&awinaffid=143258&clickref=nba&p=http://www.ticketsnow.com/InventoryBrowse/TicketList.aspx?PID=1605439"}},{"Id":28585,"GameState":2,"Date":"2014-11-07 20:00","SeasonType":1,"GameType":1,"AwayTeamId":31,"AwayLeader":"M Conley 20 pts","HomeTeamId":27,"HomeLeader":"R Jackson 22 pts","AwayRecord":"6-0","HomeRecord":"1-5","AwayScore":91,"HomeScore":89,"WinningTeamId":31,"Links":{"gametrax":"/nba/gameTrax?gameId=2014110725","boxscore":"/nba/boxscore?gameId=2014110725","recap":"http://www.foxsports.com/nba/story/grizzlies-hold-off-thunde-move-to-6-0-110714","preview":"http://www.foxsports.com/nba/story/grizzlies-thunder-preview-110614","odds":"/nba/odds#28585","tickets":"http://www.awin1.com/cread.php?awinmid=4292&awinaffid=143258&clickref=nba&p=http://www.ticketsnow.com/InventoryBrowse/TicketList.aspx?PID=1607121"}},{"Id":27563,"GameState":2,"Date":"2014-11-07 21:00","SeasonType":1,"GameType":1,"AwayTeamId":15,"AwayLeader":"D Nowitzki 27 pts","HomeTeamId":20,"HomeLeader":"A Burks 14 pts","AwayRecord":"4-2","HomeRecord":"2-4","AwayScore":105,"HomeScore":82,"WinningTeamId":15,"Links":{"gametrax":"/nba/gameTrax?gameId=2014110726","boxscore":"/nba/boxscore?gameId=2014110726","recap":"http://www.foxsports.com/nba/story/nowitzki-helps-mavericks-coast-past-jazz-105-82-110714","preview":"http://www.foxsports.com/nba/story/mavericks-jazz-preview-110714","odds":"/nba/odds#27563","tickets":"http://www.awin1.com/cread.php?awinmid=4292&awinaffid=143258&clickref=nba&p=http://www.ticketsnow.com/InventoryBrowse/TicketList.aspx?PID=1607613"}},{"Id":27810,"GameState":2,"FinalText":"2OT","Date":"2014-11-07 21:00","SeasonType":1,"GameType":1,"AwayTeamId":26,"AwayLeader":"D Cousins 25 pts","HomeTeamId":24,"HomeLeader":"E Bledsoe 23 pts","AwayRecord":"5-1","HomeRecord":"3-3","AwayScore":114,"HomeScore":112,"WinningTeamId":26,"Links":{"gametrax":"/nba/gameTrax?gameId=2014110721","boxscore":"/nba/boxscore?gameId=2014110721","recap":"http://www.foxsports.com/nba/story/kings-top-suns-114-112-in-double-overtime-110814","preview":"http://www.foxsports.com/nba/story/kings-suns-preview-110614","odds":"/nba/odds#27810","tickets":"http://www.awin1.com/cread.php?awinmid=4292&awinaffid=143258&clickref=nba&p=http://www.ticketsnow.com/InventoryBrowse/TicketList.aspx?PID=1607240"}},{"Id":28135,"GameState":2,"Date":"2014-11-07 22:30","SeasonType":1,"GameType":1,"AwayTeamId":11,"AwayLeader":"L James 22 pts","HomeTeamId":16,"HomeLeader":"R Foye 28 pts","AwayRecord":"2-3","HomeRecord":"1-4","AwayScore":110,"HomeScore":101,"WinningTeamId":11,"Links":{"gametrax":"/nba/gameTrax?gameId=2014110707","boxscore":"/nba/boxscore?gameId=2014110707","recap":"http://www.foxsports.com/nba/story/lebron-james-helps-cavaliers-beat-nuggets-110814","preview":"http://www.foxsports.com/nba/story/cavaliers-nuggets-preview-110614","odds":"/nba/odds#28135","tickets":"http://www.awin1.com/cread.php?awinmid=4292&awinaffid=143258&clickref=nba&p=http://www.ticketsnow.com/InventoryBrowse/TicketList.aspx?PID=1607470"}}]