[{"Id":28097,"GameState":2,"Date":"2014-11-13 20:00","SeasonType":1,"GameType":1,"AwayTeamId":10,"AwayLeader":"P Gasol 27 pts","HomeTeamId":30,"HomeLeader":"K Lowry 20 pts","AwayRecord":"7-2","HomeRecord":"7-2","AwayScore":100,"HomeScore":93,"WinningTeamId":10,"Links":{"gametrax":"/nba/gameTrax?gameId=2014111328","boxscore":"/nba/boxscore?gameId=2014111328","recap":"http://www.foxsports.com/nba/story/derrick-rose-leaves-with-hamstring-injury-but-chicago-bulls-top-toronto-raptors-111314","preview":"http://www.foxsports.com/nba/story/bulls-raptors-preview-111214","odds":"/nba/odds#28097"}},{"Id":28546,"GameState":2,"Date":"2014-11-13 20:00","SeasonType":1,"GameType":1,"AwayTeamId":26,"AwayLeader":"R Gay 25 pts","HomeTeamId":31,"HomeLeader":"M Conley 22 pts","AwayRecord":"5-4","HomeRecord":"8-1","AwayScore":110,"HomeScore":111,"WinningTeamId":31,"Links":{"gametrax":"/nba/gameTrax?gameId=2014111329","boxscore":"/nba/boxscore?gameId=2014111329","recap":"http://www.foxsports.com/nba/story/memphis-grizzlies-storm-back-from-26-point-deficit-to-edge-sacramento-kings-111314","preview":"http://www.foxsports.com/nba/story/kings-grizzlies-preview-111214","odds":"/nba/odds#28546","tickets":"http://www.awin1.com/cread.php?awinmid=4292&awinaffid=143258&clickref=nba&p=http://www.ticketsnow.com/InventoryBrowse/TicketList.aspx?PID=1606421"}},{"Id":28383,"GameState":2,"Date":"2014-11-13 20:30","SeasonType":1,"GameType":1,"AwayTeamId":6,"AwayLeader":"M Carter-Williams 19 pts","HomeTeamId":15,"HomeLeader":"D Nowitzki 21 pts","AwayRecord":"0-8","HomeRecord":"6-3","AwayScore":70,"HomeScore":123,"WinningTeamId":15,"Links":{"gametrax":"/nba/gameTrax?gameId=2014111306","boxscore":"/nba/boxscore?gameId=2014111306","recap":"http://www.foxsports.com/nba/story/dallas-mavericks-get-biggest-win-ever-top-philadelphia-76ers-by-53-points-111314","preview":"http://www.foxsports.com/nba/story/76ers-mavericks-preview-111214","odds":"/nba/odds#28383","tickets":"http://www.awin1.com/cread.php?awinmid=4292&awinaffid=143258&clickref=nba&p=http://www.ticketsnow.com/InventoryBrowse/TicketList.aspx?PID=1606013"}},{"Id":27686,"GameState":2,"Date":"2014-11-13 22:30","SeasonType":1,"GameType":1,"AwayTeamId":3,"AwayLeader":"J Jack 23 pts","HomeTeamId":21,"HomeLeader":"K Thompson 25 pts","AwayRecord":"4-4","HomeRecord":"6-2","AwayScore":99,"HomeScore":107,"WinningTeamId":21,"Links":{"gametrax":"/nba/gameTrax?gameId=2014111309","boxscore":"/nba/boxscore?gameId=2014111309","recap":"http://www.foxsports.com/nba/story/klay-thompson-leads-warriors-over-nets-111414","preview":"http://www.foxsports.com/nba/story/nets-warriors-preview-111314","odds":"/nba/odds#27686","tickets":"http://www.awin1.com/cread.php?awinmid=4292&awinaffid=143258&clickref=nba&p=http://www.ticketsnow.com/InventoryBrowse/TicketList.aspx?PID=1606202"}}]