[{"Id":27601,"GameState":2,"Date":"2014-11-01 19:00","SeasonType":1,"GameType":1,"AwayTeamId":14,"AwayLeader":"B Knight 24 pts","HomeTeamId":7,"HomeLeader":"N Hilario 22 pts","AwayRecord":"1-2","HomeRecord":"2-1","AwayScore":97,"HomeScore":108,"WinningTeamId":7,"Links":{"gametrax":"/nba/gameTrax?gameId=2014110127","boxscore":"/nba/boxscore?gameId=2014110127","recap":"http://www.foxsports.com/nba/story/wizards-vs-nets-paul-pierce-ejected-score-result-110114","preview":"http://www.foxsports.com/nba/story/bucks-wizards-preview-110114","odds":"/nba/odds#27601","tickets":"http://www.awin1.com/cread.php?awinmid=4292&awinaffid=143258&clickref=nba&p=http://www.ticketsnow.com/InventoryBrowse/TicketList.aspx?PID=1607373"}},{"Id":27642,"GameState":2,"Date":"2014-11-01 19:00","SeasonType":1,"GameType":1,"AwayTeamId":2,"AwayLeader":"C Bosh 30 pts","HomeTeamId":6,"HomeLeader":"T Wroten 21 pts","AwayRecord":"2-0","HomeRecord":"0-3","AwayScore":114,"HomeScore":96,"WinningTeamId":2,"Links":{"gametrax":"/nba/gameTrax?gameId=2014110120","boxscore":"/nba/boxscore?gameId=2014110120","recap":"#","preview":"http://www.foxsports.com/nba/story/heat-76ers-preview-110114","odds":"/nba/odds#27642","tickets":"http://www.awin1.com/cread.php?awinmid=4292&awinaffid=143258&clickref=nba&p=http://www.ticketsnow.com/InventoryBrowse/TicketList.aspx?PID=1607566"}},{"Id":28421,"GameState":2,"Date":"2014-11-01 19:00","SeasonType":1,"GameType":1,"AwayTeamId":15,"AwayLeader":"C Parsons 20 pts","HomeTeamId":9,"HomeLeader":"A Davis 31 pts","AwayRecord":"2-1","HomeRecord":"1-1","AwayScore":109,"HomeScore":104,"WinningTeamId":15,"Links":{"gametrax":"/nba/gameTrax?gameId=2014110103","boxscore":"/nba/boxscore?gameId=2014110103","recap":"http://www.foxsports.com/nba/story/mavericks-defeat-pelicans-anthony-davis-chandler-parsons-dirk-nowitzki--110114","preview":"#","odds":"/nba/odds#28421","tickets":"http://www.awin1.com/cread.php?awinmid=4292&awinaffid=143258&clickref=nba&p=http://www.ticketsnow.com/InventoryBrowse/TicketList.aspx?PID=1606853"}},{"Id":28626,"GameState":2,"Date":"2014-11-01 19:00","SeasonType":1,"GameType":1,"AwayTeamId":31,"AwayLeader":"M Gasol 22 pts","HomeTeamId":32,"HomeLeader":"A Jefferson 19 pts","AwayRecord":"3-0","HomeRecord":"1-1","AwayScore":71,"HomeScore":69,"WinningTeamId":31,"Links":{"gametrax":"/nba/gameTrax?gameId=2014110130","boxscore":"/nba/boxscore?gameId=2014110130","recap":"http://www.foxsports.com/nba/story/grizzlies-vs-hornets-memphis-3-0-first-time-ever-marc-gasol-110114","preview":"http://www.foxsports.com/nba/story/grizzlies-hornets-preview-110114","odds":"/nba/odds#28626","tickets":"http://www.awin1.com/cread.php?awinmid=4292&awinaffid=143258&clickref=nba&p=http://www.ticketsnow.com/InventoryBrowse/TicketList.aspx?PID=1605918"}},{"Id":28667,"GameState":2,"Date":"2014-11-01 19:00","SeasonType":1,"GameType":1,"AwayTeamId":30,"AwayLeader":"D DeRozan 26 pts","HomeTeamId":5,"HomeLeader":"E Fournier 18 pts","AwayRecord":"2-0","HomeRecord":"0-3","AwayScore":108,"HomeScore":95,"WinningTeamId":30,"Links":{"gametrax":"/nba/gameTrax?gameId=2014110119","boxscore":"/nba/boxscore?gameId=2014110119","recap":"http://www.foxsports.com/nba/story/raptors-beat-magic-for-eighth-straight-time-110114","preview":"http://www.foxsports.com/nba/story/raptors-magic-preview-103114","odds":"/nba/odds#28667","tickets":"http://www.awin1.com/cread.php?awinmid=4292&awinaffid=143258&clickref=nba&p=http://www.ticketsnow.com/InventoryBrowse/TicketList.aspx?PID=1607170"}},{"Id":27724,"GameState":2,"Date":"2014-11-01 19:30","SeasonType":1,"GameType":1,"AwayTeamId":3,"AwayLeader":"J Johnson 34 pts","HomeTeamId":12,"HomeLeader":"G Monroe 18 pts","AwayRecord":"1-1","HomeRecord":"0-3","AwayScore":102,"HomeScore":90,"WinningTeamId":3,"Links":{"gametrax":"/nba/gameTrax?gameId=2014110108","boxscore":"/nba/boxscore?gameId=2014110108","recap":"http://www.foxsports.com/nba/story/nets-earn-first-win-beat-pistons-102-90-110114","preview":"http://www.foxsports.com/nba/story/nets-pistons-preview-103114","odds":"/nba/odds#27724","tickets":"http://www.awin1.com/cread.php?awinmid=4292&awinaffid=143258&clickref=nba&p=http://www.ticketsnow.com/InventoryBrowse/TicketList.aspx?PID=1606147"}},{"Id":28256,"GameState":2,"Date":"2014-11-01 19:30","SeasonType":1,"GameType":1,"AwayTeamId":13,"AwayLeader":"C Copeland 21 pts","HomeTeamId":8,"HomeLeader":"J Teague 25 pts","AwayRecord":"1-2","HomeRecord":"1-1","AwayScore":92,"HomeScore":102,"WinningTeamId":8,"Links":{"gametrax":"/nba/gameTrax?gameId=2014110101","boxscore":"/nba/boxscore?gameId=2014110101","recap":"http://www.foxsports.com/nba/story/teague-leads-hawks-past-depleted-pacers-102-92-110114","preview":"http://www.foxsports.com/nba/story/pacers-hawks-preview-103114","odds":"/nba/odds#28256","tickets":"http://www.awin1.com/cread.php?awinmid=4292&awinaffid=143258&clickref=nba&p=http://www.ticketsnow.com/InventoryBrowse/TicketList.aspx?PID=1605812"}},{"Id":27931,"GameState":2,"Date":"2014-11-01 20:00","SeasonType":1,"GameType":1,"AwayTeamId":10,"AwayLeader":"J Butler 24 pts","HomeTeamId":18,"HomeLeader":"K Martin 33 pts","AwayRecord":"2-1","HomeRecord":"1-2","AwayScore":106,"HomeScore":105,"WinningTeamId":10,"Links":{"gametrax":"/nba/gameTrax?gameId=2014110116","boxscore":"/nba/boxscore?gameId=2014110116","recap":"http://www.foxsports.com/nba/story/bulls-defeat-timberwolves-derrick-rose-sits-with-ankle-injury-110114","preview":"http://www.foxsports.com/nba/story/bulls-timberwolves-preview-110114","odds":"/nba/odds#27931","tickets":"http://www.awin1.com/cread.php?awinmid=4292&awinaffid=143258&clickref=nba&p=http://www.ticketsnow.com/InventoryBrowse/TicketList.aspx?PID=1606739"}},{"Id":28502,"GameState":2,"Date":"2014-11-01 20:00","SeasonType":1,"GameType":1,"AwayTeamId":1,"AwayLeader":"J Green 17 pts","HomeTeamId":17,"HomeLeader":"J Harden 26 pts","AwayRecord":"1-1","HomeRecord":"3-0","AwayScore":90,"HomeScore":104,"WinningTeamId":17,"Links":{"gametrax":"/nba/gameTrax?gameId=2014110110","boxscore":"/nba/boxscore?gameId=2014110110","recap":"http://www.foxsports.com/nba/story/harden-leads-rockets-over-celtics-104-90-110114","preview":"http://www.foxsports.com/nba/story/celtics-rockets-preview-103114","odds":"/nba/odds#28502","tickets":"http://www.awin1.com/cread.php?awinmid=4292&awinaffid=143258&clickref=nba&p=http://www.ticketsnow.com/InventoryBrowse/TicketList.aspx?PID=1607519"}},{"Id":28584,"GameState":2,"Date":"2014-11-01 20:00","SeasonType":1,"GameType":1,"AwayTeamId":16,"AwayLeader":"T Lawson 25 pts","HomeTeamId":27,"HomeLeader":"P Jones 23 pts","AwayRecord":"1-1","HomeRecord":"1-2","AwayScore":91,"HomeScore":102,"WinningTeamId":27,"Links":{"gametrax":"/nba/gameTrax?gameId=2014110125","boxscore":"/nba/boxscore?gameId=2014110125","recap":"http://www.foxsports.com/nba/story/short-handed-thunder-beat-nuggets-102-91-110114","preview":"http://www.foxsports.com/nba/story/nuggets-thunder-preview-103114","odds":"/nba/odds#28584","tickets":"http://www.awin1.com/cread.php?awinmid=4292&awinaffid=143258&clickref=nba&p=http://www.ticketsnow.com/InventoryBrowse/TicketList.aspx?PID=1607120"}},{"Id":27561,"GameState":2,"Date":"2014-11-01 21:00","SeasonType":1,"GameType":1,"AwayTeamId":24,"AwayLeader":"G Green 16 pts","HomeTeamId":20,"HomeLeader":"D Favors 32 pts","AwayRecord":"2-1","HomeRecord":"1-2","AwayScore":91,"HomeScore":118,"WinningTeamId":20,"Links":{"gametrax":"/nba/gameTrax?gameId=2014110126","boxscore":"/nba/boxscore?gameId=2014110126","recap":"http://www.foxsports.com/nba/story/favors-powers-jazz-to-first-win-118-91-over-suns-110114","preview":"http://www.foxsports.com/nba/story/suns-jazz-preview-110114","odds":"/nba/odds#27561","tickets":"http://www.awin1.com/cread.php?awinmid=4292&awinaffid=143258&clickref=nba&p=http://www.ticketsnow.com/InventoryBrowse/TicketList.aspx?PID=1607611"}},{"Id":27683,"GameState":2,"Date":"2014-11-01 22:30","SeasonType":1,"GameType":1,"AwayTeamId":23,"AwayLeader":"K Bryant 28 pts","HomeTeamId":21,"HomeLeader":"K Thompson 41 pts","AwayRecord":"0-4","HomeRecord":"2-0","AwayScore":104,"HomeScore":127,"WinningTeamId":21,"Links":{"gametrax":"/nba/gameTrax?gameId=2014110109","boxscore":"/nba/boxscore?gameId=2014110109","recap":"http://www.foxsports.com/nba/story/thompson-scores-41-warriors-beat-lakers-127-104-110214","preview":"http://www.foxsports.com/nba/story/lakers-warriors-preview-110114","odds":"/nba/odds#27683","tickets":"http://www.awin1.com/cread.php?awinmid=4292&awinaffid=143258&clickref=nba&p=http://www.ticketsnow.com/InventoryBrowse/TicketList.aspx?PID=1606192"}}]