[{"Id":28899,"GameState":2,"FinalText":"OT","SeriesText":"WSH leads Round 1, 1-0","SeriesGame":1,"PlayoffRound":1,"Date":"2015-04-18 12:30","SeasonType":2,"GameType":2,"AwayTeamId":7,"AwayLeader":"P Pierce 20 pts","HomeTeamId":30,"HomeLeader":"A Johnson 18 pts","AwayRecord":"46-36","HomeRecord":"49-33","AwayScore":93,"HomeScore":86,"WinningTeamId":7,"Links":{"gametrax":"/nba/gameTrax?gameId=2015041828","boxscore":"/nba/boxscore?gameId=2015041828","recap":"http://www.foxsports.com/nba/story/pierce-leads-wizards-past-raptors-in-ot-in-game-1-041815","preview":"http://www.foxsports.com/nba/story/wizards-raptors-preview-041715","odds":"/nba/odds#28899"}},{"Id":28859,"GameState":2,"SeriesText":"GS leads Round 1, 1-0","SeriesGame":1,"PlayoffRound":1,"Date":"2015-04-18 15:30","SeasonType":2,"GameType":2,"AwayTeamId":9,"AwayLeader":"A Davis 35 pts","HomeTeamId":21,"HomeLeader":"S Curry 34 pts","AwayRecord":"45-37","HomeRecord":"67-15","AwayScore":99,"HomeScore":106,"WinningTeamId":21,"Links":{"gametrax":"/nba/gameTrax?gameId=2015041809","boxscore":"/nba/boxscore?gameId=2015041809","recap":"http://www.foxsports.com/nba/story/curry-scores-34-warriors-beat-pelicans-106-99-in-game-1-041815","preview":"#","odds":"/nba/odds#28859","tickets":"http://www.awin1.com/cread.php?awinmid=4292&awinaffid=143258&clickref=nba&p=http://www.ticketsnow.com/InventoryBrowse/TicketList.aspx?PID=1685607"}},{"Id":28900,"GameState":2,"SeriesText":"CHI leads Round 1, 1-0","SeriesGame":1,"PlayoffRound":1,"Date":"2015-04-18 19:00","SeasonType":2,"GameType":2,"AwayTeamId":14,"AwayLeader":"K Middleton 18 pts","HomeTeamId":10,"HomeLeader":"J Butler 25 pts","AwayRecord":"41-41","HomeRecord":"50-32","AwayScore":91,"HomeScore":103,"WinningTeamId":10,"Links":{"gametrax":"/nba/gameTrax?gameId=2015041804","boxscore":"/nba/boxscore?gameId=2015041804","recap":"http://www.foxsports.com/nba/story/chicago-bulls-top-milwaukee-bucks-in-game-1-041815","preview":"http://www.foxsports.com/nba/story/for-bulls-time-to-deliver-on-expectations-041715","odds":"/nba/odds#28900","tickets":"http://www.awin1.com/cread.php?awinmid=4292&awinaffid=143258&clickref=nba&p=http://www.ticketsnow.com/InventoryBrowse/TicketList.aspx?PID=1692852"}},{"Id":28860,"GameState":2,"SeriesText":"HOU leads Round 1, 1-0","SeriesGame":1,"PlayoffRound":1,"Date":"2015-04-18 21:30","SeasonType":2,"GameType":2,"AwayTeamId":15,"AwayLeader":"D Nowitzki 24 pts","HomeTeamId":17,"HomeLeader":"J Harden 24 pts","AwayRecord":"50-32","HomeRecord":"56-26","AwayScore":108,"HomeScore":118,"WinningTeamId":17,"Links":{"gametrax":"/nba/gameTrax?gameId=2015041810","boxscore":"/nba/boxscore?gameId=2015041810","recap":"http://www.foxsports.com/nba/story/houston-rockets-down-dallas-mavericks-in-game-1-james-harden-leads-way-041915","preview":"http://www.foxsports.com/nba/story/mavericks-rockets-preview-041715","odds":"/nba/odds#28860","tickets":"http://www.awin1.com/cread.php?awinmid=4292&awinaffid=143258&clickref=nba&p=http://www.ticketsnow.com/InventoryBrowse/TicketList.aspx?PID=1694659"}},{"Id":28861,"GameState":2,"SeriesText":"CLE leads Round 1, 1-0","SeriesGame":1,"PlayoffRound":1,"Date":"2015-04-19 15:00","SeasonType":2,"GameType":2,"AwayTeamId":1,"AwayLeader":"I Thomas 22 pts","HomeTeamId":11,"HomeLeader":"K Irving 30 pts","AwayRecord":"40-42","HomeRecord":"53-29","AwayScore":100,"HomeScore":113,"WinningTeamId":11,"Links":{"gametrax":"/nba/gameTrax?gameId=2015041905","boxscore":"/nba/boxscore?gameId=2015041905","recap":"http://www.foxsports.com/nba/story/nba-playoffs-cleveland-cavaliers-beat-boston-celtics-game-1-kyrie-irving-30-points-041915","preview":"#","odds":"/nba/odds#28861","tickets":"http://www.awin1.com/cread.php?awinmid=4292&awinaffid=143258&clickref=nba&p=http://www.ticketsnow.com/InventoryBrowse/TicketList.aspx?PID=1706025"}},{"Id":28862,"GameState":2,"SeriesText":"ATL leads Round 1, 1-0","SeriesGame":1,"PlayoffRound":1,"Date":"2015-04-19 17:30","SeasonType":2,"GameType":2,"AwayTeamId":3,"AwayLeader":"B Lopez 17 pts","HomeTeamId":8,"HomeLeader":"K Korver 21 pts","AwayRecord":"38-44","HomeRecord":"60-22","AwayScore":92,"HomeScore":99,"WinningTeamId":8,"Links":{"gametrax":"/nba/gameTrax?gameId=2015041901","boxscore":"/nba/boxscore?gameId=2015041901","recap":"http://www.foxsports.com/nba/story/nba-playoffs-atlanta-hawks-open-with-win-over-brooklyn-nets-041915","preview":"#","odds":"/nba/odds#28862","tickets":"http://www.awin1.com/cread.php?awinmid=4292&awinaffid=143258&clickref=nba&p=http://www.ticketsnow.com/InventoryBrowse/TicketList.aspx?PID=1694658"}},{"Id":28863,"GameState":2,"SeriesText":"MEM leads Round 1, 1-0","SeriesGame":1,"PlayoffRound":1,"Date":"2015-04-19 20:00","SeasonType":2,"GameType":2,"AwayTeamId":25,"AwayLeader":"L Aldridge 32 pts","HomeTeamId":31,"HomeLeader":"B Udrih 20 pts","AwayRecord":"51-31","HomeRecord":"55-27","AwayScore":86,"HomeScore":100,"WinningTeamId":31,"Links":{"gametrax":"/nba/gameTrax?gameId=2015041929","boxscore":"/nba/boxscore?gameId=2015041929","recap":"http://www.foxsports.com/nba/story/grizzlies-never-trail-rout-trail-blazers-100-86-in-game-1-041915","preview":"#","odds":"/nba/odds#28863","tickets":"http://www.awin1.com/cread.php?awinmid=4292&awinaffid=143258&clickref=nba&p=http://www.ticketsnow.com/InventoryBrowse/TicketList.aspx?PID=1694660"}},{"Id":28864,"GameState":2,"SeriesText":"LAC leads Round 1, 1-0","SeriesGame":1,"PlayoffRound":1,"Date":"2015-04-19 22:30","SeasonType":2,"GameType":2,"AwayTeamId":19,"AwayLeader":"K Leonard 18 pts","HomeTeamId":22,"HomeLeader":"C Paul 32 pts","AwayRecord":"55-27","HomeRecord":"56-26","AwayScore":92,"HomeScore":107,"WinningTeamId":22,"Links":{"gametrax":"/nba/gameTrax?gameId=2015041912","boxscore":"/nba/boxscore?gameId=2015041912","recap":"http://www.foxsports.com/nba/story/cp3-griffin-lead-clippers-past-spurs-107-92-in-opener-042015","preview":"http://www.foxsports.com/nba/story/spurs-clippers-not-daunted-by-their-tough-first-round-draw-041715","odds":"/nba/odds#28864","tickets":"http://www.awin1.com/cread.php?awinmid=4292&awinaffid=143258&clickref=nba&p=http://www.ticketsnow.com/InventoryBrowse/TicketList.aspx?PID=1692115"}},{"Id":28901,"GameState":2,"SeriesText":"CHI leads Round 1, 2-0","SeriesGame":2,"PlayoffRound":1,"Date":"2015-04-20 20:00","SeasonType":2,"GameType":2,"AwayTeamId":14,"AwayLeader":"K Middleton 22 pts","HomeTeamId":10,"HomeLeader":"J Butler 31 pts","AwayRecord":"41-41","HomeRecord":"50-32","AwayScore":82,"HomeScore":91,"WinningTeamId":10,"Links":{"gametrax":"/nba/gameTrax?gameId=2015042004","boxscore":"/nba/boxscore?gameId=2015042004","recap":"http://www.foxsports.com/nba/story/nba-playoffs-chicago-bulls-beat-milwaukee-bucks-for-2-0-series-lead-jimmy-butler-scores-31-042015","preview":"http://www.foxsports.com/nba/story/bucks-bulls-preview-041915","odds":"/nba/odds#28901","tickets":"http://www.awin1.com/cread.php?awinmid=4292&awinaffid=143258&clickref=nba&p=http://www.ticketsnow.com/InventoryBrowse/TicketList.aspx?PID=1692854"}},{"Id":28865,"GameState":2,"SeriesText":"GS leads Round 1, 2-0","SeriesGame":2,"PlayoffRound":1,"Date":"2015-04-20 22:30","SeasonType":2,"GameType":2,"AwayTeamId":9,"AwayLeader":"A Davis 26 pts","HomeTeamId":21,"HomeLeader":"K Thompson 26 pts","AwayRecord":"45-37","HomeRecord":"67-15","AwayScore":87,"HomeScore":97,"WinningTeamId":21,"Links":{"gametrax":"/nba/gameTrax?gameId=2015042009","boxscore":"/nba/boxscore?gameId=2015042009","recap":"http://www.foxsports.com/nba/story/warriors-beat-pelicans-97-87-to-take-2-0-series-lead-042115","preview":"http://www.foxsports.com/nba/story/pelicans-warriors-preview-041915","odds":"/nba/odds#28865","tickets":"http://www.awin1.com/cread.php?awinmid=4292&awinaffid=143258&clickref=nba&p=http://www.ticketsnow.com/InventoryBrowse/TicketList.aspx?PID=1694999"}},{"Id":28866,"GameState":2,"SeriesText":"CLE leads Round 1, 2-0","SeriesGame":2,"PlayoffRound":1,"Date":"2015-04-21 19:00","SeasonType":2,"GameType":2,"AwayTeamId":1,"AwayLeader":"I Thomas 22 pts","HomeTeamId":11,"HomeLeader":"L James 30 pts","AwayRecord":"40-42","HomeRecord":"53-29","AwayScore":91,"HomeScore":99,"WinningTeamId":11,"Links":{"gametrax":"/nba/gameTrax?gameId=2015042105","boxscore":"/nba/boxscore?gameId=2015042105","recap":"http://www.foxsports.com/nba/story/cleveland-cavaliers-down-boston-celtics-in-game-2-lebron-james-scores-30-042115","preview":"http://www.foxsports.com/nba/story/celtics-cavaliers-preview-042015","odds":"/nba/odds#28866","tickets":"http://www.awin1.com/cread.php?awinmid=4292&awinaffid=143258&clickref=nba&p=http://www.ticketsnow.com/InventoryBrowse/TicketList.aspx?PID=1706026"}},{"Id":28902,"GameState":2,"SeriesText":"WSH leads Round 1, 2-0","SeriesGame":2,"PlayoffRound":1,"Date":"2015-04-21 20:00","SeasonType":2,"GameType":2,"AwayTeamId":7,"AwayLeader":"B Beal 28 pts","HomeTeamId":30,"HomeLeader":"D DeRozan 20 pts","AwayRecord":"46-36","HomeRecord":"49-33","AwayScore":117,"HomeScore":106,"WinningTeamId":7,"Links":{"gametrax":"/nba/gameTrax?gameId=2015042128","boxscore":"/nba/boxscore?gameId=2015042128","recap":"http://www.foxsports.com/nba/story/wall-has-26-points-17-assists-wizards-rout-raptors-117-106-042115","preview":"http://www.foxsports.com/nba/story/wizards-raptors-preview-042015","odds":"/nba/odds#28902"}},{"Id":28867,"GameState":2,"SeriesText":"HOU leads Round 1, 2-0","SeriesGame":2,"PlayoffRound":1,"Date":"2015-04-21 21:30","SeasonType":2,"GameType":2,"AwayTeamId":15,"AwayLeader":"M Ellis 24 pts","HomeTeamId":17,"HomeLeader":"D Howard 28 pts","AwayRecord":"50-32","HomeRecord":"56-26","AwayScore":99,"HomeScore":111,"WinningTeamId":17,"Links":{"gametrax":"/nba/gameTrax?gameId=2015042110","boxscore":"/nba/boxscore?gameId=2015042110","recap":"http://www.foxsports.com/nba/story/howard-and-harden-lead-rockets-over-mavericks-111-99-042215","preview":"http://www.foxsports.com/nba/story/mavericks-rockets-preview-042015","odds":"/nba/odds#28867","tickets":"http://www.awin1.com/cread.php?awinmid=4292&awinaffid=143258&clickref=nba&p=http://www.ticketsnow.com/InventoryBrowse/TicketList.aspx?PID=1701998"}},{"Id":28868,"GameState":2,"SeriesText":"ATL leads Round 1, 2-0","SeriesGame":2,"PlayoffRound":1,"Date":"2015-04-22 19:00","SeasonType":2,"GameType":2,"AwayTeamId":3,"AwayLeader":"J Jack 23 pts","HomeTeamId":8,"HomeLeader":"P Millsap 19 pts","AwayRecord":"38-44","HomeRecord":"60-22","AwayScore":91,"HomeScore":96,"WinningTeamId":8,"Links":{"gametrax":"/nba/gameTrax?gameId=2015042201","boxscore":"/nba/boxscore?gameId=2015042201","recap":"http://www.foxsports.com/nba/story/millsap-scores-19-hawks-hold-off-nets-96-91-for-2-0-lead-042215","preview":"http://www.foxsports.com/nba/story/nets-hawks-preview-042115","odds":"/nba/odds#28868","tickets":"http://www.awin1.com/cread.php?awinmid=4292&awinaffid=143258&clickref=nba&p=http://www.ticketsnow.com/InventoryBrowse/TicketList.aspx?PID=1695884"}},{"Id":28869,"GameState":2,"SeriesText":"MEM leads Round 1, 2-0","SeriesGame":2,"PlayoffRound":1,"Date":"2015-04-22 20:00","SeasonType":2,"GameType":2,"AwayTeamId":25,"AwayLeader":"L Aldridge 24 pts","HomeTeamId":31,"HomeLeader":"C Lee 18 pts","AwayRecord":"51-31","HomeRecord":"55-27","AwayScore":82,"HomeScore":97,"WinningTeamId":31,"Links":{"gametrax":"/nba/gameTrax?gameId=2015042229","boxscore":"/nba/boxscore?gameId=2015042229","recap":"http://www.foxsports.com/nba/story/grizzlies-take-2-0-series-lead-beating-trail-blazers-97-82-042315","preview":"http://www.foxsports.com/nba/story/trail-blazers-grizzlies-preview-042115","odds":"/nba/odds#28869","tickets":"http://www.awin1.com/cread.php?awinmid=4292&awinaffid=143258&clickref=nba&p=http://www.ticketsnow.com/InventoryBrowse/TicketList.aspx?PID=1699051"}},{"Id":28870,"GameState":2,"FinalText":"OT","SeriesText":"Round 1 tied, 1-1","SeriesGame":2,"PlayoffRound":1,"Date":"2015-04-22 22:30","SeasonType":2,"GameType":2,"AwayTeamId":19,"AwayLeader":"T Duncan 28 pts","HomeTeamId":22,"HomeLeader":"B Griffin 29 pts","AwayRecord":"55-27","HomeRecord":"56-26","AwayScore":111,"HomeScore":107,"WinningTeamId":19,"Links":{"gametrax":"/nba/gameTrax?gameId=2015042212","boxscore":"/nba/boxscore?gameId=2015042212","recap":"http://www.foxsports.com/nba/story/duncan-and-leonard-help-spurs-beat-clippers-111-107-in-ot-042315","preview":"http://www.foxsports.com/nba/story/spurs-clippers-preview-042115","odds":"/nba/odds#28870","tickets":"http://www.awin1.com/cread.php?awinmid=4292&awinaffid=143258&clickref=nba&p=http://www.ticketsnow.com/InventoryBrowse/TicketList.aspx?PID=1692116"}},{"Id":28871,"GameState":2,"SeriesText":"CLE leads Round 1, 3-0","SeriesGame":3,"PlayoffRound":1,"Date":"2015-04-23 19:00","SeasonType":2,"GameType":2,"AwayTeamId":11,"AwayLeader":"L James 31 pts","HomeTeamId":1,"HomeLeader":"E Turner 19 pts","AwayRecord":"53-29","HomeRecord":"40-42","AwayScore":103,"HomeScore":95,"WinningTeamId":11,"Links":{"gametrax":"/nba/gameTrax?gameId=2015042302","boxscore":"/nba/boxscore?gameId=2015042302","recap":"http://www.foxsports.com/nba/story/james-scores-31-cavs-beat-celts-103-95-for-3-0-series-lead-042315","preview":"http://www.foxsports.com/nba/story/cavaliers-celtics-preview-042215","odds":"/nba/odds#28871","tickets":"http://www.awin1.com/cread.php?awinmid=4292&awinaffid=143258&clickref=nba&p=http://www.ticketsnow.com/InventoryBrowse/TicketList.aspx?PID=1702931"}},{"Id":28903,"GameState":2,"FinalText":"2OT","SeriesText":"CHI leads Round 1, 3-0","SeriesGame":3,"PlayoffRound":1,"Date":"2015-04-23 20:00","SeasonType":2,"GameType":2,"AwayTeamId":10,"AwayLeader":"D Rose 34 pts","HomeTeamId":14,"HomeLeader":"G Antetokounmpo 25 pts","AwayRecord":"50-32","HomeRecord":"41-41","AwayScore":113,"HomeScore":106,"WinningTeamId":10,"Links":{"gametrax":"/nba/gameTrax?gameId=2015042315","boxscore":"/nba/boxscore?gameId=2015042315","recap":"http://www.foxsports.com/nba/story/rose-scores-34-bulls-hold-off-bucks-113-106-in-double-ot-042315","preview":"http://www.foxsports.com/nba/story/bulls-bucks-preview-042215","odds":"/nba/odds#28903","tickets":"http://www.awin1.com/cread.php?awinmid=4292&awinaffid=143258&clickref=nba&p=http://www.ticketsnow.com/InventoryBrowse/TicketList.aspx?PID=1707121"}},{"Id":28872,"GameState":2,"FinalText":"OT","SeriesText":"GS leads Round 1, 3-0","SeriesGame":3,"PlayoffRound":1,"Date":"2015-04-23 21:30","SeasonType":2,"GameType":2,"AwayTeamId":21,"AwayLeader":"S Curry 40 pts","HomeTeamId":9,"HomeLeader":"A Davis 29 pts","AwayRecord":"67-15","HomeRecord":"45-37","AwayScore":123,"HomeScore":119,"WinningTeamId":21,"Links":{"gametrax":"/nba/gameTrax?gameId=2015042303","boxscore":"/nba/boxscore?gameId=2015042303","recap":"http://www.foxsports.com/nba/story/warriors-erase-20-point-hole-beat-pelicans-123-119-in-ot-042415","preview":"http://www.foxsports.com/nba/story/warriors-pelicans-preview-042215","odds":"/nba/odds#28872","tickets":"http://www.awin1.com/cread.php?awinmid=4292&awinaffid=143258&clickref=nba&p=http://www.ticketsnow.com/InventoryBrowse/TicketList.aspx?PID=1713759"}},{"Id":28873,"GameState":2,"SeriesText":"HOU leads Round 1, 3-0","SeriesGame":3,"PlayoffRound":1,"Date":"2015-04-24 19:00","SeasonType":2,"GameType":2,"AwayTeamId":17,"AwayLeader":"J Harden 42 pts","HomeTeamId":15,"HomeLeader":"D Nowitzki 34 pts","AwayRecord":"56-26","HomeRecord":"50-32","AwayScore":130,"HomeScore":128,"WinningTeamId":17,"Links":{"gametrax":"/nba/gameTrax?gameId=2015042406","boxscore":"/nba/boxscore?gameId=2015042406","recap":"http://www.foxsports.com/nba/story/harden-howard-lead-rockets-to-130-128-win-3-0-lead-on-mavs-042415","preview":"http://www.foxsports.com/nba/story/rockets-mavericks-preview-042315","odds":"/nba/odds#28873","tickets":"http://www.awin1.com/cread.php?awinmid=4292&awinaffid=143258&clickref=nba&p=http://www.ticketsnow.com/InventoryBrowse/TicketList.aspx?PID=1694154"}},{"Id":28904,"GameState":2,"SeriesText":"WSH leads Round 1, 3-0","SeriesGame":3,"PlayoffRound":1,"Date":"2015-04-24 20:00","SeasonType":2,"GameType":2,"AwayTeamId":30,"AwayLeader":"D DeRozan 32 pts","HomeTeamId":7,"HomeLeader":"M Gortat 24 pts","AwayRecord":"49-33","HomeRecord":"46-36","AwayScore":99,"HomeScore":106,"WinningTeamId":7,"Links":{"gametrax":"/nba/gameTrax?gameId=2015042427","boxscore":"/nba/boxscore?gameId=2015042427","recap":"http://www.foxsports.com/nba/story/wall-pierce-get-wiz-past-raptors-106-99-for-3-0-series-lead-042415","preview":"http://www.foxsports.com/nba/story/raptors-wizards-preview-042315","odds":"/nba/odds#28904","tickets":"http://www.awin1.com/cread.php?awinmid=4292&awinaffid=143258&clickref=nba&p=http://www.ticketsnow.com/InventoryBrowse/TicketList.aspx?PID=1697443"}},{"Id":28874,"GameState":2,"SeriesText":"SA leads Round 1, 2-1","SeriesGame":3,"PlayoffRound":1,"Date":"2015-04-24 21:30","SeasonType":2,"GameType":2,"AwayTeamId":22,"AwayLeader":"B Griffin 14 pts","HomeTeamId":19,"HomeLeader":"K Leonard 32 pts","AwayRecord":"56-26","HomeRecord":"55-27","AwayScore":73,"HomeScore":100,"WinningTeamId":19,"Links":{"gametrax":"/nba/gameTrax?gameId=2015042424","boxscore":"/nba/boxscore?gameId=2015042424","recap":"http://www.foxsports.com/nba/story/leonard-leads-spurs-to-100-73-win-over-spurs-and-2-1-lead-042515","preview":"http://www.foxsports.com/nba/story/clippers-spurs-preview-042315","odds":"/nba/odds#28874","tickets":"http://www.awin1.com/cread.php?awinmid=4292&awinaffid=143258&clickref=nba&p=http://www.ticketsnow.com/InventoryBrowse/TicketList.aspx?PID=1695879"}},{"Id":28875,"GameState":2,"SeriesText":"ATL leads Round 1, 2-1","SeriesGame":3,"PlayoffRound":1,"Date":"2015-04-25 15:00","SeasonType":2,"GameType":2,"AwayTeamId":8,"AwayLeader":"D Carroll 22 pts","HomeTeamId":3,"HomeLeader":"B Lopez 22 pts","AwayRecord":"60-22","HomeRecord":"38-44","AwayScore":83,"HomeScore":91,"WinningTeamId":3,"Links":{"gametrax":"/nba/gameTrax?gameId=2015042517","boxscore":"/nba/boxscore?gameId=2015042517","recap":"http://www.foxsports.com/nba/story/brooklyn-nets-beat-atlanta-hawks-in-game-3-042515","preview":"http://www.foxsports.com/nba/story/hawks-nets-preview-042415","odds":"/nba/odds#28875","tickets":"http://www.awin1.com/cread.php?awinmid=4292&awinaffid=143258&clickref=nba&p=http://www.ticketsnow.com/InventoryBrowse/TicketList.aspx?PID=1695406"}},{"Id":28905,"GameState":2,"SeriesText":"CHI leads Round 1, 3-1","SeriesGame":4,"PlayoffRound":1,"Date":"2015-04-25 17:30","SeasonType":2,"GameType":2,"AwayTeamId":10,"AwayLeader":"J Butler 33 pts","HomeTeamId":14,"HomeLeader":"O Mayo 18 pts","AwayRecord":"50-32","HomeRecord":"41-41","AwayScore":90,"HomeScore":92,"WinningTeamId":14,"Links":{"gametrax":"/nba/gameTrax?gameId=2015042515","boxscore":"/nba/boxscore?gameId=2015042515","recap":"http://www.foxsports.com/nba/story/bayless-layup-at-buzzer-gives-bucks-92-90-win-over-bulls-042515","preview":"http://www.foxsports.com/nba/story/bulls-bucks-preview-042415","odds":"/nba/odds#28905","tickets":"http://www.awin1.com/cread.php?awinmid=4292&awinaffid=143258&clickref=nba&p=http://www.ticketsnow.com/InventoryBrowse/TicketList.aspx?PID=1707122"}},{"Id":28876,"GameState":2,"SeriesText":"GS wins Round 1, 4-0","SeriesGame":4,"PlayoffRound":1,"Date":"2015-04-25 20:00","SeasonType":2,"GameType":2,"AwayTeamId":21,"AwayLeader":"S Curry 39 pts","HomeTeamId":9,"HomeLeader":"A Davis 36 pts","AwayRecord":"67-15","HomeRecord":"45-37","AwayScore":109,"HomeScore":98,"WinningTeamId":21,"Links":{"gametrax":"/nba/gameTrax?gameId=2015042503","boxscore":"/nba/boxscore?gameId=2015042503","recap":"http://www.foxsports.com/nba/story/golden-state-warriors-down-new-orleans-pelicans-to-complete-sweep-stephen-curry-scores-39-042515","preview":"http://www.foxsports.com/nba/story/warriors-pelicans-preview-042415","odds":"/nba/odds#28876","tickets":"http://www.awin1.com/cread.php?awinmid=4292&awinaffid=143258&clickref=nba&p=http://www.ticketsnow.com/InventoryBrowse/TicketList.aspx?PID=1713752"}},{"Id":28877,"GameState":2,"SeriesText":"MEM leads Round 1, 3-0","SeriesGame":3,"PlayoffRound":1,"Date":"2015-04-25 22:30","SeasonType":2,"GameType":2,"AwayTeamId":31,"AwayLeader":"M Gasol 25 pts","HomeTeamId":25,"HomeLeader":"N Batum 27 pts","AwayRecord":"55-27","HomeRecord":"51-31","AwayScore":115,"HomeScore":109,"WinningTeamId":31,"Links":{"gametrax":"/nba/gameTrax?gameId=2015042522","boxscore":"/nba/boxscore?gameId=2015042522","recap":"http://www.foxsports.com/nba/story/grizzlies-hold-off-a-late-trail-blazers-rally-to-go-up-3-0-042615","preview":"http://www.foxsports.com/nba/story/grizzlies-trail-blazers-preview-042415","odds":"/nba/odds#28877","tickets":"http://www.awin1.com/cread.php?awinmid=4292&awinaffid=143258&clickref=nba&p=http://www.ticketsnow.com/InventoryBrowse/TicketList.aspx?PID=1694282"}},{"Id":28878,"GameState":2,"SeriesText":"CLE wins Round 1, 4-0","SeriesGame":4,"PlayoffRound":1,"Date":"2015-04-26 13:00","SeasonType":2,"GameType":2,"AwayTeamId":11,"AwayLeader":"L James 27 pts","HomeTeamId":1,"HomeLeader":"J Sullinger 21 pts","AwayRecord":"53-29","HomeRecord":"40-42","AwayScore":101,"HomeScore":93,"WinningTeamId":11,"Links":{"gametrax":"/nba/gameTrax?gameId=2015042602","boxscore":"/nba/boxscore?gameId=2015042602","recap":"http://www.foxsports.com/nba/story/cavs-lose-love-to-injury-but-sweep-celts-with-101-93-victory-042615","preview":"http://www.foxsports.com/nba/story/cavaliers-celtics-preview-042515","odds":"/nba/odds#28878","tickets":"http://www.awin1.com/cread.php?awinmid=4292&awinaffid=143258&clickref=nba&p=http://www.ticketsnow.com/InventoryBrowse/TicketList.aspx?PID=1702932"}},{"Id":28879,"GameState":2,"SeriesText":"Round 1 tied, 2-2","SeriesGame":4,"PlayoffRound":1,"Date":"2015-04-26 15:30","SeasonType":2,"GameType":2,"AwayTeamId":22,"AwayLeader":"C Paul 34 pts","HomeTeamId":19,"HomeLeader":"K Leonard 26 pts","AwayRecord":"56-26","HomeRecord":"55-27","AwayScore":114,"HomeScore":105,"WinningTeamId":22,"Links":{"gametrax":"/nba/gameTrax?gameId=2015042624","boxscore":"/nba/boxscore?gameId=2015042624","recap":"http://www.foxsports.com/nba/story/nba-playoffs-los-angeles-clippers-beat-san-antonio-spurs-to-even-series-2-2-chris-paul-scores-34-042615","preview":"http://www.foxsports.com/nba/story/clippers-spurs-preview-042515","odds":"/nba/odds#28879","tickets":"http://www.awin1.com/cread.php?awinmid=4292&awinaffid=143258&clickref=nba&p=http://www.ticketsnow.com/InventoryBrowse/TicketList.aspx?PID=1695880"}},{"Id":28906,"GameState":2,"SeriesText":"WSH wins Round 1, 4-0","SeriesGame":4,"PlayoffRound":1,"Date":"2015-04-26 18:30","SeasonType":2,"GameType":2,"AwayTeamId":30,"AwayLeader":"K Lowry 21 pts","HomeTeamId":7,"HomeLeader":"B Beal 23 pts","AwayRecord":"49-33","HomeRecord":"46-36","AwayScore":94,"HomeScore":125,"WinningTeamId":7,"Links":{"gametrax":"/nba/gameTrax?gameId=2015042627","boxscore":"/nba/boxscore?gameId=2015042627","recap":"http://www.foxsports.com/nba/story/wall-beal-lead-wiz-past-raptors-125-94-in-game-4-for-sweep-042615","preview":"http://www.foxsports.com/nba/story/raptors-wizards-preview-042515","odds":"/nba/odds#28906","tickets":"http://www.awin1.com/cread.php?awinmid=4292&awinaffid=143258&clickref=nba&p=http://www.ticketsnow.com/InventoryBrowse/TicketList.aspx?PID=1697444"}},{"Id":28880,"GameState":2,"SeriesText":"HOU leads Round 1, 3-1","SeriesGame":4,"PlayoffRound":1,"Date":"2015-04-26 21:00","SeasonType":2,"GameType":2,"AwayTeamId":17,"AwayLeader":"J Harden 24 pts","HomeTeamId":15,"HomeLeader":"M Ellis 31 pts","AwayRecord":"56-26","HomeRecord":"50-32","AwayScore":109,"HomeScore":121,"WinningTeamId":15,"Links":{"gametrax":"/nba/gameTrax?gameId=2015042606","boxscore":"/nba/boxscore?gameId=2015042606","recap":"http://www.foxsports.com/nba/story/ellis-barea-keep-mavs-alive-with-121-109-win-over-rockets-042715","preview":"http://www.foxsports.com/nba/story/rockets-mavericks-preview-042515","odds":"/nba/odds#28880","tickets":"http://www.awin1.com/cread.php?awinmid=4292&awinaffid=143258&clickref=nba&p=http://www.ticketsnow.com/InventoryBrowse/TicketList.aspx?PID=1694155"}},{"Id":28881,"GameState":2,"FinalText":"OT","SeriesText":"Round 1 tied, 2-2","SeriesGame":4,"PlayoffRound":1,"Date":"2015-04-27 19:00","SeasonType":2,"GameType":2,"AwayTeamId":8,"AwayLeader":"D Carroll 20 pts","HomeTeamId":3,"HomeLeader":"D Williams 35 pts","AwayRecord":"60-22","HomeRecord":"38-44","AwayScore":115,"HomeScore":120,"WinningTeamId":3,"Links":{"gametrax":"/nba/gameTrax?gameId=2015042717","boxscore":"/nba/boxscore?gameId=2015042717","recap":"http://www.foxsports.com/nba/story/nba-playoffs-brooklyn-nets-all-square-with-atlanta-hawks-after-deron-williams-scores-35-points-in-game-4-042715","preview":"http://www.foxsports.com/nba/story/hawks-nets-preview-042615","odds":"/nba/odds#28881","tickets":"http://www.awin1.com/cread.php?awinmid=4292&awinaffid=143258&clickref=nba&p=http://www.ticketsnow.com/InventoryBrowse/TicketList.aspx?PID=1695407"}},{"Id":28907,"GameState":2,"SeriesText":"CHI leads Round 1, 3-2","SeriesGame":5,"PlayoffRound":1,"Date":"2015-04-27 20:00","SeasonType":2,"GameType":2,"AwayTeamId":14,"AwayLeader":"M Carter-Williams 22 pts","HomeTeamId":10,"HomeLeader":"P Gasol 25 pts","AwayRecord":"41-41","HomeRecord":"50-32","AwayScore":94,"HomeScore":88,"WinningTeamId":14,"Links":{"gametrax":"/nba/gameTrax?gameId=2015042704","boxscore":"/nba/boxscore?gameId=2015042704","recap":"http://www.foxsports.com/nba/story/bucks-avoid-elimination-again-beat-bulls-94-88-in-game-5-042715","preview":"http://www.foxsports.com/nba/story/bucks-bulls-preview-042615","odds":"/nba/odds#28907","tickets":"http://www.awin1.com/cread.php?awinmid=4292&awinaffid=143258&clickref=nba&p=http://www.ticketsnow.com/InventoryBrowse/TicketList.aspx?PID=1692853"}},{"Id":28882,"GameState":2,"SeriesText":"MEM leads Round 1, 3-1","SeriesGame":4,"PlayoffRound":1,"Date":"2015-04-27 22:30","SeasonType":2,"GameType":2,"AwayTeamId":31,"AwayLeader":"M Gasol 21 pts","HomeTeamId":25,"HomeLeader":"D Lillard 32 pts","AwayRecord":"55-27","HomeRecord":"51-31","AwayScore":92,"HomeScore":99,"WinningTeamId":25,"Links":{"gametrax":"/nba/gameTrax?gameId=2015042722","boxscore":"/nba/boxscore?gameId=2015042722","recap":"http://www.foxsports.com/nba/story/blazers-stave-off-elimination-with-99-92-win-over-memphis-042815","preview":"http://www.foxsports.com/nba/story/grizzlies-trail-blazers-preview-042615","odds":"/nba/odds#28882","tickets":"http://www.awin1.com/cread.php?awinmid=4292&awinaffid=143258&clickref=nba&p=http://www.ticketsnow.com/InventoryBrowse/TicketList.aspx?PID=1694283"}},{"Id":28884,"GameState":2,"SeriesText":"HOU wins Round 1, 4-1","SeriesGame":5,"PlayoffRound":1,"Date":"2015-04-28 20:00","SeasonType":2,"GameType":2,"AwayTeamId":15,"AwayLeader":"M Ellis 25 pts","HomeTeamId":17,"HomeLeader":"J Harden 28 pts","AwayRecord":"50-32","HomeRecord":"56-26","AwayScore":94,"HomeScore":103,"WinningTeamId":17,"Links":{"gametrax":"/nba/gameTrax?gameId=2015042810","boxscore":"/nba/boxscore?gameId=2015042810","recap":"http://www.foxsports.com/nba/story/houston-rockets-eliminate-dallas-mavericks-advance-to-second-round-of-nba-playoffs-042815","preview":"http://www.foxsports.com/nba/story/mavericks-rockets-preview-042715","odds":"/nba/odds#28884","tickets":"http://www.awin1.com/cread.php?awinmid=4292&awinaffid=143258&clickref=nba&p=http://www.ticketsnow.com/InventoryBrowse/TicketList.aspx?PID=1701999"}},{"Id":28886,"GameState":2,"SeriesText":"SA leads Round 1, 3-2","SeriesGame":5,"PlayoffRound":1,"Date":"2015-04-28 22:30","SeasonType":2,"GameType":2,"AwayTeamId":19,"AwayLeader":"T Duncan 21 pts","HomeTeamId":22,"HomeLeader":"B Griffin 30 pts","AwayRecord":"55-27","HomeRecord":"56-26","AwayScore":111,"HomeScore":107,"WinningTeamId":19,"Links":{"gametrax":"/nba/gameTrax?gameId=2015042812","boxscore":"/nba/boxscore?gameId=2015042812","recap":"http://www.foxsports.com/nba/story/spurs-edge-clippers-111-107-in-pivotal-game-5-on-late-call-042915","preview":"http://www.foxsports.com/nba/story/spurs-clippers-preview-042715","odds":"/nba/odds#28886","tickets":"http://www.awin1.com/cread.php?awinmid=4292&awinaffid=143258&clickref=nba&p=http://www.ticketsnow.com/InventoryBrowse/TicketList.aspx?PID=1692117"}},{"Id":28887,"GameState":2,"SeriesText":"ATL leads Round 1, 3-2","SeriesGame":5,"PlayoffRound":1,"Date":"2015-04-29 19:00","SeasonType":2,"GameType":2,"AwayTeamId":3,"AwayLeader":"A Anderson 23 pts","HomeTeamId":8,"HomeLeader":"D Carroll 24 pts","AwayRecord":"38-44","HomeRecord":"60-22","AwayScore":97,"HomeScore":107,"WinningTeamId":8,"Links":{"gametrax":"/nba/gameTrax?gameId=2015042901","boxscore":"/nba/boxscore?gameId=2015042901","recap":"http://www.foxsports.com/nba/story/horford-teague-help-hawks-hold-off-nets-107-97-for-3-2-lead-042915","preview":"http://www.foxsports.com/nba/story/nets-hawks-preview-042815","odds":"/nba/odds#28887","tickets":"http://www.awin1.com/cread.php?awinmid=4292&awinaffid=143258&clickref=nba&p=http://www.ticketsnow.com/InventoryBrowse/TicketList.aspx?PID=1695891"}},{"Id":28888,"GameState":2,"SeriesText":"MEM wins Round 1, 4-1","SeriesGame":5,"PlayoffRound":1,"Date":"2015-04-29 21:30","SeasonType":2,"GameType":2,"AwayTeamId":25,"AwayLeader":"C McCollum 33 pts","HomeTeamId":31,"HomeLeader":"M Gasol 26 pts","AwayRecord":"51-31","HomeRecord":"55-27","AwayScore":93,"HomeScore":99,"WinningTeamId":31,"Links":{"gametrax":"/nba/gameTrax?gameId=2015042929","boxscore":"/nba/boxscore?gameId=2015042929","recap":"http://www.foxsports.com/nba/story/memphis-grizzlies-eliminate-portland-trail-blazers-in-game-5-advance-043015","preview":"http://www.foxsports.com/nba/story/trail-blazers-grizzlies-preview-042815","odds":"/nba/odds#28888","tickets":"http://www.awin1.com/cread.php?awinmid=4292&awinaffid=143258&clickref=nba&p=http://www.ticketsnow.com/InventoryBrowse/TicketList.aspx?PID=1699052"}},{"Id":28910,"GameState":2,"SeriesText":"CHI wins Round 1, 4-2","SeriesGame":6,"PlayoffRound":1,"Date":"2015-04-30 19:00","SeasonType":2,"GameType":2,"AwayTeamId":10,"AwayLeader":"M Dunleavy 20 pts","HomeTeamId":14,"HomeLeader":"Z Pachulia 8 pts","AwayRecord":"50-32","HomeRecord":"41-41","AwayScore":120,"HomeScore":66,"WinningTeamId":10,"Links":{"gametrax":"/nba/gameTrax?gameId=2015043015","boxscore":"/nba/boxscore?gameId=2015043015","recap":"http://www.foxsports.com/nba/story/dunleavy-scores-20-bulls-clobber-bucks-120-66-to-advance-043015","preview":"http://www.foxsports.com/nba/story/bulls-bucks-preview-042915","odds":"/nba/odds#28910","tickets":"http://www.awin1.com/cread.php?awinmid=4292&awinaffid=143258&clickref=nba&p=http://www.ticketsnow.com/InventoryBrowse/TicketList.aspx?PID=1707123"}},{"Id":28890,"GameState":2,"SeriesText":"Round 1 tied, 3-3","SeriesGame":6,"PlayoffRound":1,"Date":"2015-04-30 21:30","SeasonType":2,"GameType":2,"AwayTeamId":22,"AwayLeader":"B Griffin 26 pts","HomeTeamId":19,"HomeLeader":"M Belinelli 23 pts","AwayRecord":"56-26","HomeRecord":"55-27","AwayScore":102,"HomeScore":96,"WinningTeamId":22,"Links":{"gametrax":"/nba/gameTrax?gameId=2015043024","boxscore":"/nba/boxscore?gameId=2015043024","recap":"http://www.foxsports.com/nba/story/los-angeles-clippers-own-san-antonio-spurs-to-force-game-7-050115","preview":"http://www.foxsports.com/nba/story/clippers-spurs-preview-042915","odds":"/nba/odds#28890","tickets":"http://www.awin1.com/cread.php?awinmid=4292&awinaffid=143258&clickref=nba&p=http://www.ticketsnow.com/InventoryBrowse/TicketList.aspx?PID=1695881"}},{"Id":28891,"GameState":2,"SeriesText":"ATL wins Round 1, 4-2","SeriesGame":6,"PlayoffRound":1,"Date":"2015-05-01 20:00","SeasonType":2,"GameType":2,"AwayTeamId":8,"AwayLeader":"P Millsap 25 pts","HomeTeamId":3,"HomeLeader":"B Lopez 19 pts","AwayRecord":"60-22","HomeRecord":"38-44","AwayScore":111,"HomeScore":87,"WinningTeamId":8,"Links":{"gametrax":"/nba/gameTrax?gameId=2015050117","boxscore":"/nba/boxscore?gameId=2015050117","recap":"http://www.foxsports.com/nba/story/atlanta-hawks-eliminate-brooklyn-nets-with-game-6-win-050115","preview":"http://www.foxsports.com/nba/story/hawks-nets-preview-043015","odds":"/nba/odds#28891","tickets":"http://www.awin1.com/cread.php?awinmid=4292&awinaffid=143258&clickref=nba&p=http://www.ticketsnow.com/InventoryBrowse/TicketList.aspx?PID=1695408"}},{"Id":28895,"GameState":2,"SeriesText":"LAC wins Round 1, 4-3","SeriesGame":7,"PlayoffRound":1,"Date":"2015-05-02 20:00","SeasonType":2,"GameType":2,"AwayTeamId":19,"AwayLeader":"T Duncan 27 pts","HomeTeamId":22,"HomeLeader":"C Paul 27 pts","AwayRecord":"55-27","HomeRecord":"56-26","AwayScore":109,"HomeScore":111,"WinningTeamId":22,"Links":{"gametrax":"/nba/gameTrax?gameId=2015050212","boxscore":"/nba/boxscore?gameId=2015050212","recap":"http://www.foxsports.com/nba/story/paul-lifts-clippers-past-spurs-111-109-in-game-7-050215","preview":"http://www.foxsports.com/nba/story/spurs-clippers-preview-050115","odds":"/nba/odds#28895","tickets":"http://www.awin1.com/cread.php?awinmid=4292&awinaffid=143258&clickref=nba&p=http://www.ticketsnow.com/InventoryBrowse/TicketList.aspx?PID=1696420"}},{"Id":28936,"GameState":2,"SeriesText":"WSH leads Round 2, 1-0","SeriesGame":1,"PlayoffRound":2,"Date":"2015-05-03 13:00","SeasonType":2,"GameType":2,"AwayTeamId":7,"AwayLeader":"B Beal 28 pts","HomeTeamId":8,"HomeLeader":"D Carroll 24 pts","AwayRecord":"46-36","HomeRecord":"60-22","AwayScore":104,"HomeScore":98,"WinningTeamId":7,"Links":{"gametrax":"/nba/gameTrax?gameId=2015050301","boxscore":"/nba/boxscore?gameId=2015050301","recap":"http://www.foxsports.com/nba/story/washington-wizards-beat-atlanta-hawks-in-game-1-050315","preview":"http://www.foxsports.com/nba/story/hawks-face-quick-turnaround-but-seem-to-have-swagger-back-050215","odds":"/nba/odds#28936","tickets":"http://www.awin1.com/cread.php?awinmid=4292&awinaffid=143258&clickref=nba&p=http://www.ticketsnow.com/InventoryBrowse/TicketList.aspx?PID=1695893"}},{"Id":28915,"GameState":2,"SeriesText":"GS leads Round 2, 1-0","SeriesGame":1,"PlayoffRound":2,"Date":"2015-05-03 15:30","SeasonType":2,"GameType":2,"AwayTeamId":31,"AwayLeader":"M Gasol 21 pts","HomeTeamId":21,"HomeLeader":"S Curry 22 pts","AwayRecord":"55-27","HomeRecord":"67-15","AwayScore":86,"HomeScore":101,"WinningTeamId":21,"Links":{"gametrax":"/nba/gameTrax?gameId=2015050309","boxscore":"/nba/boxscore?gameId=2015050309","recap":"http://www.foxsports.com/nba/story/golden-state-warriors-beat-memphis-grizzlies-stephen-curry-mike-conley-klay-thompson-050315","preview":"http://www.foxsports.com/nba/story/grizzlies-warriors-ready-to-meet-in-conference-semifinals-050215","odds":"/nba/odds#28915","tickets":"http://www.awin1.com/cread.php?awinmid=4292&awinaffid=143258&clickref=nba&p=http://www.ticketsnow.com/InventoryBrowse/TicketList.aspx?PID=1696057"}},{"Id":28922,"GameState":2,"SeriesText":"CHI leads Round 2, 1-0","SeriesGame":1,"PlayoffRound":2,"Date":"2015-05-04 19:00","SeasonType":2,"GameType":2,"AwayTeamId":10,"AwayLeader":"D Rose 25 pts","HomeTeamId":11,"HomeLeader":"K Irving 30 pts","AwayRecord":"50-32","HomeRecord":"53-29","AwayScore":99,"HomeScore":92,"WinningTeamId":10,"Links":{"gametrax":"/nba/gameTrax?gameId=2015050405","boxscore":"/nba/boxscore?gameId=2015050405","recap":"http://www.foxsports.com/nba/story/rose-gasol-pace-bulls-to-99-92-win-over-cavs-in-game-1-050415","preview":"http://www.foxsports.com/nba/story/lebron-cavs-ready-to-take-on-raging-bulls-050315","odds":"/nba/odds#28922","tickets":"http://www.awin1.com/cread.php?awinmid=4292&awinaffid=143258&clickref=nba&p=http://www.ticketsnow.com/InventoryBrowse/TicketList.aspx?PID=1706858"}},{"Id":28937,"GameState":2,"SeriesText":"LAC leads Round 2, 1-0","SeriesGame":1,"PlayoffRound":2,"Date":"2015-05-04 21:30","SeasonType":2,"GameType":2,"AwayTeamId":22,"AwayLeader":"B Griffin 26 pts","HomeTeamId":17,"HomeLeader":"D Howard 22 pts","AwayRecord":"56-26","HomeRecord":"56-26","AwayScore":117,"HomeScore":101,"WinningTeamId":22,"Links":{"gametrax":"/nba/gameTrax?gameId=2015050410","boxscore":"/nba/boxscore?gameId=2015050410","recap":"http://www.foxsports.com/nba/story/blake-griffin-posts-triple-double-to-lead-los-angeles-clippers-over-houston-rockets-as-chris-paul-sits-out-game-1-of-western-conference-semifinal-series-050515","preview":"#","odds":"/nba/odds#28937","tickets":"http://www.awin1.com/cread.php?awinmid=4292&awinaffid=143258&clickref=nba&p=http://www.ticketsnow.com/InventoryBrowse/TicketList.aspx?PID=1702001"}},{"Id":28930,"GameState":2,"SeriesText":"Round 2 tied, 1-1","SeriesGame":2,"PlayoffRound":2,"Date":"2015-05-05 20:00","SeasonType":2,"GameType":2,"AwayTeamId":7,"AwayLeader":"R Sessions 21 pts","HomeTeamId":8,"HomeLeader":"D Carroll 22 pts","AwayRecord":"46-36","HomeRecord":"60-22","AwayScore":90,"HomeScore":106,"WinningTeamId":8,"Links":{"gametrax":"/nba/gameTrax?gameId=2015050501","boxscore":"/nba/boxscore?gameId=2015050501","recap":"http://www.foxsports.com/nba/story/with-wall-out-hawks-beat-wizards-106-90-to-even-series-1-1-050515","preview":"http://www.foxsports.com/nba/story/wizards-hawks-preview-050415","odds":"/nba/odds#28930","tickets":"http://www.awin1.com/cread.php?awinmid=4292&awinaffid=143258&clickref=nba&p=http://www.ticketsnow.com/InventoryBrowse/TicketList.aspx?PID=1695894"}},{"Id":28916,"GameState":2,"SeriesText":"Round 2 tied, 1-1","SeriesGame":2,"PlayoffRound":2,"Date":"2015-05-05 22:30","SeasonType":2,"GameType":2,"AwayTeamId":31,"AwayLeader":"M Conley 22 pts","HomeTeamId":21,"HomeLeader":"S Curry 19 pts","AwayRecord":"55-27","HomeRecord":"67-15","AwayScore":97,"HomeScore":90,"WinningTeamId":31,"Links":{"gametrax":"/nba/gameTrax?gameId=2015050509","boxscore":"/nba/boxscore?gameId=2015050509","recap":"http://www.foxsports.com/nba/story/conley-comes-back-leads-grizzlies-past-warriors-97-90-050615","preview":"http://www.foxsports.com/nba/story/grizzlies-warriors-preview-050415","odds":"/nba/odds#28916","tickets":"http://www.awin1.com/cread.php?awinmid=4292&awinaffid=143258&clickref=nba&p=http://www.ticketsnow.com/InventoryBrowse/TicketList.aspx?PID=1696058"}},{"Id":28923,"GameState":2,"SeriesText":"Round 2 tied, 1-1","SeriesGame":2,"PlayoffRound":2,"Date":"2015-05-06 19:00","SeasonType":2,"GameType":2,"AwayTeamId":10,"AwayLeader":"J Butler 18 pts","HomeTeamId":11,"HomeLeader":"L James 33 pts","AwayRecord":"50-32","HomeRecord":"53-29","AwayScore":91,"HomeScore":106,"WinningTeamId":11,"Links":{"gametrax":"/nba/gameTrax?gameId=2015050605","boxscore":"/nba/boxscore?gameId=2015050605","recap":"http://www.foxsports.com/nba/story/lebrons-33-lead-cavaliers-past-bulls-106-91-in-game-2-050615","preview":"http://www.foxsports.com/nba/story/bulls-cavaliers-preview-050515","odds":"/nba/odds#28923","tickets":"http://www.awin1.com/cread.php?awinmid=4292&awinaffid=143258&clickref=nba&p=http://www.ticketsnow.com/InventoryBrowse/TicketList.aspx?PID=1706859"}},{"Id":28938,"GameState":2,"SeriesText":"Round 2 tied, 1-1","SeriesGame":2,"PlayoffRound":2,"Date":"2015-05-06 21:30","SeasonType":2,"GameType":2,"AwayTeamId":22,"AwayLeader":"B Griffin 34 pts","HomeTeamId":17,"HomeLeader":"J Harden 32 pts","AwayRecord":"56-26","HomeRecord":"56-26","AwayScore":109,"HomeScore":115,"WinningTeamId":17,"Links":{"gametrax":"/nba/gameTrax?gameId=2015050610","boxscore":"/nba/boxscore?gameId=2015050610","recap":"http://www.foxsports.com/nba/story/houston-rockets-rally-past-los-angeles-clippers-in-game-2-behind-james-harden-fourth-quarter-outburst-050715","preview":"http://www.foxsports.com/nba/story/clippers-rockets-preview-050515","odds":"/nba/odds#28938","tickets":"http://www.awin1.com/cread.php?awinmid=4292&awinaffid=143258&clickref=nba&p=http://www.ticketsnow.com/InventoryBrowse/TicketList.aspx?PID=1702002"}},{"Id":28924,"GameState":2,"SeriesText":"CHI leads Round 2, 2-1","SeriesGame":3,"PlayoffRound":2,"Date":"2015-05-08 20:00","SeasonType":2,"GameType":2,"AwayTeamId":11,"AwayLeader":"L James 27 pts","HomeTeamId":10,"HomeLeader":"D Rose 30 pts","AwayRecord":"53-29","HomeRecord":"50-32","AwayScore":96,"HomeScore":99,"WinningTeamId":10,"Links":{"gametrax":"/nba/gameTrax?gameId=2015050804","boxscore":"/nba/boxscore?gameId=2015050804","recap":"http://www.foxsports.com/nba/story/rose-banks-in-3-at-buzzer-to-lift-bulls-over-cavaliers-99-96-050815","preview":"http://www.foxsports.com/nba/story/cavaliers-bulls-preview-050715","odds":"/nba/odds#28924","tickets":"http://www.awin1.com/cread.php?awinmid=4292&awinaffid=143258&clickref=nba&p=http://www.ticketsnow.com/InventoryBrowse/TicketList.aspx?PID=1695276"}},{"Id":28939,"GameState":2,"SeriesText":"LAC leads Round 2, 2-1","SeriesGame":3,"PlayoffRound":2,"Date":"2015-05-08 22:30","SeasonType":2,"GameType":2,"AwayTeamId":17,"AwayLeader":"J Harden 25 pts","HomeTeamId":22,"HomeLeader":"J Redick 31 pts","AwayRecord":"56-26","HomeRecord":"56-26","AwayScore":99,"HomeScore":124,"WinningTeamId":22,"Links":{"gametrax":"/nba/gameTrax?gameId=2015050812","boxscore":"/nba/boxscore?gameId=2015050812","recap":"http://www.foxsports.com/nba/story/austin-rivers-propels-clippers-past-rockets-124-99-050915","preview":"http://www.foxsports.com/nba/story/rockets-clippers-preview-050715","odds":"/nba/odds#28939","tickets":"http://www.awin1.com/cread.php?awinmid=4292&awinaffid=143258&clickref=nba&p=http://www.ticketsnow.com/InventoryBrowse/TicketList.aspx?PID=1696421"}},{"Id":28931,"GameState":2,"SeriesText":"WSH leads Round 2, 2-1","SeriesGame":3,"PlayoffRound":2,"Date":"2015-05-09 17:00","SeasonType":2,"GameType":2,"AwayTeamId":8,"AwayLeader":"J Teague 18 pts","HomeTeamId":7,"HomeLeader":"O Porter 17 pts","AwayRecord":"60-22","HomeRecord":"46-36","AwayScore":101,"HomeScore":103,"WinningTeamId":7,"Links":{"gametrax":"/nba/gameTrax?gameId=2015050927","boxscore":"/nba/boxscore?gameId=2015050927","recap":"http://www.foxsports.com/nba/story/pierces-buzzer-beater-lifts-wiz-past-hawks-103-101-050915","preview":"http://www.foxsports.com/nba/story/hawks-wizards-preview-050815","odds":"/nba/odds#28931","tickets":"http://www.awin1.com/cread.php?awinmid=4292&awinaffid=143258&clickref=nba&p=http://www.ticketsnow.com/InventoryBrowse/TicketList.aspx?PID=1697458"}},{"Id":28917,"GameState":2,"SeriesText":"MEM leads Round 2, 2-1","SeriesGame":3,"PlayoffRound":2,"Date":"2015-05-09 20:00","SeasonType":2,"GameType":2,"AwayTeamId":21,"AwayLeader":"S Curry 23 pts","HomeTeamId":31,"HomeLeader":"Z Randolph 22 pts","AwayRecord":"67-15","HomeRecord":"55-27","AwayScore":89,"HomeScore":99,"WinningTeamId":31,"Links":{"gametrax":"/nba/gameTrax?gameId=2015050929","boxscore":"/nba/boxscore?gameId=2015050929","recap":"http://www.foxsports.com/nba/story/grizzlies-take-2-1-series-lead-over-warriors-with-99-89-win-050915","preview":"http://www.foxsports.com/nba/story/warriors-grizzlies-preview-050815","odds":"/nba/odds#28917","tickets":"http://www.awin1.com/cread.php?awinmid=4292&awinaffid=143258&clickref=nba&p=http://www.ticketsnow.com/InventoryBrowse/TicketList.aspx?PID=1699054"}},{"Id":28925,"GameState":2,"SeriesText":"Round 2 tied, 2-2","SeriesGame":4,"PlayoffRound":2,"Date":"2015-05-10 15:30","SeasonType":2,"GameType":2,"AwayTeamId":11,"AwayLeader":"L James 25 pts","HomeTeamId":10,"HomeLeader":"D Rose 31 pts","AwayRecord":"53-29","HomeRecord":"50-32","AwayScore":86,"HomeScore":84,"WinningTeamId":11,"Links":{"gametrax":"/nba/gameTrax?gameId=2015051004","boxscore":"/nba/boxscore?gameId=2015051004","recap":"http://www.foxsports.com/nba/story/james-hits-jumper-at-buzzer-lifts-cavaliers-over-bulls-051015","preview":"http://www.foxsports.com/nba/story/cavaliers-bulls-preview-050915","odds":"/nba/odds#28925","tickets":"http://www.awin1.com/cread.php?awinmid=4292&awinaffid=143258&clickref=nba&p=http://www.ticketsnow.com/InventoryBrowse/TicketList.aspx?PID=1695277"}},{"Id":28940,"GameState":2,"SeriesText":"LAC leads Round 2, 3-1","SeriesGame":4,"PlayoffRound":2,"Date":"2015-05-10 20:30","SeasonType":2,"GameType":2,"AwayTeamId":17,"AwayLeader":"J Harden 21 pts","HomeTeamId":22,"HomeLeader":"D Jordan 26 pts","AwayRecord":"56-26","HomeRecord":"56-26","AwayScore":95,"HomeScore":128,"WinningTeamId":22,"Links":{"gametrax":"/nba/gameTrax?gameId=2015051012","boxscore":"/nba/boxscore?gameId=2015051012","recap":"http://www.foxsports.com/nba/story/clippers-rout-rockets-128-95-to-take-3-1-series-lead-051015","preview":"http://www.foxsports.com/nba/story/rockets-clippers-preview-050915","odds":"/nba/odds#28940","tickets":"http://www.awin1.com/cread.php?awinmid=4292&awinaffid=143258&clickref=nba&p=http://www.ticketsnow.com/InventoryBrowse/TicketList.aspx?PID=1696422"}},{"Id":28932,"GameState":2,"SeriesText":"Round 2 tied, 2-2","SeriesGame":4,"PlayoffRound":2,"Date":"2015-05-11 19:00","SeasonType":2,"GameType":2,"AwayTeamId":8,"AwayLeader":"J Teague 26 pts","HomeTeamId":7,"HomeLeader":"B Beal 34 pts","AwayRecord":"60-22","HomeRecord":"46-36","AwayScore":106,"HomeScore":101,"WinningTeamId":8,"Links":{"gametrax":"/nba/gameTrax?gameId=2015051127","boxscore":"/nba/boxscore?gameId=2015051127","recap":"http://www.foxsports.com/nba/story/teague-leads-hawks-past-wizards-106-101-to-tie-series-051115","preview":"http://www.foxsports.com/nba/story/hawks-wizards-preview-051015","odds":"/nba/odds#28932","tickets":"http://www.awin1.com/cread.php?awinmid=4292&awinaffid=143258&clickref=nba&p=http://www.ticketsnow.com/InventoryBrowse/TicketList.aspx?PID=1697459"}},{"Id":28918,"GameState":2,"SeriesText":"Round 2 tied, 2-2","SeriesGame":4,"PlayoffRound":2,"Date":"2015-05-11 21:30","SeasonType":2,"GameType":2,"AwayTeamId":21,"AwayLeader":"S Curry 33 pts","HomeTeamId":31,"HomeLeader":"M Gasol 19 pts","AwayRecord":"67-15","HomeRecord":"55-27","AwayScore":101,"HomeScore":84,"WinningTeamId":21,"Links":{"gametrax":"/nba/gameTrax?gameId=2015051129","boxscore":"/nba/boxscore?gameId=2015051129","recap":"http://www.foxsports.com/nba/story/golden-state-ties-their-series-at-2-2-rout-grizzlies-101-84-051215","preview":"http://www.foxsports.com/nba/story/warriors-grizzlies-preview-051015","odds":"/nba/odds#28918","tickets":"http://www.awin1.com/cread.php?awinmid=4292&awinaffid=143258&clickref=nba&p=http://www.ticketsnow.com/InventoryBrowse/TicketList.aspx?PID=1699055"}},{"Id":28926,"GameState":2,"SeriesText":"CLE leads Round 2, 3-2","SeriesGame":5,"PlayoffRound":2,"Date":"2015-05-12 19:00","SeasonType":2,"GameType":2,"AwayTeamId":10,"AwayLeader":"J Butler 29 pts","HomeTeamId":11,"HomeLeader":"L James 38 pts","AwayRecord":"50-32","HomeRecord":"53-29","AwayScore":101,"HomeScore":106,"WinningTeamId":11,"Links":{"gametrax":"/nba/gameTrax?gameId=2015051205","boxscore":"/nba/boxscore?gameId=2015051205","recap":"http://www.foxsports.com/nba/story/lebron-scores-38-cavs-down-bulls-106-101-in-heated-game-5-051215","preview":"http://www.foxsports.com/nba/story/bulls-cavaliers-preview-051115","odds":"/nba/odds#28926","tickets":"http://www.awin1.com/cread.php?awinmid=4292&awinaffid=143258&clickref=nba&p=http://www.ticketsnow.com/InventoryBrowse/TicketList.aspx?PID=1706860"}},{"Id":28941,"GameState":2,"SeriesText":"LAC leads Round 2, 3-2","SeriesGame":5,"PlayoffRound":2,"Date":"2015-05-12 21:30","SeasonType":2,"GameType":2,"AwayTeamId":22,"AwayLeader":"B Griffin 30 pts","HomeTeamId":17,"HomeLeader":"J Harden 26 pts","AwayRecord":"56-26","HomeRecord":"56-26","AwayScore":103,"HomeScore":124,"WinningTeamId":17,"Links":{"gametrax":"/nba/gameTrax?gameId=2015051210","boxscore":"/nba/boxscore?gameId=2015051210","recap":"http://www.foxsports.com/nba/story/houston-avoids-elimination-with-124-103-win-over-clippers-051315","preview":"http://www.foxsports.com/nba/story/clippers-rockets-preview-051115","odds":"/nba/odds#28941","tickets":"http://www.awin1.com/cread.php?awinmid=4292&awinaffid=143258&clickref=nba&p=http://www.ticketsnow.com/InventoryBrowse/TicketList.aspx?PID=1702003"}},{"Id":28933,"GameState":2,"SeriesText":"ATL leads Round 2, 3-2","SeriesGame":5,"PlayoffRound":2,"Date":"2015-05-13 20:00","SeasonType":2,"GameType":2,"AwayTeamId":7,"AwayLeader":"B Beal 23 pts","HomeTeamId":8,"HomeLeader":"A Horford 23 pts","AwayRecord":"46-36","HomeRecord":"60-22","AwayScore":81,"HomeScore":82,"WinningTeamId":8,"Links":{"gametrax":"/nba/gameTrax?gameId=2015051301","boxscore":"/nba/boxscore?gameId=2015051301","recap":"http://www.foxsports.com/nba/story/horfords-late-follow-gives-hawks-82-81-win-over-wizards-051315","preview":"http://www.foxsports.com/nba/story/wizards-hawks-preview-051215","odds":"/nba/odds#28933","tickets":"http://www.awin1.com/cread.php?awinmid=4292&awinaffid=143258&clickref=nba&p=http://www.ticketsnow.com/InventoryBrowse/TicketList.aspx?PID=1695895"}},{"Id":28919,"GameState":2,"SeriesText":"GS leads Round 2, 3-2","SeriesGame":5,"PlayoffRound":2,"Date":"2015-05-13 22:30","SeasonType":2,"GameType":2,"AwayTeamId":31,"AwayLeader":"M Gasol 18 pts","HomeTeamId":21,"HomeLeader":"K Thompson 21 pts","AwayRecord":"55-27","HomeRecord":"67-15","AwayScore":78,"HomeScore":98,"WinningTeamId":21,"Links":{"gametrax":"/nba/gameTrax?gameId=2015051309","boxscore":"/nba/boxscore?gameId=2015051309","recap":"http://www.foxsports.com/nba/story/warriors-whip-grizzlies-98-78-take-3-2-series-lead-051415","preview":"http://www.foxsports.com/nba/story/grizzlies-warriors-preview-051215","odds":"/nba/odds#28919","tickets":"http://www.awin1.com/cread.php?awinmid=4292&awinaffid=143258&clickref=nba&p=http://www.ticketsnow.com/InventoryBrowse/TicketList.aspx?PID=1696059"}},{"Id":28927,"GameState":2,"SeriesText":"CLE wins Round 2, 4-2","SeriesGame":6,"PlayoffRound":2,"Date":"2015-05-14 20:00","SeasonType":2,"GameType":2,"AwayTeamId":11,"AwayLeader":"M Dellavedova 19 pts","HomeTeamId":10,"HomeLeader":"J Butler 20 pts","AwayRecord":"53-29","HomeRecord":"50-32","AwayScore":94,"HomeScore":73,"WinningTeamId":11,"Links":{"gametrax":"/nba/gameTrax?gameId=2015051404","boxscore":"/nba/boxscore?gameId=2015051404","recap":"http://www.foxsports.com/nba/story/james-struggles-cavaliers-still-advance-past-bulls-94-73-051415","preview":"http://www.foxsports.com/nba/story/cavaliers-bulls-preview-051315","odds":"/nba/odds#28927","tickets":"http://www.awin1.com/cread.php?awinmid=4292&awinaffid=143258&clickref=nba&p=http://www.ticketsnow.com/InventoryBrowse/TicketList.aspx?PID=1695278"}},{"Id":28942,"GameState":2,"SeriesText":"Round 2 tied, 3-3","SeriesGame":6,"PlayoffRound":2,"Date":"2015-05-14 22:30","SeasonType":2,"GameType":2,"AwayTeamId":17,"AwayLeader":"J Harden 23 pts","HomeTeamId":22,"HomeLeader":"C Paul 31 pts","AwayRecord":"56-26","HomeRecord":"56-26","AwayScore":119,"HomeScore":107,"WinningTeamId":17,"Links":{"gametrax":"/nba/gameTrax?gameId=2015051412","boxscore":"/nba/boxscore?gameId=2015051412","recap":"http://www.foxsports.com/nba/story/rockets-stun-clippers-119-107-to-force-deciding-game-7-051515","preview":"http://www.foxsports.com/nba/story/rockets-clippers-preview-051315","odds":"/nba/odds#28942","tickets":"http://www.awin1.com/cread.php?awinmid=4292&awinaffid=143258&clickref=nba&p=http://www.ticketsnow.com/InventoryBrowse/TicketList.aspx?PID=1696423"}},{"Id":28934,"GameState":2,"SeriesText":"ATL wins Round 2, 4-2","SeriesGame":6,"PlayoffRound":2,"Date":"2015-05-15 19:00","SeasonType":2,"GameType":2,"AwayTeamId":8,"AwayLeader":"D Carroll 25 pts","HomeTeamId":7,"HomeLeader":"B Beal 29 pts","AwayRecord":"60-22","HomeRecord":"46-36","AwayScore":94,"HomeScore":91,"WinningTeamId":8,"Links":{"gametrax":"/nba/gameTrax?gameId=2015051527","boxscore":"/nba/boxscore?gameId=2015051527","recap":"http://www.foxsports.com/nba/story/pierces-shot-too-late-hawks-hold-on-to-beat-wizards-94-91-051515","preview":"http://www.foxsports.com/nba/story/hawks-wizards-preview-051415","odds":"/nba/odds#28934","tickets":"http://www.awin1.com/cread.php?awinmid=4292&awinaffid=143258&clickref=nba&p=http://www.ticketsnow.com/InventoryBrowse/TicketList.aspx?PID=1697460"}},{"Id":28920,"GameState":2,"SeriesText":"GS wins Round 2, 4-2","SeriesGame":6,"PlayoffRound":2,"Date":"2015-05-15 21:30","SeasonType":2,"GameType":2,"AwayTeamId":21,"AwayLeader":"S Curry 32 pts","HomeTeamId":31,"HomeLeader":"M Gasol 21 pts","AwayRecord":"67-15","HomeRecord":"55-27","AwayScore":108,"HomeScore":95,"WinningTeamId":21,"Links":{"gametrax":"/nba/gameTrax?gameId=2015051529","boxscore":"/nba/boxscore?gameId=2015051529","recap":"http://www.foxsports.com/nba/story/warriors-advance-to-western-final-beating-memphis-108-95-051615","preview":"http://www.foxsports.com/nba/story/warriors-grizzlies-preview-051415","odds":"/nba/odds#28920","tickets":"http://www.awin1.com/cread.php?awinmid=4292&awinaffid=143258&clickref=nba&p=http://www.ticketsnow.com/InventoryBrowse/TicketList.aspx?PID=1699056"}},{"Id":28943,"GameState":2,"SeriesText":"HOU wins Round 2, 4-3","SeriesGame":7,"PlayoffRound":2,"Date":"2015-05-17 15:30","SeasonType":2,"GameType":2,"AwayTeamId":22,"AwayLeader":"B Griffin 27 pts","HomeTeamId":17,"HomeLeader":"J Harden 31 pts","AwayRecord":"56-26","HomeRecord":"56-26","AwayScore":100,"HomeScore":113,"WinningTeamId":17,"Links":{"gametrax":"/nba/gameTrax?gameId=2015051710","boxscore":"/nba/boxscore?gameId=2015051710","recap":"http://www.foxsports.com/nba/story/rockets-back-in-conference-finals-first-1st-time-since-97-051715","preview":"#","odds":"/nba/odds#28943","tickets":"http://www.awin1.com/cread.php?awinmid=4292&awinaffid=143258&clickref=nba&p=http://www.ticketsnow.com/InventoryBrowse/TicketList.aspx?PID=1702004"}},{"Id":28951,"GameState":2,"SeriesText":"GS leads WCF, 1-0","SeriesGame":1,"PlayoffRound":3,"Date":"2015-05-19 21:00","SeasonType":2,"GameType":2,"AwayTeamId":17,"AwayLeader":"J Harden 28 pts","HomeTeamId":21,"HomeLeader":"S Curry 34 pts","AwayRecord":"56-26","HomeRecord":"67-15","AwayScore":106,"HomeScore":110,"WinningTeamId":21,"Links":{"gametrax":"/nba/gameTrax?gameId=2015051909","boxscore":"/nba/boxscore?gameId=2015051909","recap":"http://www.foxsports.com/nba/story/warriors-rally-past-rockets-110-106-in-game-1-of-west-finals-051915","preview":"#","odds":"/nba/odds#28951","tickets":"http://www.awin1.com/cread.php?awinmid=4292&awinaffid=143258&clickref=nba&p=http://www.ticketsnow.com/InventoryBrowse/TicketList.aspx?PID=1696061"}},{"Id":28944,"GameState":2,"SeriesText":"CLE leads ECF, 1-0","SeriesGame":1,"PlayoffRound":3,"Date":"2015-05-20 20:30","SeasonType":2,"GameType":2,"AwayTeamId":11,"AwayLeader":"L James 31 pts","HomeTeamId":8,"HomeLeader":"J Teague 27 pts","AwayRecord":"53-29","HomeRecord":"60-22","AwayScore":97,"HomeScore":89,"WinningTeamId":11,"Links":{"gametrax":"/nba/gameTrax?gameId=2015052001","boxscore":"/nba/boxscore?gameId=2015052001","recap":"http://www.foxsports.com/nba/story/smith-james-lead-cavs-past-hawks-97-89-in-game-1-052115","preview":"http://www.foxsports.com/nba/story/quite-a-change-since-2014-cavs-meet-hawks-in-east-finals-051915","odds":"/nba/odds#28944","tickets":"http://www.awin1.com/cread.php?awinmid=4292&awinaffid=143258&clickref=nba&p=http://www.ticketsnow.com/InventoryBrowse/TicketList.aspx?PID=1707140"}},{"Id":28952,"GameState":2,"SeriesText":"GS leads WCF, 2-0","SeriesGame":2,"PlayoffRound":3,"Date":"2015-05-21 21:00","SeasonType":2,"GameType":2,"AwayTeamId":17,"AwayLeader":"J Harden 38 pts","HomeTeamId":21,"HomeLeader":"S Curry 33 pts","AwayRecord":"56-26","HomeRecord":"67-15","AwayScore":98,"HomeScore":99,"WinningTeamId":21,"Links":{"gametrax":"/nba/gameTrax?gameId=2015052109","boxscore":"/nba/boxscore?gameId=2015052109","recap":"http://www.foxsports.com/nba/story/warriors-hold-off-harden-rockets-99-98-to-take-2-0-lead-052115","preview":"http://www.foxsports.com/nba/story/with-howard-hobbled-rockets-trying-to-regroup-vs-warriors-052015","odds":"/nba/odds#28952","tickets":"http://www.awin1.com/cread.php?awinmid=4292&awinaffid=143258&clickref=nba&p=http://www.ticketsnow.com/InventoryBrowse/TicketList.aspx?PID=1696062"}},{"Id":28945,"GameState":2,"SeriesText":"CLE leads ECF, 2-0","SeriesGame":2,"PlayoffRound":3,"Date":"2015-05-22 20:30","SeasonType":2,"GameType":2,"AwayTeamId":11,"AwayLeader":"L James 30 pts","HomeTeamId":8,"HomeLeader":"D Schroder 13 pts","AwayRecord":"53-29","HomeRecord":"60-22","AwayScore":94,"HomeScore":82,"WinningTeamId":11,"Links":{"gametrax":"/nba/gameTrax?gameId=2015052201","boxscore":"/nba/boxscore?gameId=2015052201","recap":"http://www.foxsports.com/nba/story/james-leads-cavs-to-94-82-win-over-hawks-2-0-series-lead-052215","preview":"http://www.foxsports.com/nba/story/cavaliers-hawks-preview-052115","odds":"/nba/odds#28945","tickets":"http://www.awin1.com/cread.php?awinmid=4292&awinaffid=143258&clickref=nba&p=http://www.ticketsnow.com/InventoryBrowse/TicketList.aspx?PID=1707141"}},{"Id":28953,"GameState":2,"SeriesText":"GS leads WCF, 3-0","SeriesGame":3,"PlayoffRound":3,"Date":"2015-05-23 21:00","SeasonType":2,"GameType":2,"AwayTeamId":21,"AwayLeader":"S Curry 40 pts","HomeTeamId":17,"HomeLeader":"J Harden 17 pts","AwayRecord":"67-15","HomeRecord":"56-26","AwayScore":115,"HomeScore":80,"WinningTeamId":21,"Links":{"gametrax":"/nba/gameTrax?gameId=2015052310","boxscore":"/nba/boxscore?gameId=2015052310","recap":"http://www.foxsports.com/nba/story/curry-golden-state-rout-houston-115-80-to-take-3-0-lead-052315","preview":"#","odds":"/nba/odds#28953","tickets":"http://www.awin1.com/cread.php?awinmid=4292&awinaffid=143258&clickref=nba&p=http://www.ticketsnow.com/InventoryBrowse/TicketList.aspx?PID=1702005"}},{"Id":28946,"GameState":2,"FinalText":"OT","SeriesText":"CLE leads ECF, 3-0","SeriesGame":3,"PlayoffRound":3,"Date":"2015-05-24 20:30","SeasonType":2,"GameType":2,"AwayTeamId":8,"AwayLeader":"J Teague 30 pts","HomeTeamId":11,"HomeLeader":"L James 37 pts","AwayRecord":"60-22","HomeRecord":"53-29","AwayScore":111,"HomeScore":114,"WinningTeamId":11,"Links":{"gametrax":"/nba/gameTrax?gameId=2015052405","boxscore":"/nba/boxscore?gameId=2015052405","recap":"http://www.foxsports.com/nba/story/lebrons-triple-double-helps-cavs-top-hawks-in-thriller-052415","preview":"http://www.foxsports.com/nba/story/cavs-irving-tests-knee-with-brace-questionable-for-game-3-052315","odds":"/nba/odds#28946","tickets":"http://www.awin1.com/cread.php?awinmid=4292&awinaffid=143258&clickref=nba&p=http://www.ticketsnow.com/InventoryBrowse/TicketList.aspx?PID=1706862"}},{"Id":28954,"GameState":2,"SeriesText":"GS leads WCF, 3-1","SeriesGame":4,"PlayoffRound":3,"Date":"2015-05-25 21:00","SeasonType":2,"GameType":2,"AwayTeamId":21,"AwayLeader":"K Thompson 24 pts","HomeTeamId":17,"HomeLeader":"J Harden 45 pts","AwayRecord":"67-15","HomeRecord":"56-26","AwayScore":115,"HomeScore":128,"WinningTeamId":17,"Links":{"gametrax":"/nba/gameTrax?gameId=2015052510","boxscore":"/nba/boxscore?gameId=2015052510","recap":"http://www.foxsports.com/nba/story/harden-helps-rockets-stay-alive-beat-warriors-128-115-052515","preview":"http://www.foxsports.com/nba/story/warriors-rockets-preview-052415","odds":"/nba/odds#28954","tickets":"http://www.awin1.com/cread.php?awinmid=4292&awinaffid=143258&clickref=nba&p=http://www.ticketsnow.com/InventoryBrowse/TicketList.aspx?PID=1702006"}},{"Id":28947,"GameState":2,"SeriesText":"ATL wins ECF, 0-4","SeriesGame":4,"PlayoffRound":3,"Date":"2015-05-26 20:30","SeasonType":2,"GameType":2,"AwayTeamId":8,"AwayLeader":"J Teague 17 pts","HomeTeamId":11,"HomeLeader":"L James 23 pts","AwayRecord":"60-22","HomeRecord":"53-29","AwayScore":88,"HomeScore":118,"WinningTeamId":11,"Links":{"gametrax":"/nba/gameTrax?gameId=2015052605","boxscore":"/nba/boxscore?gameId=2015052605","recap":"#","preview":"http://www.foxsports.com/nba/story/lebron-cavaliers-limping-their-way-toward-nba-finals-052515","odds":"/nba/odds#28947","tickets":"http://www.awin1.com/cread.php?awinmid=4292&awinaffid=143258&clickref=nba&p=http://www.ticketsnow.com/InventoryBrowse/TicketList.aspx?PID=1706863"}},{"Id":28955,"GameState":1,"SeriesText":"Game 5 - GS leads WCF, 3-1","SeriesGame":5,"PlayoffRound":3,"Date":"2015-05-27 21:00","SeasonType":2,"GameType":2,"AwayTeamId":17,"HomeTeamId":21,"AwayRecord":"56-26","HomeRecord":"67-15","TvStation":"ESPN","OverUnder":"216.0","Spread":"-10.0","Links":{"gametrax":"/nba/gameTrax?gameId=2015052709","boxscore":"/nba/boxscore?gameId=2015052709","recap":"#","preview":"http://www.foxsports.com/nba/story/warriors-try-again-to-close-out-rockets-reach-nba-finals-052615","odds":"/nba/odds#28955","tickets":"http://www.awin1.com/cread.php?awinmid=4292&awinaffid=143258&clickref=nba&p=http://www.ticketsnow.com/InventoryBrowse/TicketList.aspx?PID=1696063"}},{"Id":28956,"GameState":1,"SeriesText":"Game 6* - GS leads WCF, 3-1","SeriesGame":6,"PlayoffRound":3,"PlayoffIfNecessary":true,"Date":"2015-05-29 21:00","SeasonType":2,"GameType":2,"AwayTeamId":21,"HomeTeamId":17,"AwayRecord":"67-15","HomeRecord":"56-26","TvStation":"ESPN","Links":{"gametrax":"/nba/gameTrax?gameId=2015052910","boxscore":"/nba/boxscore?gameId=2015052910","recap":"#","preview":"#","odds":"/nba/odds#28956","tickets":"http://www.awin1.com/cread.php?awinmid=4292&awinaffid=143258&clickref=nba&p=http://www.ticketsnow.com/InventoryBrowse/TicketList.aspx?PID=1702007"}},{"Id":28957,"GameState":1,"SeriesText":"Game 7* - GS leads WCF, 3-1","SeriesGame":7,"PlayoffRound":3,"PlayoffIfNecessary":true,"Date":"2015-05-31 21:00","SeasonType":2,"GameType":2,"AwayTeamId":17,"HomeTeamId":21,"AwayRecord":"56-26","HomeRecord":"67-15","TvStation":"ESPN","Links":{"gametrax":"/nba/gameTrax?gameId=2015053109","boxscore":"/nba/boxscore?gameId=2015053109","recap":"#","preview":"#","odds":"/nba/odds#28957","tickets":"http://www.awin1.com/cread.php?awinmid=4292&awinaffid=143258&clickref=nba&p=http://www.ticketsnow.com/InventoryBrowse/TicketList.aspx?PID=1696064"}}]