[{"Id":28327,"GameState":2,"Date":"2015-03-10 19:00","SeasonType":1,"GameType":1,"AwayTeamId":5,"AwayLeader":"T Harris 22 pts","HomeTeamId":13,"HomeLeader":"R Stuckey 34 pts","AwayRecord":"21-44","HomeRecord":"29-34","AwayScore":86,"HomeScore":118,"WinningTeamId":13,"Links":{"gametrax":"/nba/gameTrax?gameId=2015031011","boxscore":"/nba/boxscore?gameId=2015031011","recap":"http://www.foxsports.com/nba/story/indiana-pacers-rout-orlando-magic-for-sixth-straight-victory-031015","preview":"http://www.foxsports.com/nba/story/magic-pacers-preview-030915","odds":"/nba/odds#28327","tickets":"http://www.awin1.com/cread.php?awinmid=4292&awinaffid=143258&clickref=nba&p=http://www.ticketsnow.com/InventoryBrowse/TicketList.aspx?PID=1606278"}},{"Id":28738,"GameState":2,"Date":"2015-03-10 19:30","SeasonType":1,"GameType":1,"AwayTeamId":9,"AwayLeader":"A Ajinca 17 pts","HomeTeamId":3,"HomeLeader":"B Lopez 15 pts","AwayRecord":"36-29","HomeRecord":"25-37","AwayScore":111,"HomeScore":91,"WinningTeamId":9,"Links":{"gametrax":"/nba/gameTrax?gameId=2015031017","boxscore":"/nba/boxscore?gameId=2015031017","recap":"http://www.foxsports.com/nba/story/new-orleans-pelicans-beat-brooklyn-nets-keep-pressure-on-for-final-playoff-spot-in-west-031015","preview":"http://www.foxsports.com/nba/story/pelicans-nets-preview-031015","odds":"/nba/odds#28738","tickets":"http://www.awin1.com/cread.php?awinmid=4292&awinaffid=143258&clickref=nba&p=http://www.ticketsnow.com/InventoryBrowse/TicketList.aspx?PID=1605466"}},{"Id":28410,"GameState":2,"Date":"2015-03-10 20:30","SeasonType":1,"GameType":1,"AwayTeamId":11,"AwayLeader":"L James 27 pts","HomeTeamId":15,"HomeLeader":"C Parsons 18 pts","AwayRecord":"41-25","HomeRecord":"41-25","AwayScore":127,"HomeScore":94,"WinningTeamId":11,"Links":{"gametrax":"/nba/gameTrax?gameId=2015031006","boxscore":"/nba/boxscore?gameId=2015031006","recap":"http://www.foxsports.com/nba/story/lebron-james-helps-cleveland-cavaliers-rout-dallas-mavericks-takes-sole-possession-of-franchise-career-assists-record-031015","preview":"http://www.foxsports.com/nba/story/cavaliers-mavericks-preview-030915","odds":"/nba/odds#28410","tickets":"http://www.awin1.com/cread.php?awinmid=4292&awinaffid=143258&clickref=nba&p=http://www.ticketsnow.com/InventoryBrowse/TicketList.aspx?PID=1606041"}},{"Id":28491,"GameState":2,"Date":"2015-03-10 20:30","SeasonType":1,"GameType":1,"AwayTeamId":30,"AwayLeader":"K Lowry 32 pts","HomeTeamId":19,"HomeLeader":"K Leonard 24 pts","AwayRecord":"38-26","HomeRecord":"40-23","AwayScore":107,"HomeScore":117,"WinningTeamId":19,"Links":{"gametrax":"/nba/gameTrax?gameId=2015031024","boxscore":"/nba/boxscore?gameId=2015031024","recap":"http://www.foxsports.com/nba/story/san-antonio-spurs-beat-toronto-raptors-for-sixth-straight-victory-031015","preview":"http://www.foxsports.com/nba/story/raptors-spurs-preview-030915","odds":"/nba/odds#28491","tickets":"http://www.awin1.com/cread.php?awinmid=4292&awinaffid=143258&clickref=nba&p=http://www.ticketsnow.com/InventoryBrowse/TicketList.aspx?PID=1607360"}},{"Id":27589,"GameState":2,"Date":"2015-03-10 21:00","SeasonType":1,"GameType":1,"AwayTeamId":4,"AwayLeader":"A Shved 21 pts","HomeTeamId":20,"HomeLeader":"D Favors 29 pts","AwayRecord":"12-51","HomeRecord":"27-36","AwayScore":82,"HomeScore":87,"WinningTeamId":20,"Links":{"gametrax":"/nba/gameTrax?gameId=2015031026","boxscore":"/nba/boxscore?gameId=2015031026","recap":"http://www.foxsports.com/nba/story/jazz-hold-off-pesky-knicks-87-82-win-streak-up-to-3-031015","preview":"http://www.foxsports.com/nba/story/knicks-jazz-preview-031015","odds":"/nba/odds#27589","tickets":"http://www.awin1.com/cread.php?awinmid=4292&awinaffid=143258&clickref=nba&p=http://www.ticketsnow.com/InventoryBrowse/TicketList.aspx?PID=1607639"}},{"Id":28245,"GameState":2,"Date":"2015-03-10 22:30","SeasonType":1,"GameType":1,"AwayTeamId":12,"AwayLeader":"G Monroe 24 pts","HomeTeamId":23,"HomeLeader":"J Hill 16 pts","AwayRecord":"23-40","HomeRecord":"17-46","AwayScore":85,"HomeScore":93,"WinningTeamId":23,"Links":{"gametrax":"/nba/gameTrax?gameId=2015031013","boxscore":"/nba/boxscore?gameId=2015031013","recap":"http://www.foxsports.com/nba/story/los-angeles-lakers-beat-detroit-pistons-to-end-5-game-losing-streak-031115","preview":"http://www.foxsports.com/nba/story/pistons-lakers-preview-030915","odds":"/nba/odds#28245","tickets":"http://www.awin1.com/cread.php?awinmid=4292&awinaffid=143258&clickref=nba&p=http://www.ticketsnow.com/InventoryBrowse/TicketList.aspx?PID=1606402"}}]