[{"Id":27655,"GameState":2,"Date":"2014-12-19 19:00","SeasonType":1,"GameType":1,"AwayTeamId":32,"AwayLeader":"K Walker 30 pts","HomeTeamId":6,"HomeLeader":"R Covington 19 pts","AwayRecord":"7-19","HomeRecord":"2-23","AwayScore":109,"HomeScore":91,"WinningTeamId":32,"Links":{"gametrax":"/nba/gameTrax?gameId=2014121920","boxscore":"/nba/boxscore?gameId=2014121920","recap":"http://www.foxsports.com/nba/story/charlotte-hornets-beat-philadelphia-76ers-behind-30-from-kemba-walker-121914","preview":"http://www.foxsports.com/nba/story/hornets-76ers-preview-121814","odds":"/nba/odds#27655","tickets":"http://www.awin1.com/cread.php?awinmid=4292&awinaffid=143258&clickref=nba&p=http://www.ticketsnow.com/InventoryBrowse/TicketList.aspx?PID=1607579"}},{"Id":28675,"GameState":2,"Date":"2014-12-19 19:00","SeasonType":1,"GameType":1,"AwayTeamId":20,"AwayLeader":"D Favors 23 pts","HomeTeamId":5,"HomeLeader":"T Harris 24 pts","AwayRecord":"8-19","HomeRecord":"10-19","AwayScore":101,"HomeScore":94,"WinningTeamId":20,"Links":{"gametrax":"/nba/gameTrax?gameId=2014121919","boxscore":"/nba/boxscore?gameId=2014121919","recap":"http://www.foxsports.com/nba/story/utah-jazz-beat-orlando-magic-121914","preview":"http://www.foxsports.com/nba/story/jazz-magic-preview-121814","odds":"/nba/odds#28675","tickets":"http://www.awin1.com/cread.php?awinmid=4292&awinaffid=143258&clickref=nba&p=http://www.ticketsnow.com/InventoryBrowse/TicketList.aspx?PID=1607178"}},{"Id":27533,"GameState":2,"Date":"2014-12-19 19:30","SeasonType":1,"GameType":1,"AwayTeamId":18,"AwayLeader":"S Muhammad 26 pts","HomeTeamId":1,"HomeLeader":"K Olynyk 21 pts","AwayRecord":"5-20","HomeRecord":"10-14","AwayScore":98,"HomeScore":114,"WinningTeamId":1,"Links":{"gametrax":"/nba/gameTrax?gameId=2014121902","boxscore":"/nba/boxscore?gameId=2014121902","recap":"http://www.foxsports.com/nba/story/boston-celtics-beat-minnesota-timberwolves-121914","preview":"http://www.foxsports.com/nba/story/timberwolves-celtics-preview-121814","odds":"/nba/odds#27533","tickets":"http://www.awin1.com/cread.php?awinmid=4292&awinaffid=143258&clickref=nba&p=http://www.ticketsnow.com/InventoryBrowse/TicketList.aspx?PID=1605875"}},{"Id":27738,"GameState":2,"Date":"2014-12-19 19:30","SeasonType":1,"GameType":1,"AwayTeamId":30,"AwayLeader":"J Valanciunas 17 pts","HomeTeamId":12,"HomeLeader":"B Jennings 22 pts","AwayRecord":"21-6","HomeRecord":"5-22","AwayScore":110,"HomeScore":100,"WinningTeamId":30,"Links":{"gametrax":"/nba/gameTrax?gameId=2014121908","boxscore":"/nba/boxscore?gameId=2014121908","recap":"http://www.foxsports.com/nba/story/toronto-raptors-hand-detroit-pistons-12th-straight-home-loss-121914","preview":"http://www.foxsports.com/nba/story/raptors-pistons-preview-121914","odds":"/nba/odds#27738","tickets":"http://www.awin1.com/cread.php?awinmid=4292&awinaffid=143258&clickref=nba&p=http://www.ticketsnow.com/InventoryBrowse/TicketList.aspx?PID=1606162"}},{"Id":27902,"GameState":2,"Date":"2014-12-19 19:30","SeasonType":1,"GameType":1,"AwayTeamId":3,"AwayLeader":"J Johnson 26 pts","HomeTeamId":11,"HomeLeader":"L James 22 pts","AwayRecord":"10-15","HomeRecord":"15-10","AwayScore":91,"HomeScore":95,"WinningTeamId":11,"Links":{"gametrax":"/nba/gameTrax?gameId=2014121905","boxscore":"/nba/boxscore?gameId=2014121905","recap":"http://www.foxsports.com/nba/story/cleveland-cavaliers-beat-brooklyn-nets-behind-lebron-james-mike-miller-121914","preview":"http://www.foxsports.com/nba/story/nets-cavaliers-preview-121814","odds":"/nba/odds#27902","tickets":"http://www.awin1.com/cread.php?awinmid=4292&awinaffid=143258&clickref=nba&p=http://www.ticketsnow.com/InventoryBrowse/TicketList.aspx?PID=1607431"}},{"Id":28350,"GameState":2,"Date":"2014-12-19 19:30","SeasonType":1,"GameType":1,"AwayTeamId":7,"AwayLeader":"N Hilario 20 pts","HomeTeamId":2,"HomeLeader":"D Wade 28 pts","AwayRecord":"19-6","HomeRecord":"12-15","AwayScore":105,"HomeScore":103,"WinningTeamId":7,"Links":{"gametrax":"/nba/gameTrax?gameId=2014121914","boxscore":"/nba/boxscore?gameId=2014121914","recap":"http://www.foxsports.com/nba/story/washington-wizards-rally-past-miami-heat-121914","preview":"http://www.foxsports.com/nba/story/wizards-heat-preview-121814","odds":"/nba/odds#28350","tickets":"http://www.awin1.com/cread.php?awinmid=4292&awinaffid=143258&clickref=nba&p=http://www.ticketsnow.com/InventoryBrowse/TicketList.aspx?PID=1606475"}},{"Id":28472,"GameState":2,"FinalText":"3OT","Date":"2014-12-19 20:00","SeasonType":1,"GameType":1,"AwayTeamId":25,"AwayLeader":"D Lillard 43 pts","HomeTeamId":19,"HomeLeader":"T Duncan 32 pts","AwayRecord":"21-6","HomeRecord":"17-10","AwayScore":129,"HomeScore":119,"WinningTeamId":25,"Links":{"gametrax":"/nba/gameTrax?gameId=2014121924","boxscore":"/nba/boxscore?gameId=2014121924","recap":"http://www.foxsports.com/nba/story/portland-trail-blazers-top-san-antonio-spurs-in-3ot-as-damian-lillard-scores-43-121914","preview":"http://www.foxsports.com/nba/story/trail-blazers-spurs-preview-121814","odds":"/nba/odds#28472","tickets":"http://www.awin1.com/cread.php?awinmid=4292&awinaffid=143258&clickref=nba&p=http://www.ticketsnow.com/InventoryBrowse/TicketList.aspx?PID=1607341"}},{"Id":28556,"GameState":2,"Date":"2014-12-19 20:00","SeasonType":1,"GameType":1,"AwayTeamId":10,"AwayLeader":"J Butler 31 pts","HomeTeamId":31,"HomeLeader":"M Conley 21 pts","AwayRecord":"17-9","HomeRecord":"21-5","AwayScore":103,"HomeScore":97,"WinningTeamId":10,"Links":{"gametrax":"/nba/gameTrax?gameId=2014121929","boxscore":"/nba/boxscore?gameId=2014121929","recap":"http://www.foxsports.com/nba/story/chicago-bulls-down-memphis-grizzlies-121914","preview":"http://www.foxsports.com/nba/story/bulls-grizzlies-preview-121914","odds":"/nba/odds#28556","tickets":"http://www.awin1.com/cread.php?awinmid=4292&awinaffid=143258&clickref=nba&p=http://www.ticketsnow.com/InventoryBrowse/TicketList.aspx?PID=1606431"}},{"Id":28145,"GameState":2,"Date":"2014-12-19 21:00","SeasonType":1,"GameType":1,"AwayTeamId":22,"AwayLeader":"B Griffin 32 pts","HomeTeamId":16,"HomeLeader":"N Robinson 20 pts","AwayRecord":"18-8","HomeRecord":"11-15","AwayScore":106,"HomeScore":109,"WinningTeamId":16,"Links":{"gametrax":"/nba/gameTrax?gameId=2014121907","boxscore":"/nba/boxscore?gameId=2014121907","recap":"http://www.foxsports.com/nba/story/denver-nuggets-beat-los-angeles-clippers-122014","preview":"http://www.foxsports.com/nba/story/clippers-nuggets-preview-121814","odds":"/nba/odds#28145","tickets":"http://www.awin1.com/cread.php?awinmid=4292&awinaffid=143258&clickref=nba&p=http://www.ticketsnow.com/InventoryBrowse/TicketList.aspx?PID=1607480"}},{"Id":28227,"GameState":2,"Date":"2014-12-19 22:30","SeasonType":1,"GameType":1,"AwayTeamId":27,"AwayLeader":"R Westbrook 31 pts","HomeTeamId":23,"HomeLeader":"E Davis 18 pts","AwayRecord":"13-14","HomeRecord":"8-18","AwayScore":104,"HomeScore":103,"WinningTeamId":27,"Links":{"gametrax":"/nba/gameTrax?gameId=2014121913","boxscore":"/nba/boxscore?gameId=2014121913","recap":"http://www.foxsports.com/nba/story/oklahoma-city-thunder-hold-off-los-angeles-lakers-without-kevin-durant-122014","preview":"http://www.foxsports.com/nba/story/thunder-lakers-preview-121914","odds":"/nba/odds#28227","tickets":"http://www.awin1.com/cread.php?awinmid=4292&awinaffid=143258&clickref=nba&p=http://www.ticketsnow.com/InventoryBrowse/TicketList.aspx?PID=1606384"}}]