[{"Id":27627,"GameState":2,"Date":"2015-02-07 19:00","SeasonType":1,"GameType":1,"AwayTeamId":3,"AwayLeader":"B Lopez 19 pts","HomeTeamId":7,"HomeLeader":"J Wall 17 pts","AwayRecord":"21-29","HomeRecord":"32-20","AwayScore":77,"HomeScore":114,"WinningTeamId":7,"Links":{"gametrax":"/nba/gameTrax?gameId=2015020727","boxscore":"/nba/boxscore?gameId=2015020727","recap":"http://www.foxsports.com/nba/story/washington-wizards-beat-brooklyn-nets-to-end-losing-streak-020715","preview":"http://www.foxsports.com/nba/story/nets-wizards-preview-020715","odds":"/nba/odds#27627","tickets":"http://www.awin1.com/cread.php?awinmid=4292&awinaffid=143258&clickref=nba&p=http://www.ticketsnow.com/InventoryBrowse/TicketList.aspx?PID=1607399"}},{"Id":28444,"GameState":2,"Date":"2015-02-07 19:00","SeasonType":1,"GameType":1,"AwayTeamId":10,"AwayLeader":"P Gasol 20 pts","HomeTeamId":9,"HomeLeader":"T Evans 15 pts","AwayRecord":"31-20","HomeRecord":"27-24","AwayScore":107,"HomeScore":72,"WinningTeamId":10,"Links":{"gametrax":"/nba/gameTrax?gameId=2015020703","boxscore":"/nba/boxscore?gameId=2015020703","recap":"http://www.foxsports.com/nba/story/chicago-bulls-crush-new-orleans-pelicans-after-anthony-davis-leaves-with-injury-020715","preview":"http://www.foxsports.com/nba/story/bulls-pelicans-preview-020715","odds":"/nba/odds#28444","tickets":"http://www.awin1.com/cread.php?awinmid=4292&awinaffid=143258&clickref=nba&p=http://www.ticketsnow.com/InventoryBrowse/TicketList.aspx?PID=1606875"}},{"Id":27666,"GameState":2,"Date":"2015-02-07 19:30","SeasonType":1,"GameType":1,"AwayTeamId":32,"AwayLeader":"A Jefferson 18 pts","HomeTeamId":6,"HomeLeader":"R Covington 22 pts","AwayRecord":"22-28","HomeRecord":"12-40","AwayScore":81,"HomeScore":89,"WinningTeamId":6,"Links":{"gametrax":"/nba/gameTrax?gameId=2015020720","boxscore":"/nba/boxscore?gameId=2015020720","recap":"http://www.foxsports.com/nba/story/philadelphia-76ers-beat-charlotte-hornets-for-fourth-straight-home-win-020715","preview":"http://www.foxsports.com/nba/story/hornets-76ers-preview-020715","odds":"/nba/odds#27666","tickets":"http://www.awin1.com/cread.php?awinmid=4292&awinaffid=143258&clickref=nba&p=http://www.ticketsnow.com/InventoryBrowse/TicketList.aspx?PID=1607590"}},{"Id":27791,"GameState":2,"Date":"2015-02-07 19:30","SeasonType":1,"GameType":1,"AwayTeamId":21,"AwayLeader":"S Curry 22 pts","HomeTeamId":4,"HomeLeader":"L Galloway 15 pts","AwayRecord":"40-9","HomeRecord":"10-41","AwayScore":106,"HomeScore":92,"WinningTeamId":21,"Links":{"gametrax":"/nba/gameTrax?gameId=2015020718","boxscore":"/nba/boxscore?gameId=2015020718","recap":"http://www.foxsports.com/nba/story/warriors-beat-knicks-106-92-in-kerrs-msg-coaching-debut-020715","preview":"http://www.foxsports.com/nba/story/warriors-knicks-preview-020715","odds":"/nba/odds#27791","tickets":"http://www.awin1.com/cread.php?awinmid=4292&awinaffid=143258&clickref=nba&p=http://www.ticketsnow.com/InventoryBrowse/TicketList.aspx?PID=1607040"}},{"Id":28073,"GameState":2,"Date":"2015-02-07 20:30","SeasonType":1,"GameType":1,"AwayTeamId":1,"AwayLeader":"J Sullinger 17 pts","HomeTeamId":14,"HomeLeader":"B Knight 26 pts","AwayRecord":"19-31","HomeRecord":"28-23","AwayScore":93,"HomeScore":96,"WinningTeamId":14,"Links":{"gametrax":"/nba/gameTrax?gameId=2015020715","boxscore":"/nba/boxscore?gameId=2015020715","recap":"http://www.foxsports.com/nba/story/knight-bucks-hold-on-for-96-93-win-over-celtics-020715","preview":"http://www.foxsports.com/nba/story/celtics-bucks-preview-020715","odds":"/nba/odds#28073","tickets":"http://www.awin1.com/cread.php?awinmid=4292&awinaffid=143258&clickref=nba&p=http://www.ticketsnow.com/InventoryBrowse/TicketList.aspx?PID=1606538"}},{"Id":28402,"GameState":2,"FinalText":"OT","Date":"2015-02-07 20:30","SeasonType":1,"GameType":1,"AwayTeamId":25,"AwayLeader":"D Lillard 26 pts","HomeTeamId":15,"HomeLeader":"D Nowitzki 25 pts","AwayRecord":"34-17","HomeRecord":"35-18","AwayScore":101,"HomeScore":111,"WinningTeamId":15,"Links":{"gametrax":"/nba/gameTrax?gameId=2015020706","boxscore":"/nba/boxscore?gameId=2015020706","recap":"http://www.foxsports.com/nba/story/dallas-mavericks-beat-portland-trail-blazers-in-overtime-020715","preview":"#","odds":"/nba/odds#28402","tickets":"http://www.awin1.com/cread.php?awinmid=4292&awinaffid=143258&clickref=nba&p=http://www.ticketsnow.com/InventoryBrowse/TicketList.aspx?PID=1606032"}},{"Id":27584,"GameState":2,"Date":"2015-02-07 21:00","SeasonType":1,"GameType":1,"AwayTeamId":26,"AwayLeader":"D Cousins 27 pts","HomeTeamId":20,"HomeLeader":"G Hayward 30 pts","AwayRecord":"17-32","HomeRecord":"18-33","AwayScore":90,"HomeScore":102,"WinningTeamId":20,"Links":{"gametrax":"/nba/gameTrax?gameId=2015020726","boxscore":"/nba/boxscore?gameId=2015020726","recap":"http://www.foxsports.com/nba/story/utah-jazz-beat-sacramento-kings-thanks-to-gordon-hayward-020715","preview":"http://www.foxsports.com/nba/story/kings-jazz-preview-020715","odds":"/nba/odds#27584","tickets":"http://www.awin1.com/cread.php?awinmid=4292&awinaffid=143258&clickref=nba&p=http://www.ticketsnow.com/InventoryBrowse/TicketList.aspx?PID=1607634"}}]