[{"Id":27648,"GameState":2,"Date":"2014-11-24 19:00","SeasonType":1,"GameType":1,"AwayTeamId":25,"AwayLeader":"L Aldridge 33 pts","HomeTeamId":6,"HomeLeader":"M Carter-Williams 24 pts","AwayRecord":"11-3","HomeRecord":"0-14","AwayScore":114,"HomeScore":104,"WinningTeamId":25,"Links":{"gametrax":"/nba/gameTrax?gameId=2014112420","boxscore":"/nba/boxscore?gameId=2014112420","recap":"http://www.foxsports.com/nba/story/portland-trail-blazers-win-8th-straight-drop-philadelphia-76ers-to-0-14-112414","preview":"http://www.foxsports.com/nba/story/trail-blazers-76ers-preview-112414","odds":"/nba/odds#27648","tickets":"http://www.awin1.com/cread.php?awinmid=4292&awinaffid=143258&clickref=nba&p=http://www.ticketsnow.com/InventoryBrowse/TicketList.aspx?PID=1607572"}},{"Id":27895,"GameState":2,"Date":"2014-11-24 19:00","SeasonType":1,"GameType":1,"AwayTeamId":5,"AwayLeader":"V Oladipo 22 pts","HomeTeamId":11,"HomeLeader":"L James 29 pts","AwayRecord":"6-10","HomeRecord":"6-7","AwayScore":74,"HomeScore":106,"WinningTeamId":11,"Links":{"gametrax":"/nba/gameTrax?gameId=2014112405","boxscore":"/nba/boxscore?gameId=2014112405","recap":"http://www.foxsports.com/nba/story/lebron-james-scores-29-leads-cleveland-cavaliers-over-orlando-magic-112414","preview":"http://www.foxsports.com/nba/story/magic-cavaliers-preview-112314","odds":"/nba/odds#27895","tickets":"http://www.awin1.com/cread.php?awinmid=4292&awinaffid=143258&clickref=nba&p=http://www.ticketsnow.com/InventoryBrowse/TicketList.aspx?PID=1607424"}},{"Id":28631,"GameState":2,"Date":"2014-11-24 19:00","SeasonType":1,"GameType":1,"AwayTeamId":22,"AwayLeader":"B Griffin 22 pts","HomeTeamId":32,"HomeLeader":"C Zeller 17 pts","AwayRecord":"8-5","HomeRecord":"4-11","AwayScore":113,"HomeScore":92,"WinningTeamId":22,"Links":{"gametrax":"/nba/gameTrax?gameId=2014112430","boxscore":"/nba/boxscore?gameId=2014112430","recap":"http://www.foxsports.com/nba/story/chris-paul-dishes-15-assists-as-los-angeles-clippers-roll-past-charlotte-hornets-112414","preview":"http://www.foxsports.com/nba/story/clippers-hornets-preview-112414","odds":"/nba/odds#28631","tickets":"http://www.awin1.com/cread.php?awinmid=4292&awinaffid=143258&clickref=nba&p=http://www.ticketsnow.com/InventoryBrowse/TicketList.aspx?PID=1605923"}},{"Id":28101,"GameState":2,"Date":"2014-11-24 19:30","SeasonType":1,"GameType":1,"AwayTeamId":24,"AwayLeader":"E Bledsoe 25 pts","HomeTeamId":30,"HomeLeader":"J Valanciunas 27 pts","AwayRecord":"9-6","HomeRecord":"12-2","AwayScore":100,"HomeScore":104,"WinningTeamId":30,"Links":{"gametrax":"/nba/gameTrax?gameId=2014112428","boxscore":"/nba/boxscore?gameId=2014112428","recap":"http://www.foxsports.com/nba/story/jonas-valanciunas-has-career-high-27-points-in-toronto-raptors-victory-over-phoenix-suns-112414","preview":"http://www.foxsports.com/nba/story/suns-raptors-preview-112314","odds":"/nba/odds#28101"}},{"Id":28508,"GameState":2,"Date":"2014-11-24 20:00","SeasonType":1,"GameType":1,"AwayTeamId":4,"AwayLeader":"C Anthony 14 pts","HomeTeamId":17,"HomeLeader":"J Harden 36 pts","AwayRecord":"4-11","HomeRecord":"11-3","AwayScore":86,"HomeScore":91,"WinningTeamId":17,"Links":{"gametrax":"/nba/gameTrax?gameId=2014112410","boxscore":"/nba/boxscore?gameId=2014112410","recap":"http://www.foxsports.com/nba/story/carmelo-anthony-departs-with-back-spasms-in-new-york-knicks-loss-to-houston-rockets-112414","preview":"http://www.foxsports.com/nba/story/knicks-rockets-preview-112314","odds":"/nba/odds#28508","tickets":"http://www.awin1.com/cread.php?awinmid=4292&awinaffid=143258&clickref=nba&p=http://www.ticketsnow.com/InventoryBrowse/TicketList.aspx?PID=1607525"}},{"Id":28386,"GameState":2,"Date":"2014-11-24 20:30","SeasonType":1,"GameType":1,"AwayTeamId":13,"AwayLeader":"D Sloan 29 pts","HomeTeamId":15,"HomeLeader":"M Ellis 24 pts","AwayRecord":"6-8","HomeRecord":"10-5","AwayScore":111,"HomeScore":100,"WinningTeamId":13,"Links":{"gametrax":"/nba/gameTrax?gameId=2014112406","boxscore":"/nba/boxscore?gameId=2014112406","recap":"http://www.foxsports.com/nba/story/indiana-pacers-roll-past-dallas-mavericks-with-7-players-scoring-in-double-figures-112414","preview":"http://www.foxsports.com/nba/story/pacers-mavericks-preview-112414","odds":"/nba/odds#28386","tickets":"http://www.awin1.com/cread.php?awinmid=4292&awinaffid=143258&clickref=nba&p=http://www.ticketsnow.com/InventoryBrowse/TicketList.aspx?PID=1606016"}},{"Id":27566,"GameState":2,"Date":"2014-11-24 21:00","SeasonType":1,"GameType":1,"AwayTeamId":10,"AwayLeader":"J Butler 25 pts","HomeTeamId":20,"HomeLeader":"D Favors 21 pts","AwayRecord":"9-5","HomeRecord":"5-10","AwayScore":97,"HomeScore":95,"WinningTeamId":10,"Links":{"gametrax":"/nba/gameTrax?gameId=2014112426","boxscore":"/nba/boxscore?gameId=2014112426","recap":"http://www.foxsports.com/nba/story/derrick-rose-at-the-point-for-chicago-bulls-victory-over-utah-jazz-112414","preview":"http://www.foxsports.com/nba/story/bulls-jazz-preview-112314","odds":"/nba/odds#27566","tickets":"http://www.awin1.com/cread.php?awinmid=4292&awinaffid=143258&clickref=nba&p=http://www.ticketsnow.com/InventoryBrowse/TicketList.aspx?PID=1607616"}}]