[{"Id":27534,"GameState":2,"Date":"2014-12-26 13:00","SeasonType":1,"GameType":1,"AwayTeamId":3,"AwayLeader":"J Jack 27 pts","HomeTeamId":1,"HomeLeader":"J Green 22 pts","AwayRecord":"13-15","HomeRecord":"10-17","AwayScore":109,"HomeScore":107,"WinningTeamId":3,"Links":{"gametrax":"/nba/gameTrax?gameId=2014122602","boxscore":"/nba/boxscore?gameId=2014122602","recap":"http://www.foxsports.com/nba/story/jack-carries-nets-past-celtics-109-107-122614","preview":"http://www.foxsports.com/nba/story/nets-celtics-preview-122514","odds":"/nba/odds#27534","tickets":"http://www.awin1.com/cread.php?awinmid=4292&awinaffid=143258&clickref=nba&p=http://www.ticketsnow.com/InventoryBrowse/TicketList.aspx?PID=1605876"}},{"Id":28678,"GameState":2,"Date":"2014-12-26 19:00","SeasonType":1,"GameType":1,"AwayTeamId":11,"AwayLeader":"L James 29 pts","HomeTeamId":5,"HomeLeader":"T Harris 16 pts","AwayRecord":"18-11","HomeRecord":"11-21","AwayScore":98,"HomeScore":89,"WinningTeamId":11,"Links":{"gametrax":"/nba/gameTrax?gameId=2014122619","boxscore":"/nba/boxscore?gameId=2014122619","recap":"#","preview":"http://www.foxsports.com/nba/story/cavaliers-magic-preview-122514","odds":"/nba/odds#28678","tickets":"http://www.awin1.com/cread.php?awinmid=4292&awinaffid=143258&clickref=nba&p=http://www.ticketsnow.com/InventoryBrowse/TicketList.aspx?PID=1607182"}},{"Id":27739,"GameState":2,"Date":"2014-12-26 19:30","SeasonType":1,"GameType":1,"AwayTeamId":13,"AwayLeader":"R Hibbert 19 pts","HomeTeamId":12,"HomeLeader":"A Drummond 20 pts","AwayRecord":"10-20","HomeRecord":"6-23","AwayScore":109,"HomeScore":119,"WinningTeamId":12,"Links":{"gametrax":"/nba/gameTrax?gameId=2014122608","boxscore":"/nba/boxscore?gameId=2014122608","recap":"http://www.foxsports.com/nba/story/detroit-pistons-beat-indiana-pacers-122614","preview":"http://www.foxsports.com/nba/story/pacers-pistons-preview-122514","odds":"/nba/odds#27739","tickets":"http://www.awin1.com/cread.php?awinmid=4292&awinaffid=143258&clickref=nba&p=http://www.ticketsnow.com/InventoryBrowse/TicketList.aspx?PID=1606163"}},{"Id":28271,"GameState":2,"Date":"2014-12-26 19:30","SeasonType":1,"GameType":1,"AwayTeamId":14,"AwayLeader":"J Dudley 24 pts","HomeTeamId":8,"HomeLeader":"P Millsap 22 pts","AwayRecord":"15-15","HomeRecord":"21-8","AwayScore":107,"HomeScore":77,"WinningTeamId":14,"Links":{"gametrax":"/nba/gameTrax?gameId=2014122601","boxscore":"/nba/boxscore?gameId=2014122601","recap":"http://www.foxsports.com/nba/story/milwaukee-bucks-rout-atlanta-hawks-behind-jared-dudley-s-perfect-game-122614","preview":"http://www.foxsports.com/nba/story/bucks-hawks-preview-122514","odds":"/nba/odds#28271","tickets":"http://www.awin1.com/cread.php?awinmid=4292&awinaffid=143258&clickref=nba&p=http://www.ticketsnow.com/InventoryBrowse/TicketList.aspx?PID=1605827"}},{"Id":28432,"GameState":2,"Date":"2014-12-26 20:00","SeasonType":1,"GameType":1,"AwayTeamId":19,"AwayLeader":"T Duncan 20 pts","HomeTeamId":9,"HomeLeader":"A Davis 22 pts","AwayRecord":"18-13","HomeRecord":"15-14","AwayScore":90,"HomeScore":97,"WinningTeamId":9,"Links":{"gametrax":"/nba/gameTrax?gameId=2014122603","boxscore":"/nba/boxscore?gameId=2014122603","recap":"http://www.foxsports.com/nba/story/new-orleans-pelicans-down-san-antonio-spurs-behind-anthony-davis-122614","preview":"#","odds":"/nba/odds#28432","tickets":"http://www.awin1.com/cread.php?awinmid=4292&awinaffid=143258&clickref=nba&p=http://www.ticketsnow.com/InventoryBrowse/TicketList.aspx?PID=1606863"}},{"Id":28558,"GameState":2,"FinalText":"OT","Date":"2014-12-26 20:00","SeasonType":1,"GameType":1,"AwayTeamId":17,"AwayLeader":"J Harden 32 pts","HomeTeamId":31,"HomeLeader":"M Gasol 29 pts","AwayRecord":"21-7","HomeRecord":"21-8","AwayScore":117,"HomeScore":111,"WinningTeamId":17,"Links":{"gametrax":"/nba/gameTrax?gameId=2014122629","boxscore":"/nba/boxscore?gameId=2014122629","recap":"http://www.foxsports.com/nba/story/houston-rockets-top-memphis-grizzlies-in-overtime-as-josh-smith-makes-debut-122614","preview":"http://www.foxsports.com/nba/story/rockets-grizzlies-preview-122514","odds":"/nba/odds#28558","tickets":"http://www.awin1.com/cread.php?awinmid=4292&awinaffid=143258&clickref=nba&p=http://www.ticketsnow.com/InventoryBrowse/TicketList.aspx?PID=1606433"}},{"Id":28598,"GameState":2,"Date":"2014-12-26 20:00","SeasonType":1,"GameType":1,"AwayTeamId":32,"AwayLeader":"B Roberts 17 pts","HomeTeamId":27,"HomeLeader":"R Westbrook 29 pts","AwayRecord":"10-20","HomeRecord":"15-16","AwayScore":75,"HomeScore":98,"WinningTeamId":27,"Links":{"gametrax":"/nba/gameTrax?gameId=2014122625","boxscore":"/nba/boxscore?gameId=2014122625","recap":"http://www.foxsports.com/nba/story/oklahoma-city-thunder-down-charlotte-hornets-as-russell-westbrook-leads-way-122614","preview":"http://www.foxsports.com/nba/story/hornets-thunder-preview-122514","odds":"/nba/odds#28598","tickets":"http://www.awin1.com/cread.php?awinmid=4292&awinaffid=143258&clickref=nba&p=http://www.ticketsnow.com/InventoryBrowse/TicketList.aspx?PID=1607134"}},{"Id":28394,"GameState":2,"Date":"2014-12-26 20:30","SeasonType":1,"GameType":1,"AwayTeamId":23,"AwayLeader":"C Boozer 18 pts","HomeTeamId":15,"HomeLeader":"R Rondo 21 pts","AwayRecord":"9-21","HomeRecord":"21-10","AwayScore":98,"HomeScore":102,"WinningTeamId":15,"Links":{"gametrax":"/nba/gameTrax?gameId=2014122606","boxscore":"/nba/boxscore?gameId=2014122606","recap":"http://www.foxsports.com/nba/story/dallas-mavericks-down-los-angeles-lakers-behind-dirk-nowitzki-rajon-rondo-122614","preview":"http://www.foxsports.com/nba/story/lakers-mavericks-preview-122614","odds":"/nba/odds#28394","tickets":"http://www.awin1.com/cread.php?awinmid=4292&awinaffid=143258&clickref=nba&p=http://www.ticketsnow.com/InventoryBrowse/TicketList.aspx?PID=1606024"}},{"Id":28147,"GameState":2,"Date":"2014-12-26 21:00","SeasonType":1,"GameType":1,"AwayTeamId":18,"AwayLeader":"T Young 23 pts","HomeTeamId":16,"HomeLeader":"K Faried 26 pts","AwayRecord":"5-23","HomeRecord":"13-17","AwayScore":102,"HomeScore":106,"WinningTeamId":16,"Links":{"gametrax":"/nba/gameTrax?gameId=2014122607","boxscore":"/nba/boxscore?gameId=2014122607","recap":"http://www.foxsports.com/nba/story/denver-nuggets-beat-minnesota-timberwolves-as-kenneth-faried-stars-122614","preview":"http://www.foxsports.com/nba/story/timberwolves-nuggets-preview-122514","odds":"/nba/odds#28147","tickets":"http://www.awin1.com/cread.php?awinmid=4292&awinaffid=143258&clickref=nba&p=http://www.ticketsnow.com/InventoryBrowse/TicketList.aspx?PID=1607482"}},{"Id":27864,"GameState":2,"Date":"2014-12-26 22:00","SeasonType":1,"GameType":1,"AwayTeamId":24,"AwayLeader":"M Morris 20 pts","HomeTeamId":26,"HomeLeader":"D Collison 19 pts","AwayRecord":"17-14","HomeRecord":"12-17","AwayScore":115,"HomeScore":106,"WinningTeamId":24,"Links":{"gametrax":"/nba/gameTrax?gameId=2014122623","boxscore":"/nba/boxscore?gameId=2014122623","recap":"http://www.foxsports.com/nba/story/phoenix-suns-beat-sacramento-kings-for-5th-straight-win-122714","preview":"http://www.foxsports.com/nba/story/suns-kings-preview-122514","odds":"/nba/odds#27864","tickets":"http://www.awin1.com/cread.php?awinmid=4292&awinaffid=143258&clickref=nba&p=http://www.ticketsnow.com/InventoryBrowse/TicketList.aspx?PID=1607302"}},{"Id":28025,"GameState":2,"Date":"2014-12-26 22:00","SeasonType":1,"GameType":1,"AwayTeamId":6,"AwayLeader":"T Wroten 22 pts","HomeTeamId":25,"HomeLeader":"D Lillard 28 pts","AwayRecord":"4-24","HomeRecord":"24-7","AwayScore":93,"HomeScore":114,"WinningTeamId":25,"Links":{"gametrax":"/nba/gameTrax?gameId=2014122622","boxscore":"/nba/boxscore?gameId=2014122622","recap":"http://www.foxsports.com/nba/story/portland-trail-blazers-top-philadelphia-76ers-behind-damian-lillard-122714","preview":"http://www.foxsports.com/nba/story/76ers-trail-blazers-preview-122514","odds":"/nba/odds#28025","tickets":"http://www.awin1.com/cread.php?awinmid=4292&awinaffid=143258&clickref=nba&p=http://www.ticketsnow.com/InventoryBrowse/TicketList.aspx?PID=1607664"}}]