[{"Id":28175,"GameState":2,"Date":"2014-11-02 15:30","SeasonType":1,"GameType":1,"AwayTeamId":26,"AwayLeader":"D Cousins 34 pts","HomeTeamId":22,"HomeLeader":"B Griffin 17 pts","AwayRecord":"2-1","HomeRecord":"2-1","AwayScore":98,"HomeScore":92,"WinningTeamId":26,"Links":{"gametrax":"/nba/gameTrax?gameId=2014110212","boxscore":"/nba/boxscore?gameId=2014110212","recap":"http://www.foxsports.com/nba/story/sacramento-kings-hand-los-angeles-clippers-first-loss-of-the-season-110214","preview":"http://www.foxsports.com/nba/story/kings-clippers-preview-110114","odds":"/nba/odds#28175","tickets":"http://www.awin1.com/cread.php?awinmid=4292&awinaffid=143258&clickref=nba&p=http://www.ticketsnow.com/InventoryBrowse/TicketList.aspx?PID=1606301"}},{"Id":28339,"GameState":2,"Date":"2014-11-02 18:00","SeasonType":1,"GameType":1,"AwayTeamId":30,"AwayLeader":"D DeRozan 30 pts","HomeTeamId":2,"HomeLeader":"C Bosh 21 pts","AwayRecord":"2-1","HomeRecord":"3-0","AwayScore":102,"HomeScore":107,"WinningTeamId":2,"Links":{"gametrax":"/nba/gameTrax?gameId=2014110214","boxscore":"/nba/boxscore?gameId=2014110214","recap":"http://www.foxsports.com/nba/story/miami-heat-move-to-3-0-with-victory-over-toronto-raptors-110214","preview":"http://www.foxsports.com/nba/story/raptors-heat-preview-110214","odds":"/nba/odds#28339","tickets":"http://www.awin1.com/cread.php?awinmid=4292&awinaffid=143258&clickref=nba&p=http://www.ticketsnow.com/InventoryBrowse/TicketList.aspx?PID=1606465"}},{"Id":27766,"GameState":2,"Date":"2014-11-02 19:30","SeasonType":1,"GameType":1,"AwayTeamId":32,"AwayLeader":"A Jefferson 21 pts","HomeTeamId":4,"HomeLeader":"C Anthony 28 pts","AwayRecord":"1-2","HomeRecord":"2-1","AwayScore":93,"HomeScore":96,"WinningTeamId":4,"Links":{"gametrax":"/nba/gameTrax?gameId=2014110218","boxscore":"/nba/boxscore?gameId=2014110218","recap":"http://www.foxsports.com/nba/story/carmelo-anthony-leads-knicks-over-hornets-96-93-110214","preview":"http://www.foxsports.com/nba/story/hornets-knicks-preview-110114","odds":"/nba/odds#27766","tickets":"http://www.awin1.com/cread.php?awinmid=4292&awinaffid=143258&clickref=nba&p=http://www.ticketsnow.com/InventoryBrowse/TicketList.aspx?PID=1607014"}},{"Id":28012,"GameState":2,"Date":"2014-11-02 21:00","SeasonType":1,"GameType":1,"AwayTeamId":21,"AwayLeader":"K Thompson 29 pts","HomeTeamId":25,"HomeLeader":"L Aldridge 26 pts","AwayRecord":"3-0","HomeRecord":"1-2","AwayScore":95,"HomeScore":90,"WinningTeamId":21,"Links":{"gametrax":"/nba/gameTrax?gameId=2014110222","boxscore":"/nba/boxscore?gameId=2014110222","recap":"http://www.foxsports.com/nba/story/golden-state-warriors-top-portland-trail-blazers-for-best-start-in-20-years-110214","preview":"http://www.foxsports.com/nba/story/warriors-trail-blazers-preview-110214","odds":"/nba/odds#28012","tickets":"http://www.awin1.com/cread.php?awinmid=4292&awinaffid=143258&clickref=nba&p=http://www.ticketsnow.com/InventoryBrowse/TicketList.aspx?PID=1608293"}}]