[{"Id":27649,"GameState":2,"Date":"2014-11-26 19:00","SeasonType":1,"GameType":1,"AwayTeamId":3,"AwayLeader":"J Johnson 21 pts","HomeTeamId":6,"HomeLeader":"K McDaniels 18 pts","AwayRecord":"6-8","HomeRecord":"0-15","AwayScore":99,"HomeScore":91,"WinningTeamId":3,"Links":{"gametrax":"/nba/gameTrax?gameId=2014112620","boxscore":"/nba/boxscore?gameId=2014112620","recap":"http://www.foxsports.com/nba/story/philadelphia-76ers-squander-fourth-quarter-lead-vs-brooklyn-nets-fall-to-0-15-112614","preview":"#","odds":"/nba/odds#27649","tickets":"http://www.awin1.com/cread.php?awinmid=4292&awinaffid=143258&clickref=nba&p=http://www.ticketsnow.com/InventoryBrowse/TicketList.aspx?PID=1607573"}},{"Id":27896,"GameState":2,"Date":"2014-11-26 19:00","SeasonType":1,"GameType":1,"AwayTeamId":7,"AwayLeader":"R Butler 23 pts","HomeTeamId":11,"HomeLeader":"L James 29 pts","AwayRecord":"9-5","HomeRecord":"7-7","AwayScore":87,"HomeScore":113,"WinningTeamId":11,"Links":{"gametrax":"/nba/gameTrax?gameId=2014112605","boxscore":"/nba/boxscore?gameId=2014112605","recap":"http://www.foxsports.com/nba/story/cleveland-cavaliers-avenge-loss-to-washington-wizards-as-lebron-james-scores-29-112614","preview":"http://www.foxsports.com/nba/story/wizards-cavaliers-preview-112614","odds":"/nba/odds#27896","tickets":"http://www.awin1.com/cread.php?awinmid=4292&awinaffid=143258&clickref=nba&p=http://www.ticketsnow.com/InventoryBrowse/TicketList.aspx?PID=1607425"}},{"Id":28632,"GameState":2,"Date":"2014-11-26 19:00","SeasonType":1,"GameType":1,"AwayTeamId":25,"AwayLeader":"W Matthews 28 pts","HomeTeamId":32,"HomeLeader":"B Roberts 24 pts","AwayRecord":"12-3","HomeRecord":"4-12","AwayScore":105,"HomeScore":97,"WinningTeamId":25,"Links":{"gametrax":"/nba/gameTrax?gameId=2014112630","boxscore":"/nba/boxscore?gameId=2014112630","recap":"http://www.foxsports.com/nba/story/trail-blazers-win-9th-in-a-row-top-hornets-105-97-112614","preview":"http://www.foxsports.com/nba/story/trail-blazers-hornets-preview-112514","odds":"/nba/odds#28632","tickets":"http://www.awin1.com/cread.php?awinmid=4292&awinaffid=143258&clickref=nba&p=http://www.ticketsnow.com/InventoryBrowse/TicketList.aspx?PID=1605924"}},{"Id":28672,"GameState":2,"Date":"2014-11-26 19:00","SeasonType":1,"GameType":1,"AwayTeamId":21,"AwayLeader":"S Curry 28 pts","HomeTeamId":5,"HomeLeader":"T Harris 16 pts","AwayRecord":"12-2","HomeRecord":"6-11","AwayScore":111,"HomeScore":96,"WinningTeamId":21,"Links":{"gametrax":"/nba/gameTrax?gameId=2014112619","boxscore":"/nba/boxscore?gameId=2014112619","recap":"http://www.foxsports.com/nba/story/curry-3s-too-much-for-magic-warriors-win-111-96-112614","preview":"http://www.foxsports.com/nba/story/warriors-magic-preview-112614","odds":"/nba/odds#28672","tickets":"http://www.awin1.com/cread.php?awinmid=4292&awinaffid=143258&clickref=nba&p=http://www.ticketsnow.com/InventoryBrowse/TicketList.aspx?PID=1607175"}},{"Id":27730,"GameState":2,"Date":"2014-11-26 19:30","SeasonType":1,"GameType":1,"AwayTeamId":22,"AwayLeader":"J Crawford 25 pts","HomeTeamId":12,"HomeLeader":"D Augustin 19 pts","AwayRecord":"9-5","HomeRecord":"3-12","AwayScore":104,"HomeScore":98,"WinningTeamId":22,"Links":{"gametrax":"/nba/gameTrax?gameId=2014112608","boxscore":"/nba/boxscore?gameId=2014112608","recap":"http://www.foxsports.com/nba/story/crawford-helps-clippers-past-pistons-104-98-112614","preview":"http://www.foxsports.com/nba/story/clippers-pistons-preview-112614","odds":"/nba/odds#27730","tickets":"http://www.awin1.com/cread.php?awinmid=4292&awinaffid=143258&clickref=nba&p=http://www.ticketsnow.com/InventoryBrowse/TicketList.aspx?PID=1606154"}},{"Id":28262,"GameState":2,"Date":"2014-11-26 19:30","SeasonType":1,"GameType":1,"AwayTeamId":30,"AwayLeader":"D DeRozan 27 pts","HomeTeamId":8,"HomeLeader":"J Teague 24 pts","AwayRecord":"13-2","HomeRecord":"7-6","AwayScore":126,"HomeScore":115,"WinningTeamId":30,"Links":{"gametrax":"/nba/gameTrax?gameId=2014112601","boxscore":"/nba/boxscore?gameId=2014112601","recap":"http://www.foxsports.com/nba/story/derozan-williams-lead-raptors-to-6th-straight-win-112614","preview":"http://www.foxsports.com/nba/story/raptors-hawks-preview-112514","odds":"/nba/odds#28262","tickets":"http://www.awin1.com/cread.php?awinmid=4292&awinaffid=143258&clickref=nba&p=http://www.ticketsnow.com/InventoryBrowse/TicketList.aspx?PID=1605818"}},{"Id":28387,"GameState":2,"FinalText":"OT","Date":"2014-11-26 19:30","SeasonType":1,"GameType":1,"AwayTeamId":4,"AwayLeader":"J Calderon 21 pts","HomeTeamId":15,"HomeLeader":"D Nowitzki 30 pts","AwayRecord":"4-12","HomeRecord":"11-5","AwayScore":102,"HomeScore":109,"WinningTeamId":15,"Links":{"gametrax":"/nba/gameTrax?gameId=2014112606","boxscore":"/nba/boxscore?gameId=2014112606","recap":"http://www.foxsports.com/nba/story/carmelo-anthony-injury-out-tyson-chandler-dirk-nowitzki-dallas-mavs-beat-knicks-112614","preview":"http://www.foxsports.com/nba/story/knicks-mavericks-preview-112514","odds":"/nba/odds#28387","tickets":"http://www.awin1.com/cread.php?awinmid=4292&awinaffid=143258&clickref=nba&p=http://www.ticketsnow.com/InventoryBrowse/TicketList.aspx?PID=1606017"}},{"Id":27935,"GameState":2,"Date":"2014-11-26 20:00","SeasonType":1,"GameType":1,"AwayTeamId":14,"AwayLeader":"L Sanders 15 pts","HomeTeamId":18,"HomeLeader":"C Brewer 19 pts","AwayRecord":"9-7","HomeRecord":"3-10","AwayScore":103,"HomeScore":86,"WinningTeamId":14,"Links":{"gametrax":"/nba/gameTrax?gameId=2014112616","boxscore":"/nba/boxscore?gameId=2014112616","recap":"http://www.foxsports.com/nba/story/bucks-wear-down-timberwolves-to-improve-to-9-7-112614","preview":"http://www.foxsports.com/nba/story/bucks-timberwolves-preview-112614","odds":"/nba/odds#27935","tickets":"http://www.awin1.com/cread.php?awinmid=4292&awinaffid=143258&clickref=nba&p=http://www.ticketsnow.com/InventoryBrowse/TicketList.aspx?PID=1606744"}},{"Id":28509,"GameState":2,"Date":"2014-11-26 20:00","SeasonType":1,"GameType":1,"AwayTeamId":26,"AwayLeader":"D Cousins 29 pts","HomeTeamId":17,"HomeLeader":"J Harden 26 pts","AwayRecord":"9-6","HomeRecord":"12-3","AwayScore":89,"HomeScore":102,"WinningTeamId":17,"Links":{"gametrax":"/nba/gameTrax?gameId=2014112610","boxscore":"/nba/boxscore?gameId=2014112610","recap":"http://www.foxsports.com/nba/story/harden-leads-rockets-past-kings-102-89-112614","preview":"http://www.foxsports.com/nba/story/kings-rockets-preview-112614","odds":"/nba/odds#28509","tickets":"http://www.awin1.com/cread.php?awinmid=4292&awinaffid=143258&clickref=nba&p=http://www.ticketsnow.com/InventoryBrowse/TicketList.aspx?PID=1607526"}},{"Id":28591,"GameState":2,"Date":"2014-11-26 20:00","SeasonType":1,"GameType":1,"AwayTeamId":20,"AwayLeader":"G Hayward 24 pts","HomeTeamId":27,"HomeLeader":"R Jackson 22 pts","AwayRecord":"5-11","HomeRecord":"4-12","AwayScore":82,"HomeScore":97,"WinningTeamId":27,"Links":{"gametrax":"/nba/gameTrax?gameId=2014112625","boxscore":"/nba/boxscore?gameId=2014112625","recap":"http://www.foxsports.com/nba/story/thunder-knock-off-jazz-end-six-game-skid-112614","preview":"http://www.foxsports.com/nba/story/jazz-thunder-preview-112514","odds":"/nba/odds#28591","tickets":"http://www.awin1.com/cread.php?awinmid=4292&awinaffid=143258&clickref=nba&p=http://www.ticketsnow.com/InventoryBrowse/TicketList.aspx?PID=1607127"}},{"Id":28466,"GameState":2,"Date":"2014-11-26 20:30","SeasonType":1,"GameType":1,"AwayTeamId":13,"AwayLeader":"R Stuckey 22 pts","HomeTeamId":19,"HomeLeader":"M Ginobili 28 pts","AwayRecord":"6-9","HomeRecord":"10-4","AwayScore":100,"HomeScore":106,"WinningTeamId":19,"Links":{"gametrax":"/nba/gameTrax?gameId=2014112624","boxscore":"/nba/boxscore?gameId=2014112624","recap":"http://www.foxsports.com/nba/story/san-antonio-spurs-beat-indiana-pacers-with-ettore-messina-filling-in-as-coach-for-absent-gregg-popovich-112614","preview":"http://www.foxsports.com/nba/story/pacers-spurs-preview-112614","odds":"/nba/odds#28466","tickets":"http://www.awin1.com/cread.php?awinmid=4292&awinaffid=143258&clickref=nba&p=http://www.ticketsnow.com/InventoryBrowse/TicketList.aspx?PID=1607335"}},{"Id":27814,"GameState":2,"Date":"2014-11-26 21:00","SeasonType":1,"GameType":1,"AwayTeamId":16,"AwayLeader":"W Chandler 19 pts","HomeTeamId":24,"HomeLeader":"G Green 24 pts","AwayRecord":"7-8","HomeRecord":"10-6","AwayScore":112,"HomeScore":120,"WinningTeamId":24,"Links":{"gametrax":"/nba/gameTrax?gameId=2014112621","boxscore":"/nba/boxscore?gameId=2014112621","recap":"http://www.foxsports.com/nba/story/green-scores-24-suns-beat-nuggets-120-112-112614","preview":"http://www.foxsports.com/nba/story/nuggets-suns-preview-112614","odds":"/nba/odds#27814","tickets":"http://www.awin1.com/cread.php?awinmid=4292&awinaffid=143258&clickref=nba&p=http://www.ticketsnow.com/InventoryBrowse/TicketList.aspx?PID=1607244"}},{"Id":28222,"GameState":2,"Date":"2014-11-26 22:30","SeasonType":1,"GameType":1,"AwayTeamId":31,"AwayLeader":"M Gasol 19 pts","HomeTeamId":23,"HomeLeader":"K Bryant 22 pts","AwayRecord":"13-2","HomeRecord":"3-12","AwayScore":99,"HomeScore":93,"WinningTeamId":31,"Links":{"gametrax":"/nba/gameTrax?gameId=2014112613","boxscore":"/nba/boxscore?gameId=2014112613","recap":"http://www.foxsports.com/nba/story/streaking-grizzlies-hold-off-lakers-99-93-112714","preview":"http://www.foxsports.com/nba/story/grizzlies-lakers-preview-112514","odds":"/nba/odds#28222","tickets":"http://www.awin1.com/cread.php?awinmid=4292&awinaffid=143258&clickref=nba&p=http://www.ticketsnow.com/InventoryBrowse/TicketList.aspx?PID=1606379"}}]