[{"Id":28313,"GameState":2,"FinalText":"OT","Date":"2015-01-09 19:00","SeasonType":1,"GameType":1,"AwayTeamId":1,"AwayLeader":"A Bradley 23 pts","HomeTeamId":13,"HomeLeader":"R Hibbert 19 pts","AwayRecord":"12-22","HomeRecord":"15-23","AwayScore":103,"HomeScore":107,"WinningTeamId":13,"Links":{"gametrax":"/nba/gameTrax?gameId=2015010911","boxscore":"/nba/boxscore?gameId=2015010911","recap":"http://www.foxsports.com/nba/story/indiana-pacers-beat-boston-celtics-in-ot-010915","preview":"http://www.foxsports.com/nba/story/celtics-pacers-preview-010815","odds":"/nba/odds#28313","tickets":"http://www.awin1.com/cread.php?awinmid=4292&awinaffid=143258&clickref=nba&p=http://www.ticketsnow.com/InventoryBrowse/TicketList.aspx?PID=1606263"}},{"Id":27741,"GameState":2,"Date":"2015-01-09 19:30","SeasonType":1,"GameType":1,"AwayTeamId":8,"AwayLeader":"A Horford 19 pts","HomeTeamId":12,"HomeLeader":"K Caldwell-Pope 20 pts","AwayRecord":"28-8","HomeRecord":"12-24","AwayScore":106,"HomeScore":103,"WinningTeamId":8,"Links":{"gametrax":"/nba/gameTrax?gameId=2015010908","boxscore":"/nba/boxscore?gameId=2015010908","recap":"http://www.foxsports.com/nba/story/atlanta-hawks-down-detroit-pistons-010915","preview":"http://www.foxsports.com/nba/story/atlanta-hawks-detroit-pistons-matchup-means-one-winning-streak-must-end-010815","odds":"/nba/odds#27741","tickets":"http://www.awin1.com/cread.php?awinmid=4292&awinaffid=143258&clickref=nba&p=http://www.ticketsnow.com/InventoryBrowse/TicketList.aspx?PID=1606165"}},{"Id":28726,"GameState":2,"Date":"2015-01-09 19:30","SeasonType":1,"GameType":1,"AwayTeamId":6,"AwayLeader":"R Covington 20 pts","HomeTeamId":3,"HomeLeader":"B Lopez 18 pts","AwayRecord":"6-29","HomeRecord":"16-20","AwayScore":90,"HomeScore":88,"WinningTeamId":6,"Links":{"gametrax":"/nba/gameTrax?gameId=2015010917","boxscore":"/nba/boxscore?gameId=2015010917","recap":"http://www.foxsports.com/nba/story/philadelphia-76ers-beat-brooklyn-nets-on-nerlens-noel-dunk-010915","preview":"http://www.foxsports.com/nba/story/76ers-nets-preview-010815","odds":"/nba/odds#28726","tickets":"http://www.awin1.com/cread.php?awinmid=4292&awinaffid=143258&clickref=nba&p=http://www.ticketsnow.com/InventoryBrowse/TicketList.aspx?PID=1605454"}},{"Id":27620,"GameState":2,"Date":"2015-01-09 20:00","SeasonType":1,"GameType":1,"AwayTeamId":10,"AwayLeader":"D Rose 19 pts","HomeTeamId":7,"HomeLeader":"M Gortat 21 pts","AwayRecord":"25-12","HomeRecord":"25-11","AwayScore":86,"HomeScore":102,"WinningTeamId":7,"Links":{"gametrax":"/nba/gameTrax?gameId=2015010927","boxscore":"/nba/boxscore?gameId=2015010927","recap":"http://www.foxsports.com/nba/story/washington-wizards-beat-chicago-bulls-john-wall-bests-derrick-rose-010915","preview":"#","odds":"/nba/odds#27620","tickets":"http://www.awin1.com/cread.php?awinmid=4292&awinaffid=143258&clickref=nba&p=http://www.ticketsnow.com/InventoryBrowse/TicketList.aspx?PID=1607392"}},{"Id":28436,"GameState":2,"Date":"2015-01-09 20:00","SeasonType":1,"GameType":1,"AwayTeamId":31,"AwayLeader":"M Conley 19 pts","HomeTeamId":9,"HomeLeader":"J Holiday 23 pts","AwayRecord":"25-11","HomeRecord":"18-18","AwayScore":95,"HomeScore":106,"WinningTeamId":9,"Links":{"gametrax":"/nba/gameTrax?gameId=2015010903","boxscore":"/nba/boxscore?gameId=2015010903","recap":"http://www.foxsports.com/nba/story/new-orleans-pelicans-top-memphis-grizzlies-010915","preview":"http://www.foxsports.com/nba/story/grizzlies-pelicans-preview-010815","odds":"/nba/odds#28436","tickets":"http://www.awin1.com/cread.php?awinmid=4292&awinaffid=143258&clickref=nba&p=http://www.ticketsnow.com/InventoryBrowse/TicketList.aspx?PID=1606867"}},{"Id":28601,"GameState":2,"Date":"2015-01-09 20:00","SeasonType":1,"GameType":1,"AwayTeamId":20,"AwayLeader":"G Hayward 27 pts","HomeTeamId":27,"HomeLeader":"K Durant 32 pts","AwayRecord":"13-24","HomeRecord":"18-19","AwayScore":94,"HomeScore":99,"WinningTeamId":27,"Links":{"gametrax":"/nba/gameTrax?gameId=2015010925","boxscore":"/nba/boxscore?gameId=2015010925","recap":"http://www.foxsports.com/nba/story/oklahoma-city-thunder-get-past-utah-jazz-010915","preview":"http://www.foxsports.com/nba/story/jazz-thunder-preview-010815","odds":"/nba/odds#28601","tickets":"http://www.awin1.com/cread.php?awinmid=4292&awinaffid=143258&clickref=nba&p=http://www.ticketsnow.com/InventoryBrowse/TicketList.aspx?PID=1607137"}},{"Id":28067,"GameState":2,"Date":"2015-01-09 20:30","SeasonType":1,"GameType":1,"AwayTeamId":18,"AwayLeader":"A Wiggins 20 pts","HomeTeamId":14,"HomeLeader":"B Knight 14 pts","AwayRecord":"5-30","HomeRecord":"20-18","AwayScore":84,"HomeScore":98,"WinningTeamId":14,"Links":{"gametrax":"/nba/gameTrax?gameId=2015010915","boxscore":"/nba/boxscore?gameId=2015010915","recap":"http://www.foxsports.com/nba/story/milwaukee-bucks-hand-minnesota-timberwolves-14th-straight-loss-010915","preview":"http://www.foxsports.com/nba/story/timberwolves-bucks-preview-010815","odds":"/nba/odds#28067","tickets":"http://www.awin1.com/cread.php?awinmid=4292&awinaffid=143258&clickref=nba&p=http://www.ticketsnow.com/InventoryBrowse/TicketList.aspx?PID=1606531"}},{"Id":28479,"GameState":2,"Date":"2015-01-09 20:30","SeasonType":1,"GameType":1,"AwayTeamId":24,"AwayLeader":"P Tucker 19 pts","HomeTeamId":19,"HomeLeader":"D Green 20 pts","AwayRecord":"22-17","HomeRecord":"22-15","AwayScore":95,"HomeScore":100,"WinningTeamId":19,"Links":{"gametrax":"/nba/gameTrax?gameId=2015010924","boxscore":"/nba/boxscore?gameId=2015010924","recap":"http://www.foxsports.com/nba/story/san-antonio-spurs-rally-past-phoenix-suns-010915","preview":"#","odds":"/nba/odds#28479","tickets":"http://www.awin1.com/cread.php?awinmid=4292&awinaffid=143258&clickref=nba&p=http://www.ticketsnow.com/InventoryBrowse/TicketList.aspx?PID=1607348"}},{"Id":27867,"GameState":2,"Date":"2015-01-09 22:00","SeasonType":1,"GameType":1,"AwayTeamId":16,"AwayLeader":"A Afflalo 22 pts","HomeTeamId":26,"HomeLeader":"D Cousins 32 pts","AwayRecord":"17-20","HomeRecord":"15-21","AwayScore":118,"HomeScore":108,"WinningTeamId":16,"Links":{"gametrax":"/nba/gameTrax?gameId=2015010923","boxscore":"/nba/boxscore?gameId=2015010923","recap":"http://www.foxsports.com/nba/story/denver-nuggets-top-sacramento-kings-for-4th-straight-win-011015","preview":"http://www.foxsports.com/nba/story/nuggets-kings-preview-010915","odds":"/nba/odds#27867","tickets":"http://www.awin1.com/cread.php?awinmid=4292&awinaffid=143258&clickref=nba&p=http://www.ticketsnow.com/InventoryBrowse/TicketList.aspx?PID=1607305"}},{"Id":27699,"GameState":2,"Date":"2015-01-09 22:30","SeasonType":1,"GameType":1,"AwayTeamId":11,"AwayLeader":"J Smith 27 pts","HomeTeamId":21,"HomeLeader":"K Thompson 24 pts","AwayRecord":"19-18","HomeRecord":"29-5","AwayScore":94,"HomeScore":112,"WinningTeamId":21,"Links":{"gametrax":"/nba/gameTrax?gameId=2015010909","boxscore":"/nba/boxscore?gameId=2015010909","recap":"http://www.foxsports.com/nba/story/golden-state-warriors-beat-cleveland-cavaliers-for-6th-straight-win-011015","preview":"http://www.foxsports.com/nba/story/cavaliers-warriors-preview-010815","odds":"/nba/odds#27699","tickets":"http://www.awin1.com/cread.php?awinmid=4292&awinaffid=143258&clickref=nba&p=http://www.ticketsnow.com/InventoryBrowse/TicketList.aspx?PID=1606215"}},{"Id":28232,"GameState":2,"Date":"2015-01-09 22:30","SeasonType":1,"GameType":1,"AwayTeamId":5,"AwayLeader":"V Oladipo 17 pts","HomeTeamId":23,"HomeLeader":"J Lin 18 pts","AwayRecord":"13-26","HomeRecord":"12-25","AwayScore":84,"HomeScore":101,"WinningTeamId":23,"Links":{"gametrax":"/nba/gameTrax?gameId=2015010913","boxscore":"/nba/boxscore?gameId=2015010913","recap":"http://www.foxsports.com/nba/story/los-angeles-lakers-beat-orlando-magic-without-kobe-bryant-011015","preview":"#","odds":"/nba/odds#28232","tickets":"http://www.awin1.com/cread.php?awinmid=4292&awinaffid=143258&clickref=nba&p=http://www.ticketsnow.com/InventoryBrowse/TicketList.aspx?PID=1606389"}}]