[{"Id":28083,"GameState":2,"Date":"2015-03-22 15:00","SeasonType":1,"GameType":1,"AwayTeamId":11,"AwayLeader":"L James 28 pts","HomeTeamId":14,"HomeLeader":"M Carter-Williams 19 pts","AwayRecord":"46-26","HomeRecord":"34-36","AwayScore":108,"HomeScore":90,"WinningTeamId":11,"Links":{"gametrax":"/nba/gameTrax?gameId=2015032215","boxscore":"/nba/boxscore?gameId=2015032215","recap":"http://www.foxsports.com/nba/story/james-scores-28-dunk-ignites-cavs-in-108-90-win-over-bucks-032215","preview":"http://www.foxsports.com/nba/story/cavaliers-bucks-preview-032115","odds":"/nba/odds#28083","tickets":"http://www.awin1.com/cread.php?awinmid=4292&awinaffid=143258&clickref=nba&p=http://www.ticketsnow.com/InventoryBrowse/TicketList.aspx?PID=1606548"}},{"Id":28290,"GameState":2,"Date":"2015-03-22 15:00","SeasonType":1,"GameType":1,"AwayTeamId":19,"AwayLeader":"T Splitter 23 pts","HomeTeamId":8,"HomeLeader":"P Millsap 22 pts","AwayRecord":"44-25","HomeRecord":"53-17","AwayScore":114,"HomeScore":95,"WinningTeamId":19,"Links":{"gametrax":"/nba/gameTrax?gameId=2015032201","boxscore":"/nba/boxscore?gameId=2015032201","recap":"http://www.foxsports.com/nba/story/atlanta-hawks-routed-at-home-by-san-antonio-spurs-despite-return-of-kyle-korver-032215","preview":"http://www.foxsports.com/nba/story/spurs-hawks-preview-032115","odds":"/nba/odds#28290","tickets":"http://www.awin1.com/cread.php?awinmid=4292&awinaffid=143258&clickref=nba&p=http://www.ticketsnow.com/InventoryBrowse/TicketList.aspx?PID=1605847"}},{"Id":28618,"GameState":2,"Date":"2015-03-22 15:00","SeasonType":1,"GameType":1,"AwayTeamId":2,"AwayLeader":"H Whiteside 13 pts","HomeTeamId":27,"HomeLeader":"E Kanter 27 pts","AwayRecord":"32-37","HomeRecord":"40-30","AwayScore":75,"HomeScore":93,"WinningTeamId":27,"Links":{"gametrax":"/nba/gameTrax?gameId=2015032225","boxscore":"/nba/boxscore?gameId=2015032225","recap":"http://www.foxsports.com/nba/story/westbrook-gets-triple-double-as-thunder-beat-heat-93-75-032215","preview":"http://www.foxsports.com/nba/story/heat-thunder-preview-032115","odds":"/nba/odds#28618","tickets":"http://www.awin1.com/cread.php?awinmid=4292&awinaffid=143258&clickref=nba&p=http://www.ticketsnow.com/InventoryBrowse/TicketList.aspx?PID=1607154"}},{"Id":28210,"GameState":2,"Date":"2015-03-22 15:30","SeasonType":1,"GameType":1,"AwayTeamId":9,"AwayLeader":"A Davis 26 pts","HomeTeamId":22,"HomeLeader":"C Paul 23 pts","AwayRecord":"37-33","HomeRecord":"46-25","AwayScore":100,"HomeScore":107,"WinningTeamId":22,"Links":{"gametrax":"/nba/gameTrax?gameId=2015032212","boxscore":"/nba/boxscore?gameId=2015032212","recap":"http://www.foxsports.com/nba/story/griffin-helps-clippers-beat-pelicans-107-100-032215","preview":"http://www.foxsports.com/nba/story/pelicans-clippers-preview-032115","odds":"/nba/odds#28210","tickets":"http://www.awin1.com/cread.php?awinmid=4292&awinaffid=143258&clickref=nba&p=http://www.ticketsnow.com/InventoryBrowse/TicketList.aspx?PID=1607790"}},{"Id":28127,"GameState":2,"Date":"2015-03-22 16:00","SeasonType":1,"GameType":1,"AwayTeamId":4,"AwayLeader":"L Thomas 24 pts","HomeTeamId":30,"HomeLeader":"D DeRozan 23 pts","AwayRecord":"14-56","HomeRecord":"42-28","AwayScore":89,"HomeScore":106,"WinningTeamId":30,"Links":{"gametrax":"/nba/gameTrax?gameId=2015032228","boxscore":"/nba/boxscore?gameId=2015032228","recap":"http://www.foxsports.com/nba/story/toronto-raptors-blow-out-new-york-knicks-while-giving-kyle-lowry-a-breather-032215","preview":"http://www.foxsports.com/nba/story/knicks-raptors-preview-032115","odds":"/nba/odds#28127"}},{"Id":27553,"GameState":2,"FinalText":"OT","Date":"2015-03-22 18:00","SeasonType":1,"GameType":1,"AwayTeamId":12,"AwayLeader":"K Caldwell-Pope 27 pts","HomeTeamId":1,"HomeLeader":"E Turner 23 pts","AwayRecord":"26-44","HomeRecord":"30-39","AwayScore":105,"HomeScore":97,"WinningTeamId":12,"Links":{"gametrax":"/nba/gameTrax?gameId=2015032202","boxscore":"/nba/boxscore?gameId=2015032202","recap":"http://www.foxsports.com/nba/story/boston-celtics-fall-to-detroit-pistons-drop-out-of-last-playoff-spot-in-eastern-conference-032215","preview":"http://www.foxsports.com/nba/story/pistons-celtics-preview-032215","odds":"/nba/odds#27553","tickets":"http://www.awin1.com/cread.php?awinmid=4292&awinaffid=143258&clickref=nba&p=http://www.ticketsnow.com/InventoryBrowse/TicketList.aspx?PID=1605895"}},{"Id":27883,"GameState":2,"Date":"2015-03-22 18:00","SeasonType":1,"GameType":1,"AwayTeamId":7,"AwayLeader":"B Beal 19 pts","HomeTeamId":26,"HomeLeader":"R Gay 26 pts","AwayRecord":"40-30","HomeRecord":"24-45","AwayScore":86,"HomeScore":109,"WinningTeamId":26,"Links":{"gametrax":"/nba/gameTrax?gameId=2015032223","boxscore":"/nba/boxscore?gameId=2015032223","recap":"http://www.foxsports.com/nba/story/washington-wizards-road-woes-continue-with-loss-to-sacramento-kings-032215","preview":"http://www.foxsports.com/nba/story/wizards-kings-preview-032115","odds":"/nba/odds#27883","tickets":"http://www.awin1.com/cread.php?awinmid=4292&awinaffid=143258&clickref=nba&p=http://www.ticketsnow.com/InventoryBrowse/TicketList.aspx?PID=1607321"}},{"Id":28700,"GameState":2,"Date":"2015-03-22 18:00","SeasonType":1,"GameType":1,"AwayTeamId":16,"AwayLeader":"D Gallinari 40 pts","HomeTeamId":5,"HomeLeader":"V Oladipo 21 pts","AwayRecord":"27-44","HomeRecord":"22-50","AwayScore":119,"HomeScore":100,"WinningTeamId":16,"Links":{"gametrax":"/nba/gameTrax?gameId=2015032219","boxscore":"/nba/boxscore?gameId=2015032219","recap":"http://www.foxsports.com/nba/story/danilo-gallinari-scores-40-points-to-lead-denver-nuggets-past-orlando-magic-032215","preview":"http://www.foxsports.com/nba/story/nuggets-magic-preview-032115","odds":"/nba/odds#28700","tickets":"http://www.awin1.com/cread.php?awinmid=4292&awinaffid=143258&clickref=nba&p=http://www.ticketsnow.com/InventoryBrowse/TicketList.aspx?PID=1607203"}},{"Id":27963,"GameState":2,"Date":"2015-03-22 19:00","SeasonType":1,"GameType":1,"AwayTeamId":32,"AwayLeader":"M Williams 24 pts","HomeTeamId":18,"HomeLeader":"G Dieng 16 pts","AwayRecord":"30-38","HomeRecord":"15-54","AwayScore":109,"HomeScore":98,"WinningTeamId":32,"Links":{"gametrax":"/nba/gameTrax?gameId=2015032216","boxscore":"/nba/boxscore?gameId=2015032216","recap":"http://www.foxsports.com/nba/story/charlotte-hornets-upend-minnesota-timberwolves-032215","preview":"http://www.foxsports.com/nba/story/hornets-timberwolves-preview-032115","odds":"/nba/odds#27963","tickets":"http://www.awin1.com/cread.php?awinmid=4292&awinaffid=143258&clickref=nba&p=http://www.ticketsnow.com/InventoryBrowse/TicketList.aspx?PID=1606772"}},{"Id":27842,"GameState":2,"Date":"2015-03-22 21:00","SeasonType":1,"GameType":1,"AwayTeamId":15,"AwayLeader":"C Parsons 19 pts","HomeTeamId":24,"HomeLeader":"E Bledsoe 20 pts","AwayRecord":"44-27","HomeRecord":"38-33","AwayScore":92,"HomeScore":98,"WinningTeamId":24,"Links":{"gametrax":"/nba/gameTrax?gameId=2015032221","boxscore":"/nba/boxscore?gameId=2015032221","recap":"http://www.foxsports.com/nba/story/archie-goodwin-hits-key-shot-in-phoenix-suns-win-over-dallas-mavericks-032215","preview":"http://www.foxsports.com/nba/story/mavericks-suns-preview-032215","odds":"/nba/odds#27842","tickets":"http://www.awin1.com/cread.php?awinmid=4292&awinaffid=143258&clickref=nba&p=http://www.ticketsnow.com/InventoryBrowse/TicketList.aspx?PID=1607272"}},{"Id":28249,"GameState":2,"Date":"2015-03-22 21:30","SeasonType":1,"GameType":1,"AwayTeamId":6,"AwayLeader":"T Robinson 14 pts","HomeTeamId":23,"HomeLeader":"J Lin 29 pts","AwayRecord":"17-53","HomeRecord":"18-50","AwayScore":87,"HomeScore":101,"WinningTeamId":23,"Links":{"gametrax":"/nba/gameTrax?gameId=2015032213","boxscore":"/nba/boxscore?gameId=2015032213","recap":"http://www.foxsports.com/nba/story/lins-season-high-29-points-help-lakers-beat-76ers-032315","preview":"http://www.foxsports.com/nba/story/76ers-lakers-preview-032115","odds":"/nba/odds#28249","tickets":"http://www.awin1.com/cread.php?awinmid=4292&awinaffid=143258&clickref=nba&p=http://www.ticketsnow.com/InventoryBrowse/TicketList.aspx?PID=1607803"}}]