[{"Id":27622,"GameState":2,"Date":"2015-01-16 19:00","SeasonType":1,"GameType":1,"AwayTeamId":3,"AwayLeader":"J Jack 26 pts","HomeTeamId":7,"HomeLeader":"J Wall 13 pts","AwayRecord":"17-23","HomeRecord":"27-13","AwayScore":102,"HomeScore":80,"WinningTeamId":3,"Links":{"gametrax":"/nba/gameTrax?gameId=2015011627","boxscore":"/nba/boxscore?gameId=2015011627","recap":"http://www.foxsports.com/nba/story/brooklyn-nets-beat-washington-wizards-to-snap-losing-streak-011615","preview":"http://www.foxsports.com/nba/story/nets-wizards-preview-011515","odds":"/nba/odds#27622","tickets":"http://www.awin1.com/cread.php?awinmid=4292&awinaffid=143258&clickref=nba&p=http://www.ticketsnow.com/InventoryBrowse/TicketList.aspx?PID=1607394"}},{"Id":27660,"GameState":2,"Date":"2015-01-16 19:00","SeasonType":1,"GameType":1,"AwayTeamId":9,"AwayLeader":"A Ajinca 16 pts","HomeTeamId":6,"HomeLeader":"M Carter-Williams 22 pts","AwayRecord":"19-20","HomeRecord":"8-31","AwayScore":81,"HomeScore":96,"WinningTeamId":6,"Links":{"gametrax":"/nba/gameTrax?gameId=2015011620","boxscore":"/nba/boxscore?gameId=2015011620","recap":"http://www.foxsports.com/nba/story/philadelphia-76ers-top-new-orleans-pelicans-nerlens-noel-records-double-double-011615","preview":"http://www.foxsports.com/nba/story/pelicans-76ers-preview-011515","odds":"/nba/odds#27660","tickets":"http://www.awin1.com/cread.php?awinmid=4292&awinaffid=143258&clickref=nba&p=http://www.ticketsnow.com/InventoryBrowse/TicketList.aspx?PID=1607584"}},{"Id":28315,"GameState":2,"Date":"2015-01-16 19:00","SeasonType":1,"GameType":1,"AwayTeamId":12,"AwayLeader":"B Jennings 37 pts","HomeTeamId":13,"HomeLeader":"R Hibbert 14 pts","AwayRecord":"15-25","HomeRecord":"15-26","AwayScore":98,"HomeScore":96,"WinningTeamId":12,"Links":{"gametrax":"/nba/gameTrax?gameId=2015011611","boxscore":"/nba/boxscore?gameId=2015011611","recap":"http://www.foxsports.com/nba/story/detroit-pistons-edge-indiana-pacers-on-late-tip-in-011615","preview":"http://www.foxsports.com/nba/story/pistons-pacers-preview-011515","odds":"/nba/odds#28315","tickets":"http://www.awin1.com/cread.php?awinmid=4292&awinaffid=143258&clickref=nba&p=http://www.ticketsnow.com/InventoryBrowse/TicketList.aspx?PID=1606265"}},{"Id":28683,"GameState":2,"Date":"2015-01-16 19:00","SeasonType":1,"GameType":1,"AwayTeamId":31,"AwayLeader":"J Green 21 pts","HomeTeamId":5,"HomeLeader":"E Payton 22 pts","AwayRecord":"28-11","HomeRecord":"15-28","AwayScore":106,"HomeScore":96,"WinningTeamId":31,"Links":{"gametrax":"/nba/gameTrax?gameId=2015011619","boxscore":"/nba/boxscore?gameId=2015011619","recap":"http://www.foxsports.com/nba/story/memphis-grizzlies-beat-orlando-magic-behind-jeff-green-s-big-game-011615","preview":"http://www.foxsports.com/nba/story/grizzlies-magic-preview-011515","odds":"/nba/odds#28683","tickets":"http://www.awin1.com/cread.php?awinmid=4292&awinaffid=143258&clickref=nba&p=http://www.ticketsnow.com/InventoryBrowse/TicketList.aspx?PID=1607186"}},{"Id":27540,"GameState":2,"Date":"2015-01-16 19:30","SeasonType":1,"GameType":1,"AwayTeamId":10,"AwayLeader":"D Rose 29 pts","HomeTeamId":1,"HomeLeader":"J Sullinger 20 pts","AwayRecord":"27-14","HomeRecord":"13-25","AwayScore":119,"HomeScore":103,"WinningTeamId":10,"Links":{"gametrax":"/nba/gameTrax?gameId=2015011602","boxscore":"/nba/boxscore?gameId=2015011602","recap":"http://www.foxsports.com/nba/story/chicago-bulls-beat-boston-celtics-as-derrick-rose-stars-011615","preview":"http://www.foxsports.com/nba/story/bulls-celtics-preview-011515","odds":"/nba/odds#27540","tickets":"http://www.awin1.com/cread.php?awinmid=4292&awinaffid=143258&clickref=nba&p=http://www.ticketsnow.com/InventoryBrowse/TicketList.aspx?PID=1605882"}},{"Id":28113,"GameState":2,"Date":"2015-01-16 19:30","SeasonType":1,"GameType":1,"AwayTeamId":8,"AwayLeader":"A Horford 22 pts","HomeTeamId":30,"HomeLeader":"D DeRozan 25 pts","AwayRecord":"32-8","HomeRecord":"26-13","AwayScore":110,"HomeScore":89,"WinningTeamId":8,"Links":{"gametrax":"/nba/gameTrax?gameId=2015011628","boxscore":"/nba/boxscore?gameId=2015011628","recap":"http://www.foxsports.com/nba/story/atlanta-hawks-beat-toronto-raptors-011615","preview":"http://www.foxsports.com/nba/story/hawks-raptors-preview-011515","odds":"/nba/odds#28113"}},{"Id":28602,"GameState":2,"Date":"2015-01-16 20:00","SeasonType":1,"GameType":1,"AwayTeamId":21,"AwayLeader":"K Thompson 32 pts","HomeTeamId":27,"HomeLeader":"K Durant 36 pts","AwayRecord":"31-6","HomeRecord":"19-20","AwayScore":115,"HomeScore":127,"WinningTeamId":27,"Links":{"gametrax":"/nba/gameTrax?gameId=2015011625","boxscore":"/nba/boxscore?gameId=2015011625","recap":"http://www.foxsports.com/nba/story/oklahoma-city-thunder-snap-golden-state-warriors-streak-russell-westbrook-has-triple-double-011615","preview":"http://www.foxsports.com/nba/story/warriors-thunder-preview-011615","odds":"/nba/odds#28602","tickets":"http://www.awin1.com/cread.php?awinmid=4292&awinaffid=143258&clickref=nba&p=http://www.ticketsnow.com/InventoryBrowse/TicketList.aspx?PID=1607138"}},{"Id":28398,"GameState":2,"Date":"2015-01-16 20:30","SeasonType":1,"GameType":1,"AwayTeamId":16,"AwayLeader":"A Afflalo 16 pts","HomeTeamId":15,"HomeLeader":"D Nowitzki 25 pts","AwayRecord":"18-21","HomeRecord":"28-13","AwayScore":89,"HomeScore":97,"WinningTeamId":15,"Links":{"gametrax":"/nba/gameTrax?gameId=2015011606","boxscore":"/nba/boxscore?gameId=2015011606","recap":"http://www.foxsports.com/nba/story/dallas-mavericks-top-denver-nuggets-011615","preview":"http://www.foxsports.com/nba/story/nuggets-mavericks-preview-011615","odds":"/nba/odds#28398","tickets":"http://www.awin1.com/cread.php?awinmid=4292&awinaffid=143258&clickref=nba&p=http://www.ticketsnow.com/InventoryBrowse/TicketList.aspx?PID=1606028"}},{"Id":28480,"GameState":2,"Date":"2015-01-16 20:30","SeasonType":1,"GameType":1,"AwayTeamId":25,"AwayLeader":"L Aldridge 24 pts","HomeTeamId":19,"HomeLeader":"K Leonard 20 pts","AwayRecord":"30-10","HomeRecord":"25-16","AwayScore":96,"HomeScore":110,"WinningTeamId":19,"Links":{"gametrax":"/nba/gameTrax?gameId=2015011624","boxscore":"/nba/boxscore?gameId=2015011624","recap":"http://www.foxsports.com/nba/story/san-anotnio-spurs-beat-portland-trail-blazers-011615","preview":"http://www.foxsports.com/nba/story/trail-blazers-spurs-preview-011515","odds":"/nba/odds#28480","tickets":"http://www.awin1.com/cread.php?awinmid=4292&awinaffid=143258&clickref=nba&p=http://www.ticketsnow.com/InventoryBrowse/TicketList.aspx?PID=1607349"}},{"Id":27578,"GameState":2,"Date":"2015-01-16 21:00","SeasonType":1,"GameType":1,"AwayTeamId":23,"AwayLeader":"N Young 23 pts","HomeTeamId":20,"HomeLeader":"G Hayward 31 pts","AwayRecord":"12-29","HomeRecord":"14-26","AwayScore":85,"HomeScore":94,"WinningTeamId":20,"Links":{"gametrax":"/nba/gameTrax?gameId=2015011626","boxscore":"/nba/boxscore?gameId=2015011626","recap":"http://www.foxsports.com/nba/story/utah-jazz-beat-los-angeles-lakers-as-kobe-bryant-sits-out-011615","preview":"http://www.foxsports.com/nba/story/lakers-jazz-preview-011615","odds":"/nba/odds#27578","tickets":"http://www.awin1.com/cread.php?awinmid=4292&awinaffid=143258&clickref=nba&p=http://www.ticketsnow.com/InventoryBrowse/TicketList.aspx?PID=1607628"}},{"Id":27824,"GameState":2,"Date":"2015-01-16 21:00","SeasonType":1,"GameType":1,"AwayTeamId":18,"AwayLeader":"M Williams 26 pts","HomeTeamId":24,"HomeLeader":"G Dragic 21 pts","AwayRecord":"6-32","HomeRecord":"24-18","AwayScore":99,"HomeScore":110,"WinningTeamId":24,"Links":{"gametrax":"/nba/gameTrax?gameId=2015011621","boxscore":"/nba/boxscore?gameId=2015011621","recap":"http://www.foxsports.com/nba/story/phoenix-suns-top-minnesota-timberwolves-011615","preview":"#","odds":"/nba/odds#27824","tickets":"http://www.awin1.com/cread.php?awinmid=4292&awinaffid=143258&clickref=nba&p=http://www.ticketsnow.com/InventoryBrowse/TicketList.aspx?PID=1607254"}},{"Id":27870,"GameState":2,"Date":"2015-01-16 22:00","SeasonType":1,"GameType":1,"AwayTeamId":2,"AwayLeader":"C Bosh 30 pts","HomeTeamId":26,"HomeLeader":"D Cousins 17 pts","AwayRecord":"18-22","HomeRecord":"16-23","AwayScore":95,"HomeScore":83,"WinningTeamId":2,"Links":{"gametrax":"/nba/gameTrax?gameId=2015011623","boxscore":"/nba/boxscore?gameId=2015011623","recap":"http://www.foxsports.com/nba/story/bosh-deng-lead-heat-to-95-83-win-over-sacramento-011715","preview":"http://www.foxsports.com/nba/story/heat-kings-preview-011515","odds":"/nba/odds#27870","tickets":"http://www.awin1.com/cread.php?awinmid=4292&awinaffid=143258&clickref=nba&p=http://www.ticketsnow.com/InventoryBrowse/TicketList.aspx?PID=1607308"}},{"Id":28197,"GameState":2,"Date":"2015-01-16 22:30","SeasonType":1,"GameType":1,"AwayTeamId":11,"AwayLeader":"K Irving 37 pts","HomeTeamId":22,"HomeLeader":"B Griffin 34 pts","AwayRecord":"21-20","HomeRecord":"26-14","AwayScore":126,"HomeScore":121,"WinningTeamId":11,"Links":{"gametrax":"/nba/gameTrax?gameId=2015011612","boxscore":"/nba/boxscore?gameId=2015011612","recap":"http://www.foxsports.com/nba/story/cleveland-cavaliers-outlast-los-angeles-clippers-kyrie-irving-lebron-james-lead-way-011715","preview":"http://www.foxsports.com/nba/story/cavaliers-clippers-preview-011615","odds":"/nba/odds#28197","tickets":"http://www.awin1.com/cread.php?awinmid=4292&awinaffid=143258&clickref=nba&p=http://www.ticketsnow.com/InventoryBrowse/TicketList.aspx?PID=1606323"}}]