[{"Id":27615,"GameState":2,"Date":"2014-12-16 19:00","SeasonType":1,"GameType":1,"AwayTeamId":18,"AwayLeader":"T Young 29 pts","HomeTeamId":7,"HomeLeader":"R Butler 23 pts","AwayRecord":"5-19","HomeRecord":"18-6","AwayScore":95,"HomeScore":109,"WinningTeamId":7,"Links":{"gametrax":"/nba/gameTrax?gameId=2014121627","boxscore":"/nba/boxscore?gameId=2014121627","recap":"http://www.foxsports.com/nba/story/john-wall-dishes-17-assists-in-washington-wizards-win-over-minnesota-timberwolves-121614","preview":"#","odds":"/nba/odds#27615","tickets":"http://www.awin1.com/cread.php?awinmid=4292&awinaffid=143258&clickref=nba&p=http://www.ticketsnow.com/InventoryBrowse/TicketList.aspx?PID=1607387"}},{"Id":28719,"GameState":2,"Date":"2014-12-16 19:30","SeasonType":1,"GameType":1,"AwayTeamId":2,"AwayLeader":"D Wade 28 pts","HomeTeamId":3,"HomeLeader":"M Plumlee 21 pts","AwayRecord":"12-13","HomeRecord":"10-13","AwayScore":95,"HomeScore":91,"WinningTeamId":2,"Links":{"gametrax":"/nba/gameTrax?gameId=2014121617","boxscore":"/nba/boxscore?gameId=2014121617","recap":"http://www.foxsports.com/nba/story/dwyane-wade-scores-28-as-miami-heat-beat-brooklyn-nets-in-game-delayed-by-leaky-roof-121614","preview":"http://www.foxsports.com/nba/story/heat-nets-preview-121514","odds":"/nba/odds#28719","tickets":"http://www.awin1.com/cread.php?awinmid=4292&awinaffid=143258&clickref=nba&p=http://www.ticketsnow.com/InventoryBrowse/TicketList.aspx?PID=1605448"}},{"Id":27778,"GameState":2,"Date":"2014-12-16 20:00","SeasonType":1,"GameType":1,"AwayTeamId":15,"AwayLeader":"D Nowitzki 16 pts","HomeTeamId":4,"HomeLeader":"C Anthony 26 pts","AwayRecord":"18-8","HomeRecord":"5-22","AwayScore":107,"HomeScore":87,"WinningTeamId":15,"Links":{"gametrax":"/nba/gameTrax?gameId=2014121618","boxscore":"/nba/boxscore?gameId=2014121618","recap":"http://www.foxsports.com/nba/story/tyson-chandler-dunks-add-spice-to-dallas-mavericks-victory-over-new-york-knicks-121614","preview":"http://www.foxsports.com/nba/story/mavericks-knicks-preview-121514","odds":"/nba/odds#27778","tickets":"http://www.awin1.com/cread.php?awinmid=4292&awinaffid=143258&clickref=nba&p=http://www.ticketsnow.com/InventoryBrowse/TicketList.aspx?PID=1607026"}},{"Id":28430,"GameState":2,"Date":"2014-12-16 20:00","SeasonType":1,"GameType":1,"AwayTeamId":20,"AwayLeader":"E Kanter 29 pts","HomeTeamId":9,"HomeLeader":"A Davis 31 pts","AwayRecord":"6-19","HomeRecord":"12-12","AwayScore":111,"HomeScore":119,"WinningTeamId":9,"Links":{"gametrax":"/nba/gameTrax?gameId=2014121603","boxscore":"/nba/boxscore?gameId=2014121603","recap":"http://www.foxsports.com/nba/story/anthony-davis-returns-with-31-points-to-lead-new-orleans-pelicans-over-utah-jazz-121614","preview":"http://www.foxsports.com/nba/story/jazz-pelicans-preview-121514","odds":"/nba/odds#28430","tickets":"http://www.awin1.com/cread.php?awinmid=4292&awinaffid=143258&clickref=nba&p=http://www.ticketsnow.com/InventoryBrowse/TicketList.aspx?PID=1606861"}},{"Id":28555,"GameState":2,"Date":"2014-12-16 20:00","SeasonType":1,"GameType":1,"AwayTeamId":21,"AwayLeader":"K Thompson 22 pts","HomeTeamId":31,"HomeLeader":"M Gasol 24 pts","AwayRecord":"21-3","HomeRecord":"20-4","AwayScore":98,"HomeScore":105,"WinningTeamId":31,"Links":{"gametrax":"/nba/gameTrax?gameId=2014121629","boxscore":"/nba/boxscore?gameId=2014121629","recap":"http://www.foxsports.com/nba/story/memphis-grizzlies-end-golden-state-warriors-16-game-winning-streak-push-their-own-streak-to-five-straight-victories-121614","preview":"http://www.foxsports.com/nba/story/warriors-grizzlies-preview-121514","odds":"/nba/odds#28555","tickets":"http://www.awin1.com/cread.php?awinmid=4292&awinaffid=143258&clickref=nba&p=http://www.ticketsnow.com/InventoryBrowse/TicketList.aspx?PID=1606430"}},{"Id":27861,"GameState":2,"Date":"2014-12-16 22:30","SeasonType":1,"GameType":1,"AwayTeamId":27,"AwayLeader":"R Westbrook 32 pts","HomeTeamId":26,"HomeLeader":"R Gay 22 pts","AwayRecord":"12-13","HomeRecord":"11-14","AwayScore":104,"HomeScore":92,"WinningTeamId":27,"Links":{"gametrax":"/nba/gameTrax?gameId=2014121623","boxscore":"/nba/boxscore?gameId=2014121623","recap":"http://www.foxsports.com/nba/story/with-tyrone-corbin-coaching-sacramento-kings-fall-to-oklahoma-city-thunder-121714","preview":"http://www.foxsports.com/nba/story/thunder-kings-preview-121514","odds":"/nba/odds#27861","tickets":"http://www.awin1.com/cread.php?awinmid=4292&awinaffid=143258&clickref=nba&p=http://www.ticketsnow.com/InventoryBrowse/TicketList.aspx?PID=1607299"}}]