[{"Id":27525,"GameState":2,"Date":"2014-11-23 18:00","SeasonType":1,"GameType":1,"AwayTeamId":25,"AwayLeader":"L Aldridge 20 pts","HomeTeamId":1,"HomeLeader":"J Sullinger 19 pts","AwayRecord":"10-3","HomeRecord":"4-8","AwayScore":94,"HomeScore":88,"WinningTeamId":25,"Links":{"gametrax":"/nba/gameTrax?gameId=2014112302","boxscore":"/nba/boxscore?gameId=2014112302","recap":"http://www.foxsports.com/nba/story/portland-trail-blazers-top-boston-celtics-extend-winning-streak-to-7-games-112314","preview":"http://www.foxsports.com/nba/story/trail-blazers-celtics-preview-112214","odds":"/nba/odds#27525","tickets":"http://www.awin1.com/cread.php?awinmid=4292&awinaffid=143258&clickref=nba&p=http://www.ticketsnow.com/InventoryBrowse/TicketList.aspx?PID=1605868"}},{"Id":28345,"GameState":2,"Date":"2014-11-23 18:00","SeasonType":1,"GameType":1,"AwayTeamId":32,"AwayLeader":"A Jefferson 22 pts","HomeTeamId":2,"HomeLeader":"L Deng 26 pts","AwayRecord":"4-10","HomeRecord":"8-6","AwayScore":93,"HomeScore":94,"WinningTeamId":2,"Links":{"gametrax":"/nba/gameTrax?gameId=2014112314","boxscore":"/nba/boxscore?gameId=2014112314","recap":"http://www.foxsports.com/nba/story/miami-heat-prevail-when-charlotte-hornets-miss-at-buzzer-for-fifth-straight-loss-112314","preview":"http://www.foxsports.com/nba/story/hornets-heat-preview-112214","odds":"/nba/odds#28345","tickets":"http://www.awin1.com/cread.php?awinmid=4292&awinaffid=143258&clickref=nba&p=http://www.ticketsnow.com/InventoryBrowse/TicketList.aspx?PID=1606471"}},{"Id":28550,"GameState":2,"Date":"2014-11-23 18:00","SeasonType":1,"GameType":1,"AwayTeamId":22,"AwayLeader":"C Paul 22 pts","HomeTeamId":31,"HomeLeader":"M Gasol 30 pts","AwayRecord":"7-5","HomeRecord":"12-2","AwayScore":91,"HomeScore":107,"WinningTeamId":31,"Links":{"gametrax":"/nba/gameTrax?gameId=2014112329","boxscore":"/nba/boxscore?gameId=2014112329","recap":"http://www.foxsports.com/nba/story/memphis-grizzlies-beat-los-angeles-clippers-to-maintain-league-s-best-record-112314","preview":"http://www.foxsports.com/nba/story/clippers-grizzlies-preview-112214","odds":"/nba/odds#28550","tickets":"http://www.awin1.com/cread.php?awinmid=4292&awinaffid=143258&clickref=nba&p=http://www.ticketsnow.com/InventoryBrowse/TicketList.aspx?PID=1606425"}},{"Id":28590,"GameState":2,"Date":"2014-11-23 19:00","SeasonType":1,"GameType":1,"AwayTeamId":21,"AwayLeader":"M Speights 28 pts","HomeTeamId":27,"HomeLeader":"R Jackson 22 pts","AwayRecord":"10-2","HomeRecord":"3-12","AwayScore":91,"HomeScore":86,"WinningTeamId":21,"Links":{"gametrax":"/nba/gameTrax?gameId=2014112325","boxscore":"/nba/boxscore?gameId=2014112325","recap":"http://www.foxsports.com/nba/story/marreese-speights-scores-28-to-lead-golden-state-warriors-over-oklahoma-city-thunder-112314","preview":"http://www.foxsports.com/nba/story/warriors-thunder-preview-112214","odds":"/nba/odds#28590","tickets":"http://www.awin1.com/cread.php?awinmid=4292&awinaffid=143258&clickref=nba&p=http://www.ticketsnow.com/InventoryBrowse/TicketList.aspx?PID=1607126"}},{"Id":28221,"GameState":2,"FinalText":"OT","Date":"2014-11-23 21:30","SeasonType":1,"GameType":1,"AwayTeamId":16,"AwayLeader":"W Chandler 19 pts","HomeTeamId":23,"HomeLeader":"K Bryant 27 pts","AwayRecord":"6-7","HomeRecord":"3-11","AwayScore":101,"HomeScore":94,"WinningTeamId":16,"Links":{"gametrax":"/nba/gameTrax?gameId=2014112313","boxscore":"/nba/boxscore?gameId=2014112313","recap":"http://www.foxsports.com/nba/story/denver-nuggets-top-los-angeles-lakers-in-overtime-112414","preview":"#","odds":"/nba/odds#28221","tickets":"http://www.awin1.com/cread.php?awinmid=4292&awinaffid=143258&clickref=nba&p=http://www.ticketsnow.com/InventoryBrowse/TicketList.aspx?PID=1606378"}}]