[{"Id":27647,"GameState":2,"Date":"2014-11-21 19:00","SeasonType":1,"GameType":1,"AwayTeamId":24,"AwayLeader":"I Thomas 23 pts","HomeTeamId":6,"HomeLeader":"M Carter-Williams 18 pts","AwayRecord":"8-5","HomeRecord":"0-12","AwayScore":122,"HomeScore":96,"WinningTeamId":24,"Links":{"gametrax":"/nba/gameTrax?gameId=2014112120","boxscore":"/nba/boxscore?gameId=2014112120","recap":"http://www.foxsports.com/nba/story/suns-dominate-in-romp-past-winless-76ers-122-96-112114","preview":"http://www.foxsports.com/nba/story/suns-76ers-preview-112014","odds":"/nba/odds#27647","tickets":"http://www.awin1.com/cread.php?awinmid=4292&awinaffid=143258&clickref=nba&p=http://www.ticketsnow.com/InventoryBrowse/TicketList.aspx?PID=1607571"}},{"Id":28630,"GameState":2,"Date":"2014-11-21 19:00","SeasonType":1,"GameType":1,"AwayTeamId":5,"AwayLeader":"E Fournier 21 pts","HomeTeamId":32,"HomeLeader":"A Jefferson 24 pts","AwayRecord":"6-8","HomeRecord":"4-9","AwayScore":105,"HomeScore":100,"WinningTeamId":5,"Links":{"gametrax":"/nba/gameTrax?gameId=2014112130","boxscore":"/nba/boxscore?gameId=2014112130","recap":"http://www.foxsports.com/nba/story/magic-erase-23-point-deficit-beat-hornets-112114","preview":"http://www.foxsports.com/nba/story/magic-hornets-preview-112114","odds":"/nba/odds#28630","tickets":"http://www.awin1.com/cread.php?awinmid=4292&awinaffid=143258&clickref=nba&p=http://www.ticketsnow.com/InventoryBrowse/TicketList.aspx?PID=1605922"}},{"Id":28100,"GameState":2,"Date":"2014-11-21 19:30","SeasonType":1,"GameType":1,"AwayTeamId":14,"AwayLeader":"J Parker 15 pts","HomeTeamId":30,"HomeLeader":"L Williams 22 pts","AwayRecord":"7-6","HomeRecord":"10-2","AwayScore":82,"HomeScore":124,"WinningTeamId":30,"Links":{"gametrax":"/nba/gameTrax?gameId=2014112128","boxscore":"/nba/boxscore?gameId=2014112128","recap":"http://www.foxsports.com/nba/story/lou-williams-leads-raptors-past-bucks-112114","preview":"http://www.foxsports.com/nba/story/bucks-raptors-preview-112114","odds":"/nba/odds#28100"}},{"Id":28261,"GameState":2,"Date":"2014-11-21 19:30","SeasonType":1,"GameType":1,"AwayTeamId":12,"AwayLeader":"J Smith 16 pts","HomeTeamId":8,"HomeLeader":"J Teague 28 pts","AwayRecord":"3-10","HomeRecord":"6-5","AwayScore":89,"HomeScore":99,"WinningTeamId":8,"Links":{"gametrax":"/nba/gameTrax?gameId=2014112101","boxscore":"/nba/boxscore?gameId=2014112101","recap":"http://www.foxsports.com/nba/story/teague-has-28-hawks-hold-off-pistons-99-89-112114","preview":"http://www.foxsports.com/nba/story/pistons-hawks-preview-112014","odds":"/nba/odds#28261","tickets":"http://www.awin1.com/cread.php?awinmid=4292&awinaffid=143258&clickref=nba&p=http://www.ticketsnow.com/InventoryBrowse/TicketList.aspx?PID=1605817"}},{"Id":27606,"GameState":2,"Date":"2014-11-21 20:00","SeasonType":1,"GameType":1,"AwayTeamId":11,"AwayLeader":"K Irving 22 pts","HomeTeamId":7,"HomeLeader":"J Wall 28 pts","AwayRecord":"5-6","HomeRecord":"8-3","AwayScore":78,"HomeScore":91,"WinningTeamId":7,"Links":{"gametrax":"/nba/gameTrax?gameId=2014112127","boxscore":"/nba/boxscore?gameId=2014112127","recap":"http://www.foxsports.com/nba/story/wizards-hand-cavaliers-3rd-straight-loss-112114","preview":"http://www.foxsports.com/nba/story/cavaliers-wizards-preview-112114","odds":"/nba/odds#27606","tickets":"http://www.awin1.com/cread.php?awinmid=4292&awinaffid=143258&clickref=nba&p=http://www.ticketsnow.com/InventoryBrowse/TicketList.aspx?PID=1607378"}},{"Id":27933,"GameState":2,"Date":"2014-11-21 20:00","SeasonType":1,"GameType":1,"AwayTeamId":19,"AwayLeader":"T Parker 28 pts","HomeTeamId":18,"HomeLeader":"A Bennett 20 pts","AwayRecord":"8-4","HomeRecord":"3-8","AwayScore":121,"HomeScore":92,"WinningTeamId":19,"Links":{"gametrax":"/nba/gameTrax?gameId=2014112116","boxscore":"/nba/boxscore?gameId=2014112116","recap":"http://www.foxsports.com/nba/story/tony-parker-helps-spurs-carve-up-wolves-112114","preview":"http://www.foxsports.com/nba/story/spurs-timberwolves-preview-112014","odds":"/nba/odds#27933","tickets":"http://www.awin1.com/cread.php?awinmid=4292&awinaffid=143258&clickref=nba&p=http://www.ticketsnow.com/InventoryBrowse/TicketList.aspx?PID=1606742"}},{"Id":28549,"GameState":2,"Date":"2014-11-21 20:00","SeasonType":1,"GameType":1,"AwayTeamId":1,"AwayLeader":"K Olynyk 18 pts","HomeTeamId":31,"HomeLeader":"M Gasol 32 pts","AwayRecord":"4-7","HomeRecord":"11-2","AwayScore":100,"HomeScore":117,"WinningTeamId":31,"Links":{"gametrax":"/nba/gameTrax?gameId=2014112129","boxscore":"/nba/boxscore?gameId=2014112129","recap":"http://www.foxsports.com/nba/story/marc-gasol-scores-32-as-grizzlies-beat-celtics-112114","preview":"http://www.foxsports.com/nba/story/celtics-grizzlies-preview-112014","odds":"/nba/odds#28549","tickets":"http://www.awin1.com/cread.php?awinmid=4292&awinaffid=143258&clickref=nba&p=http://www.ticketsnow.com/InventoryBrowse/TicketList.aspx?PID=1606424"}},{"Id":28589,"GameState":2,"Date":"2014-11-21 20:00","SeasonType":1,"GameType":1,"AwayTeamId":3,"AwayLeader":"J Jack 23 pts","HomeTeamId":27,"HomeLeader":"R Jackson 21 pts","AwayRecord":"5-7","HomeRecord":"3-11","AwayScore":94,"HomeScore":92,"WinningTeamId":3,"Links":{"gametrax":"/nba/gameTrax?gameId=2014112125","boxscore":"/nba/boxscore?gameId=2014112125","recap":"http://www.foxsports.com/nba/story/nets-hold-on-to-beat-thunder-94-92-112114","preview":"http://www.foxsports.com/nba/story/nets-thunder-preview-112014","odds":"/nba/odds#28589","tickets":"http://www.awin1.com/cread.php?awinmid=4292&awinaffid=143258&clickref=nba&p=http://www.ticketsnow.com/InventoryBrowse/TicketList.aspx?PID=1607125"}},{"Id":28385,"GameState":2,"Date":"2014-11-21 20:30","SeasonType":1,"GameType":1,"AwayTeamId":23,"AwayLeader":"J Lin 18 pts","HomeTeamId":15,"HomeLeader":"D Nowitzki 23 pts","AwayRecord":"3-10","HomeRecord":"10-3","AwayScore":106,"HomeScore":140,"WinningTeamId":15,"Links":{"gametrax":"/nba/gameTrax?gameId=2014112106","boxscore":"/nba/boxscore?gameId=2014112106","recap":"http://www.foxsports.com/nba/story/dirk-nowitzki-mavericks-roll-over-lakers-112114","preview":"http://www.foxsports.com/nba/story/lakers-mavericks-preview-112014","odds":"/nba/odds#28385","tickets":"http://www.awin1.com/cread.php?awinmid=4292&awinaffid=143258&clickref=nba&p=http://www.ticketsnow.com/InventoryBrowse/TicketList.aspx?PID=1606015"}},{"Id":28138,"GameState":2,"Date":"2014-11-21 21:00","SeasonType":1,"GameType":1,"AwayTeamId":9,"AwayLeader":"A Davis 18 pts","HomeTeamId":16,"HomeLeader":"K Faried 19 pts","AwayRecord":"6-5","HomeRecord":"5-7","AwayScore":97,"HomeScore":117,"WinningTeamId":16,"Links":{"gametrax":"/nba/gameTrax?gameId=2014112107","boxscore":"/nba/boxscore?gameId=2014112107","recap":"http://www.foxsports.com/nba/story/afflalo-faried-lead-nuggets-past-pelicans-117-97-112114","preview":"http://www.foxsports.com/nba/story/pelicans-nuggets-preview-112014","odds":"/nba/odds#28138","tickets":"http://www.awin1.com/cread.php?awinmid=4292&awinaffid=143258&clickref=nba&p=http://www.ticketsnow.com/InventoryBrowse/TicketList.aspx?PID=1607473"}},{"Id":27688,"GameState":2,"Date":"2014-11-21 22:30","SeasonType":1,"GameType":1,"AwayTeamId":20,"AwayLeader":"E Kanter 18 pts","HomeTeamId":21,"HomeLeader":"A Iguodala 17 pts","AwayRecord":"5-8","HomeRecord":"9-2","AwayScore":88,"HomeScore":101,"WinningTeamId":21,"Links":{"gametrax":"/nba/gameTrax?gameId=2014112109","boxscore":"/nba/boxscore?gameId=2014112109","recap":"http://www.foxsports.com/nba/story/warriors-roll-past-jazz-112214","preview":"http://www.foxsports.com/nba/story/jazz-warriors-preview-112114","odds":"/nba/odds#27688","tickets":"http://www.awin1.com/cread.php?awinmid=4292&awinaffid=143258&clickref=nba&p=http://www.ticketsnow.com/InventoryBrowse/TicketList.aspx?PID=1606204"}},{"Id":28019,"GameState":2,"Date":"2014-11-21 22:30","SeasonType":1,"GameType":1,"AwayTeamId":10,"AwayLeader":"N Mirotic 24 pts","HomeTeamId":25,"HomeLeader":"D Lillard 21 pts","AwayRecord":"8-5","HomeRecord":"9-3","AwayScore":87,"HomeScore":105,"WinningTeamId":25,"Links":{"gametrax":"/nba/gameTrax?gameId=2014112122","boxscore":"/nba/boxscore?gameId=2014112122","recap":"http://www.foxsports.com/nba/story/taj-gibson-hurt-as-bulls-fall-to-trail-blazers-112214","preview":"http://www.foxsports.com/nba/story/bulls-trail-blazers-preview-112114","odds":"/nba/odds#28019","tickets":"http://www.awin1.com/cread.php?awinmid=4292&awinaffid=143258&clickref=nba&p=http://www.ticketsnow.com/InventoryBrowse/TicketList.aspx?PID=1607658"}}]