[{"Id":28711,"GameState":2,"Date":"2014-11-09 15:30","SeasonType":1,"GameType":1,"AwayTeamId":5,"AwayLeader":"N Vucevic 27 pts","HomeTeamId":3,"HomeLeader":"B Bogdanovic 22 pts","AwayRecord":"2-5","HomeRecord":"4-2","AwayScore":96,"HomeScore":104,"WinningTeamId":3,"Links":{"gametrax":"/nba/gameTrax?gameId=2014110917","boxscore":"/nba/boxscore?gameId=2014110917","recap":"http://www.foxsports.com/nba/story/bojan-bogdanovic-scores-22-to-lead-nets-over-magic-110914","preview":"http://www.foxsports.com/nba/story/magic-nets-preview-110814","odds":"/nba/odds#28711","tickets":"http://www.awin1.com/cread.php?awinmid=4292&awinaffid=143258&clickref=nba&p=http://www.ticketsnow.com/InventoryBrowse/TicketList.aspx?PID=1605440"}},{"Id":27727,"GameState":2,"Date":"2014-11-09 18:00","SeasonType":1,"GameType":1,"AwayTeamId":20,"AwayLeader":"G Hayward 17 pts","HomeTeamId":12,"HomeLeader":"B Jennings 23 pts","AwayRecord":"3-4","HomeRecord":"2-4","AwayScore":97,"HomeScore":96,"WinningTeamId":20,"Links":{"gametrax":"/nba/gameTrax?gameId=2014110908","boxscore":"/nba/boxscore?gameId=2014110908","recap":"http://www.foxsports.com/nba/story/gordon-hayward-leads-utah-jazz-rally-against-detroit-pistons-110914","preview":"http://www.foxsports.com/nba/story/jazz-pistons-preview-110814","odds":"/nba/odds#27727","tickets":"http://www.awin1.com/cread.php?awinmid=4292&awinaffid=143258&clickref=nba&p=http://www.ticketsnow.com/InventoryBrowse/TicketList.aspx?PID=1606151"}},{"Id":28095,"GameState":2,"Date":"2014-11-09 19:00","SeasonType":1,"GameType":1,"AwayTeamId":6,"AwayLeader":"T Wroten 18 pts","HomeTeamId":30,"HomeLeader":"D DeRozan 24 pts","AwayRecord":"0-7","HomeRecord":"6-1","AwayScore":88,"HomeScore":120,"WinningTeamId":30,"Links":{"gametrax":"/nba/gameTrax?gameId=2014110928","boxscore":"/nba/boxscore?gameId=2014110928","recap":"http://www.foxsports.com/nba/story/toronto-raptors-atop-eastern-conference-after-rout-of-winless-philadelphia-76ers-110914","preview":"http://www.foxsports.com/nba/story/76ers-raptors-preview-110814","odds":"/nba/odds#28095"}},{"Id":28586,"GameState":2,"Date":"2014-11-09 19:00","SeasonType":1,"GameType":1,"AwayTeamId":26,"AwayLeader":"R Gay 23 pts","HomeTeamId":27,"HomeLeader":"R Jackson 22 pts","AwayRecord":"5-2","HomeRecord":"2-5","AwayScore":93,"HomeScore":101,"WinningTeamId":27,"Links":{"gametrax":"/nba/gameTrax?gameId=2014110925","boxscore":"/nba/boxscore?gameId=2014110925","recap":"http://www.foxsports.com/nba/story/reggie-jackson-s-big-fourth-quarter-lifts-oklahoma-city-thunder-over-sacramento-kings-110914","preview":"http://www.foxsports.com/nba/story/kings-thunder-preview-110814","odds":"/nba/odds#28586","tickets":"http://www.awin1.com/cread.php?awinmid=4292&awinaffid=143258&clickref=nba&p=http://www.ticketsnow.com/InventoryBrowse/TicketList.aspx?PID=1607122"}},{"Id":28381,"GameState":2,"Date":"2014-11-09 19:30","SeasonType":1,"GameType":1,"AwayTeamId":2,"AwayLeader":"L Deng 30 pts","HomeTeamId":15,"HomeLeader":"M Ellis 23 pts","AwayRecord":"5-2","HomeRecord":"4-3","AwayScore":105,"HomeScore":96,"WinningTeamId":2,"Links":{"gametrax":"/nba/gameTrax?gameId=2014110906","boxscore":"/nba/boxscore?gameId=2014110906","recap":"http://www.foxsports.com/nba/story/luol-deng-scores-30-points-as-miami-heat-roll-past-dallas-mavericks-110914","preview":"http://www.foxsports.com/nba/story/heat-mavericks-preview-110914","odds":"/nba/odds#28381","tickets":"http://www.awin1.com/cread.php?awinmid=4292&awinaffid=143258&clickref=nba&p=http://www.ticketsnow.com/InventoryBrowse/TicketList.aspx?PID=1606011"}},{"Id":27811,"GameState":2,"Date":"2014-11-09 20:00","SeasonType":1,"GameType":1,"AwayTeamId":21,"AwayLeader":"S Curry 28 pts","HomeTeamId":24,"HomeLeader":"I Thomas 22 pts","AwayRecord":"5-1","HomeRecord":"4-3","AwayScore":95,"HomeScore":107,"WinningTeamId":24,"Links":{"gametrax":"/nba/gameTrax?gameId=2014110921","boxscore":"/nba/boxscore?gameId=2014110921","recap":"http://www.foxsports.com/nba/story/phoenix-suns-hand-golden-state-warriors-their-first-loss-of-season-110914","preview":"http://www.foxsports.com/nba/story/warriors-suns-preview-110914","odds":"/nba/odds#27811","tickets":"http://www.awin1.com/cread.php?awinmid=4292&awinaffid=143258&clickref=nba&p=http://www.ticketsnow.com/InventoryBrowse/TicketList.aspx?PID=1607241"}},{"Id":28015,"GameState":2,"Date":"2014-11-09 21:00","SeasonType":1,"GameType":1,"AwayTeamId":16,"AwayLeader":"K Faried 19 pts","HomeTeamId":25,"HomeLeader":"L Aldridge 28 pts","AwayRecord":"1-5","HomeRecord":"4-3","AwayScore":100,"HomeScore":116,"WinningTeamId":25,"Links":{"gametrax":"/nba/gameTrax?gameId=2014110922","boxscore":"/nba/boxscore?gameId=2014110922","recap":"http://www.foxsports.com/nba/story/lamarcus-aldridge-scores-28-points-as-portland-trail-blazers-hand-denver-nuggets-their-5th-straight-loss-110914","preview":"http://www.foxsports.com/nba/story/nuggets-trail-blazers-preview-110814","odds":"/nba/odds#28015","tickets":"http://www.awin1.com/cread.php?awinmid=4292&awinaffid=143258&clickref=nba&p=http://www.ticketsnow.com/InventoryBrowse/TicketList.aspx?PID=1607655"}},{"Id":28218,"GameState":2,"Date":"2014-11-09 21:30","SeasonType":1,"GameType":1,"AwayTeamId":32,"AwayLeader":"A Jefferson 23 pts","HomeTeamId":23,"HomeLeader":"K Bryant 21 pts","AwayRecord":"3-4","HomeRecord":"1-5","AwayScore":92,"HomeScore":107,"WinningTeamId":23,"Links":{"gametrax":"/nba/gameTrax?gameId=2014110913","boxscore":"/nba/boxscore?gameId=2014110913","recap":"http://www.foxsports.com/nba/story/lakers-beat-hornets-107-92-for-1st-win-of-season-110914","preview":"http://www.foxsports.com/nba/story/hornets-lakers-preview-110814","odds":"/nba/odds#28218","tickets":"http://www.awin1.com/cread.php?awinmid=4292&awinaffid=143258&clickref=nba&p=http://www.ticketsnow.com/InventoryBrowse/TicketList.aspx?PID=1606375"}}]