[{"Id":27760,"GameState":2,"Date":"2015-03-31 19:30","SeasonType":1,"GameType":1,"AwayTeamId":8,"AwayLeader":"T Sefolosha 19 pts","HomeTeamId":12,"HomeLeader":"A Drummond 22 pts","AwayRecord":"56-19","HomeRecord":"29-45","AwayScore":95,"HomeScore":105,"WinningTeamId":12,"Links":{"gametrax":"/nba/gameTrax?gameId=2015033108","boxscore":"/nba/boxscore?gameId=2015033108","recap":"http://www.foxsports.com/nba/story/atlanta-hawks-fool-around-with-platoon-fall-to-detroit-pistons-033115","preview":"http://www.foxsports.com/nba/story/hawks-pistons-preview-033115","odds":"/nba/odds#27760","tickets":"http://www.awin1.com/cread.php?awinmid=4292&awinaffid=143258&clickref=nba&p=http://www.ticketsnow.com/InventoryBrowse/TicketList.aspx?PID=1606186"}},{"Id":28743,"GameState":2,"Date":"2015-03-31 19:30","SeasonType":1,"GameType":1,"AwayTeamId":13,"AwayLeader":"G Hill 28 pts","HomeTeamId":3,"HomeLeader":"B Lopez 24 pts","AwayRecord":"32-42","HomeRecord":"33-40","AwayScore":106,"HomeScore":111,"WinningTeamId":3,"Links":{"gametrax":"/nba/gameTrax?gameId=2015033117","boxscore":"/nba/boxscore?gameId=2015033117","recap":"http://www.foxsports.com/nba/story/brooklyn-nets-beat-indiana-pacers-to-reclaim-final-playoff-position-in-eastern-conference-033115","preview":"http://www.foxsports.com/nba/story/pacers-nets-preview-033015","odds":"/nba/odds#28743","tickets":"http://www.awin1.com/cread.php?awinmid=4292&awinaffid=143258&clickref=nba&p=http://www.ticketsnow.com/InventoryBrowse/TicketList.aspx?PID=1605473"}},{"Id":28374,"GameState":2,"Date":"2015-03-31 20:00","SeasonType":1,"GameType":1,"AwayTeamId":19,"AwayLeader":"K Leonard 22 pts","HomeTeamId":2,"HomeLeader":"G Dragic 19 pts","AwayRecord":"48-26","HomeRecord":"34-40","AwayScore":95,"HomeScore":81,"WinningTeamId":19,"Links":{"gametrax":"/nba/gameTrax?gameId=2015033114","boxscore":"/nba/boxscore?gameId=2015033114","recap":"http://www.foxsports.com/nba/story/kawhi-leonard-excels-in-san-antonio-spurs-win-over-miami-heat-033115","preview":"http://www.foxsports.com/nba/story/spurs-heat-preview-033015","odds":"/nba/odds#28374","tickets":"http://www.awin1.com/cread.php?awinmid=4292&awinaffid=143258&clickref=nba&p=http://www.ticketsnow.com/InventoryBrowse/TicketList.aspx?PID=1606503"}},{"Id":28211,"GameState":2,"Date":"2015-03-31 22:30","SeasonType":1,"GameType":1,"AwayTeamId":21,"AwayLeader":"S Curry 27 pts","HomeTeamId":22,"HomeLeader":"B Griffin 40 pts","AwayRecord":"61-13","HomeRecord":"49-26","AwayScore":110,"HomeScore":106,"WinningTeamId":21,"Links":{"gametrax":"/nba/gameTrax?gameId=2015033112","boxscore":"/nba/boxscore?gameId=2015033112","recap":"http://www.foxsports.com/nba/story/curry-and-thompson-help-warriors-beat-clippers-110-106-040115","preview":"http://www.foxsports.com/nba/story/warriors-clippers-preview-033015","odds":"/nba/odds#28211","tickets":"http://www.awin1.com/cread.php?awinmid=4292&awinaffid=143258&clickref=nba&p=http://www.ticketsnow.com/InventoryBrowse/TicketList.aspx?PID=1606337"}}]