[{"Id":27901,"GameState":2,"Date":"2014-12-17 19:00","SeasonType":1,"GameType":1,"AwayTeamId":8,"AwayLeader":"S Mack 24 pts","HomeTeamId":11,"HomeLeader":"L James 21 pts","AwayRecord":"18-7","HomeRecord":"14-10","AwayScore":127,"HomeScore":98,"WinningTeamId":8,"Links":{"gametrax":"/nba/gameTrax?gameId=2014121705","boxscore":"/nba/boxscore?gameId=2014121705","recap":"http://www.foxsports.com/nba/story/atlanta-hawks-send-cleveland-cavaliers-to-their-largest-loss-of-season-121714","preview":"http://www.foxsports.com/nba/story/hawks-cavaliers-preview-121714","odds":"/nba/odds#27901","tickets":"http://www.awin1.com/cread.php?awinmid=4292&awinaffid=143258&clickref=nba&p=http://www.ticketsnow.com/InventoryBrowse/TicketList.aspx?PID=1607430"}},{"Id":28638,"GameState":2,"Date":"2014-12-17 19:00","SeasonType":1,"GameType":1,"AwayTeamId":24,"AwayLeader":"I Thomas 23 pts","HomeTeamId":32,"HomeLeader":"A Jefferson 28 pts","AwayRecord":"13-14","HomeRecord":"6-19","AwayScore":111,"HomeScore":106,"WinningTeamId":24,"Links":{"gametrax":"/nba/gameTrax?gameId=2014121730","boxscore":"/nba/boxscore?gameId=2014121730","recap":"http://www.foxsports.com/nba/story/phoenix-suns-snap-6-game-losing-streak-with-road-victory-over-charlotte-hornets-121714","preview":"http://www.foxsports.com/nba/story/suns-hornets-preview-121614","odds":"/nba/odds#28638","tickets":"http://www.awin1.com/cread.php?awinmid=4292&awinaffid=143258&clickref=nba&p=http://www.ticketsnow.com/InventoryBrowse/TicketList.aspx?PID=1605930"}},{"Id":27532,"GameState":2,"Date":"2014-12-17 19:30","SeasonType":1,"GameType":1,"AwayTeamId":5,"AwayLeader":"N Vucevic 18 pts","HomeTeamId":1,"HomeLeader":"B Bass 18 pts","AwayRecord":"10-18","HomeRecord":"9-14","AwayScore":92,"HomeScore":109,"WinningTeamId":1,"Links":{"gametrax":"/nba/gameTrax?gameId=2014121702","boxscore":"/nba/boxscore?gameId=2014121702","recap":"http://www.foxsports.com/nba/story/rajon-rondo-carries-boston-celtics-past-orlando-magic-121714","preview":"http://www.foxsports.com/nba/story/magic-celtics-preview-121614","odds":"/nba/odds#27532","tickets":"http://www.awin1.com/cread.php?awinmid=4292&awinaffid=143258&clickref=nba&p=http://www.ticketsnow.com/InventoryBrowse/TicketList.aspx?PID=1605874"}},{"Id":27737,"GameState":2,"Date":"2014-12-17 19:30","SeasonType":1,"GameType":1,"AwayTeamId":15,"AwayLeader":"C Parsons 32 pts","HomeTeamId":12,"HomeLeader":"A Drummond 19 pts","AwayRecord":"19-8","HomeRecord":"5-21","AwayScore":117,"HomeScore":106,"WinningTeamId":15,"Links":{"gametrax":"/nba/gameTrax?gameId=2014121708","boxscore":"/nba/boxscore?gameId=2014121708","recap":"http://www.foxsports.com/nba/story/chandler-parsons-scores-32-leads-dallas-mavericks-over-detroit-pistons-121714","preview":"#","odds":"/nba/odds#27737","tickets":"http://www.awin1.com/cread.php?awinmid=4292&awinaffid=143258&clickref=nba&p=http://www.ticketsnow.com/InventoryBrowse/TicketList.aspx?PID=1606161"}},{"Id":28349,"GameState":2,"Date":"2014-12-17 19:30","SeasonType":1,"GameType":1,"AwayTeamId":20,"AwayLeader":"G Hayward 29 pts","HomeTeamId":2,"HomeLeader":"D Wade 42 pts","AwayRecord":"7-19","HomeRecord":"12-14","AwayScore":105,"HomeScore":87,"WinningTeamId":20,"Links":{"gametrax":"/nba/gameTrax?gameId=2014121714","boxscore":"/nba/boxscore?gameId=2014121714","recap":"http://www.foxsports.com/nba/story/jazz-add-to-heat-woes-top-miami-105-87-121714","preview":"#","odds":"/nba/odds#28349","tickets":"http://www.awin1.com/cread.php?awinmid=4292&awinaffid=143258&clickref=nba&p=http://www.ticketsnow.com/InventoryBrowse/TicketList.aspx?PID=1606474"}},{"Id":28107,"GameState":2,"Date":"2014-12-17 20:00","SeasonType":1,"GameType":1,"AwayTeamId":3,"AwayLeader":"M Plumlee 23 pts","HomeTeamId":30,"HomeLeader":"K Lowry 20 pts","AwayRecord":"10-14","HomeRecord":"20-6","AwayScore":89,"HomeScore":105,"WinningTeamId":30,"Links":{"gametrax":"/nba/gameTrax?gameId=2014121728","boxscore":"/nba/boxscore?gameId=2014121728","recap":"http://www.foxsports.com/nba/story/kyle-lowry-scores-20-points-helps-toronto-raptors-down-brooklyn-nets-121714","preview":"http://www.foxsports.com/nba/story/nets-raptors-preview-121714","odds":"/nba/odds#28107"}},{"Id":28471,"GameState":2,"FinalText":"3OT","Date":"2014-12-17 20:30","SeasonType":1,"GameType":1,"AwayTeamId":31,"AwayLeader":"M Gasol 26 pts","HomeTeamId":19,"HomeLeader":"D Green 25 pts","AwayRecord":"21-4","HomeRecord":"17-9","AwayScore":117,"HomeScore":116,"WinningTeamId":31,"Links":{"gametrax":"/nba/gameTrax?gameId=2014121724","boxscore":"/nba/boxscore?gameId=2014121724","recap":"http://www.foxsports.com/nba/story/grizzlies-outlast-spurs-117-116-in-3-overtimes-121714","preview":"#","odds":"/nba/odds#28471","tickets":"http://www.awin1.com/cread.php?awinmid=4292&awinaffid=143258&clickref=nba&p=http://www.ticketsnow.com/InventoryBrowse/TicketList.aspx?PID=1607340"}},{"Id":28024,"GameState":2,"Date":"2014-12-17 22:00","SeasonType":1,"GameType":1,"AwayTeamId":14,"AwayLeader":"B Knight 24 pts","HomeTeamId":25,"HomeLeader":"D Lillard 29 pts","AwayRecord":"13-13","HomeRecord":"20-6","AwayScore":97,"HomeScore":104,"WinningTeamId":25,"Links":{"gametrax":"/nba/gameTrax?gameId=2014121722","boxscore":"/nba/boxscore?gameId=2014121722","recap":"http://www.foxsports.com/nba/story/portland-trail-blazers-rally-past-milwaukee-bucks-121814","preview":"http://www.foxsports.com/nba/story/bucks-trail-blazers-preview-121614","odds":"/nba/odds#28024","tickets":"http://www.awin1.com/cread.php?awinmid=4292&awinaffid=143258&clickref=nba&p=http://www.ticketsnow.com/InventoryBrowse/TicketList.aspx?PID=1607663"}},{"Id":28144,"GameState":2,"FinalText":"OT","Date":"2014-12-17 22:30","SeasonType":1,"GameType":1,"AwayTeamId":17,"AwayLeader":"J Harden 41 pts","HomeTeamId":16,"HomeLeader":"W Chandler 23 pts","AwayRecord":"19-5","HomeRecord":"10-15","AwayScore":115,"HomeScore":111,"WinningTeamId":17,"Links":{"gametrax":"/nba/gameTrax?gameId=2014121707","boxscore":"/nba/boxscore?gameId=2014121707","recap":"http://www.foxsports.com/nba/story/houston-rockets-beat-denver-nuggets-in-ot-as-james-harden-scores-41-121814","preview":"#","odds":"/nba/odds#28144","tickets":"http://www.awin1.com/cread.php?awinmid=4292&awinaffid=143258&clickref=nba&p=http://www.ticketsnow.com/InventoryBrowse/TicketList.aspx?PID=1607479"}},{"Id":28186,"GameState":2,"Date":"2014-12-17 22:30","SeasonType":1,"GameType":1,"AwayTeamId":13,"AwayLeader":"D West 17 pts","HomeTeamId":22,"HomeLeader":"B Griffin 31 pts","AwayRecord":"8-18","HomeRecord":"18-7","AwayScore":100,"HomeScore":102,"WinningTeamId":22,"Links":{"gametrax":"/nba/gameTrax?gameId=2014121712","boxscore":"/nba/boxscore?gameId=2014121712","recap":"http://www.foxsports.com/nba/story/los-angeles-clippers-edge-indiana-pacers-as-blake-griffin-leads-way-121814","preview":"http://www.foxsports.com/nba/story/pacers-clippers-preview-121614","odds":"/nba/odds#28186","tickets":"http://www.awin1.com/cread.php?awinmid=4292&awinaffid=143258&clickref=nba&p=http://www.ticketsnow.com/InventoryBrowse/TicketList.aspx?PID=1606312"}}]