[{"Id":28660,"GameState":2,"Date":"2015-03-28 19:00","SeasonType":1,"GameType":1,"AwayTeamId":8,"AwayLeader":"K Bazemore 20 pts","HomeTeamId":32,"HomeLeader":"K Walker 21 pts","AwayRecord":"55-18","HomeRecord":"31-41","AwayScore":100,"HomeScore":115,"WinningTeamId":32,"Links":{"gametrax":"/nba/gameTrax?gameId=2015032830","boxscore":"/nba/boxscore?gameId=2015032830","recap":"http://www.foxsports.com/nba/story/charlotte-hornets-top-atlanta-hawks-backups-032815","preview":"http://www.foxsports.com/nba/story/hawks-hornets-preview-032815","odds":"/nba/odds#28660","tickets":"http://www.awin1.com/cread.php?awinmid=4292&awinaffid=143258&clickref=nba&p=http://www.ticketsnow.com/InventoryBrowse/TicketList.aspx?PID=1605951"}},{"Id":28007,"GameState":2,"Date":"2015-03-28 20:00","SeasonType":1,"GameType":1,"AwayTeamId":4,"AwayLeader":"A Bargnani 14 pts","HomeTeamId":10,"HomeLeader":"N Mirotic 24 pts","AwayRecord":"14-60","HomeRecord":"45-29","AwayScore":80,"HomeScore":111,"WinningTeamId":10,"Links":{"gametrax":"/nba/gameTrax?gameId=2015032804","boxscore":"/nba/boxscore?gameId=2015032804","recap":"http://www.foxsports.com/nba/story/chicago-bulls-deal-new-york-knicks-franchise-record-60th-loss-in-rout-032815","preview":"http://www.foxsports.com/nba/story/knicks-bulls-preview-032815","odds":"/nba/odds#28007","tickets":"http://www.awin1.com/cread.php?awinmid=4292&awinaffid=143258&clickref=nba&p=http://www.ticketsnow.com/InventoryBrowse/TicketList.aspx?PID=1605999"}},{"Id":28086,"GameState":2,"Date":"2015-03-28 20:30","SeasonType":1,"GameType":1,"AwayTeamId":21,"AwayLeader":"S Curry 25 pts","HomeTeamId":14,"HomeLeader":"K Middleton 14 pts","AwayRecord":"60-13","HomeRecord":"36-37","AwayScore":108,"HomeScore":95,"WinningTeamId":21,"Links":{"gametrax":"/nba/gameTrax?gameId=2015032815","boxscore":"/nba/boxscore?gameId=2015032815","recap":"http://www.foxsports.com/nba/story/golden-state-warriors-clinch-top-seed-in-west-with-win-over-bucks-032815","preview":"http://www.foxsports.com/nba/story/warriors-bucks-preview-032815","odds":"/nba/odds#28086","tickets":"http://www.awin1.com/cread.php?awinmid=4292&awinaffid=143258&clickref=nba&p=http://www.ticketsnow.com/InventoryBrowse/TicketList.aspx?PID=1606551"}},{"Id":27596,"GameState":2,"Date":"2015-03-28 21:00","SeasonType":1,"GameType":1,"AwayTeamId":27,"AwayLeader":"R Westbrook 37 pts","HomeTeamId":20,"HomeLeader":"T Burke 22 pts","AwayRecord":"41-32","HomeRecord":"32-41","AwayScore":89,"HomeScore":94,"WinningTeamId":20,"Links":{"gametrax":"/nba/gameTrax?gameId=2015032826","boxscore":"/nba/boxscore?gameId=2015032826","recap":"http://www.foxsports.com/nba/story/utah-jazz-rally-past-oklahoma-city-thunder-032815","preview":"http://www.foxsports.com/nba/story/thunder-jazz-preview-032815","odds":"/nba/odds#27596","tickets":"http://www.awin1.com/cread.php?awinmid=4292&awinaffid=143258&clickref=nba&p=http://www.ticketsnow.com/InventoryBrowse/TicketList.aspx?PID=1607648"}},{"Id":28046,"GameState":2,"Date":"2015-03-28 22:00","SeasonType":1,"GameType":1,"AwayTeamId":16,"AwayLeader":"J Nelson 22 pts","HomeTeamId":25,"HomeLeader":"L Aldridge 32 pts","AwayRecord":"28-46","HomeRecord":"47-25","AwayScore":114,"HomeScore":120,"WinningTeamId":25,"Links":{"gametrax":"/nba/gameTrax?gameId=2015032822","boxscore":"/nba/boxscore?gameId=2015032822","recap":"http://www.foxsports.com/nba/story/portland-trail-blazers-top-denver-nuggets-032915","preview":"http://www.foxsports.com/nba/story/nuggets-trail-blazers-preview-032815","odds":"/nba/odds#28046","tickets":"http://www.awin1.com/cread.php?awinmid=4292&awinaffid=143258&clickref=nba&p=http://www.ticketsnow.com/InventoryBrowse/TicketList.aspx?PID=1607685"}}]