[{"Id":27907,"GameState":2,"Date":"2015-01-04 13:00","SeasonType":1,"GameType":1,"AwayTeamId":15,"AwayLeader":"M Ellis 20 pts","HomeTeamId":11,"HomeLeader":"K Love 30 pts","AwayRecord":"25-10","HomeRecord":"19-15","AwayScore":109,"HomeScore":90,"WinningTeamId":15,"Links":{"gametrax":"/nba/gameTrax?gameId=2015010405","boxscore":"/nba/boxscore?gameId=2015010405","recap":"http://www.foxsports.com/nba/story/dallas-mavericks-beat-cleveland-cavaliers-ellis-scores-20-points-010415","preview":"http://www.foxsports.com/nba/story/mavericks-cavaliers-preview-010415","odds":"/nba/odds#27907","tickets":"http://www.awin1.com/cread.php?awinmid=4292&awinaffid=143258&clickref=nba&p=http://www.ticketsnow.com/InventoryBrowse/TicketList.aspx?PID=1607436"}},{"Id":27740,"GameState":2,"Date":"2015-01-04 18:00","SeasonType":1,"GameType":1,"AwayTeamId":26,"AwayLeader":"D Cousins 18 pts","HomeTeamId":12,"HomeLeader":"B Jennings 35 pts","AwayRecord":"14-20","HomeRecord":"10-23","AwayScore":95,"HomeScore":114,"WinningTeamId":12,"Links":{"gametrax":"/nba/gameTrax?gameId=2015010408","boxscore":"/nba/boxscore?gameId=2015010408","recap":"http://www.foxsports.com/nba/story/brandon-jennings-scores-35-to-lead-detroit-pistons-over-sacramento-kings-010415","preview":"http://www.foxsports.com/nba/story/kings-pistons-preview-010315","odds":"/nba/odds#27740","tickets":"http://www.awin1.com/cread.php?awinmid=4292&awinaffid=143258&clickref=nba&p=http://www.ticketsnow.com/InventoryBrowse/TicketList.aspx?PID=1606164"}},{"Id":28356,"GameState":2,"Date":"2015-01-04 18:00","SeasonType":1,"GameType":1,"AwayTeamId":3,"AwayLeader":"J Johnson 19 pts","HomeTeamId":2,"HomeLeader":"C Bosh 26 pts","AwayRecord":"16-17","HomeRecord":"15-20","AwayScore":84,"HomeScore":88,"WinningTeamId":2,"Links":{"gametrax":"/nba/gameTrax?gameId=2015010414","boxscore":"/nba/boxscore?gameId=2015010414","recap":"http://www.foxsports.com/nba/story/miami-heat-chris-bosh-dwyane-wade-combine-for-51-points-in-win-over-brooklyn-nets-010415","preview":"http://www.foxsports.com/nba/story/nets-heat-preview-010415","odds":"/nba/odds#28356","tickets":"http://www.awin1.com/cread.php?awinmid=4292&awinaffid=143258&clickref=nba&p=http://www.ticketsnow.com/InventoryBrowse/TicketList.aspx?PID=1606481"}},{"Id":27782,"GameState":2,"Date":"2015-01-04 19:30","SeasonType":1,"GameType":1,"AwayTeamId":14,"AwayLeader":"B Knight 17 pts","HomeTeamId":4,"HomeLeader":"T Hardaway Jr. 17 pts","AwayRecord":"18-17","HomeRecord":"5-31","AwayScore":95,"HomeScore":82,"WinningTeamId":14,"Links":{"gametrax":"/nba/gameTrax?gameId=2015010418","boxscore":"/nba/boxscore?gameId=2015010418","recap":"http://www.foxsports.com/nba/story/new-york-knicks-fall-to-milwaukee-bucks-for-11th-straight-loss-010415","preview":"http://www.foxsports.com/nba/story/bucks-knicks-preview-010315","odds":"/nba/odds#27782","tickets":"http://www.awin1.com/cread.php?awinmid=4292&awinaffid=143258&clickref=nba&p=http://www.ticketsnow.com/InventoryBrowse/TicketList.aspx?PID=1607031"}},{"Id":27822,"GameState":2,"Date":"2015-01-04 20:00","SeasonType":1,"GameType":1,"AwayTeamId":30,"AwayLeader":"J Valanciunas 21 pts","HomeTeamId":24,"HomeLeader":"E Bledsoe 20 pts","AwayRecord":"24-10","HomeRecord":"20-16","AwayScore":109,"HomeScore":125,"WinningTeamId":24,"Links":{"gametrax":"/nba/gameTrax?gameId=2015010421","boxscore":"/nba/boxscore?gameId=2015010421","recap":"http://www.foxsports.com/nba/story/toronto-raptors-on-three-game-losing-streak-after-loss-to-phoenix-suns-010415","preview":"http://www.foxsports.com/nba/story/raptors-suns-preview-010315","odds":"/nba/odds#27822","tickets":"http://www.awin1.com/cread.php?awinmid=4292&awinaffid=143258&clickref=nba&p=http://www.ticketsnow.com/InventoryBrowse/TicketList.aspx?PID=1607252"}},{"Id":28231,"GameState":2,"Date":"2015-01-04 21:30","SeasonType":1,"GameType":1,"AwayTeamId":13,"AwayLeader":"C Miles 19 pts","HomeTeamId":23,"HomeLeader":"N Young 22 pts","AwayRecord":"13-22","HomeRecord":"11-23","AwayScore":87,"HomeScore":88,"WinningTeamId":23,"Links":{"gametrax":"/nba/gameTrax?gameId=2015010413","boxscore":"/nba/boxscore?gameId=2015010413","recap":"http://www.foxsports.com/nba/story/kobe-bryant-rallies-lakers-past-pacers-88-87-010515","preview":"http://www.foxsports.com/nba/story/pacers-lakers-preview-010315","odds":"/nba/odds#28231","tickets":"http://www.awin1.com/cread.php?awinmid=4292&awinaffid=143258&clickref=nba&p=http://www.ticketsnow.com/InventoryBrowse/TicketList.aspx?PID=1606388"}}]