[{"Id":28858,"GameState":2,"Date":"2015-04-06 19:00","SeasonType":1,"GameType":1,"AwayTeamId":25,"AwayLeader":"D Lillard 36 pts","HomeTeamId":3,"HomeLeader":"B Lopez 32 pts","AwayRecord":"50-27","HomeRecord":"36-41","AwayScore":96,"HomeScore":106,"WinningTeamId":3,"Links":{"gametrax":"/nba/gameTrax?gameId=2015040617","boxscore":"/nba/boxscore?gameId=2015040617","recap":"http://www.foxsports.com/nba/story/brook-lopez-scores-32-nets-beat-short-handed-blazers-040615","preview":"http://www.foxsports.com/nba/story/trail-blazers-nets-preview-040515","odds":"/nba/odds#28858","tickets":"http://www.awin1.com/cread.php?awinmid=4292&awinaffid=143258&clickref=nba&p=http://www.ticketsnow.com/InventoryBrowse/TicketList.aspx?PID=1605458"}}]