[{"Id":27617,"GameState":2,"Date":"2014-12-23 19:00","SeasonType":1,"GameType":1,"AwayTeamId":10,"AwayLeader":"D Rose 25 pts","HomeTeamId":7,"HomeLeader":"J Wall 18 pts","AwayRecord":"19-9","HomeRecord":"19-8","AwayScore":99,"HomeScore":91,"WinningTeamId":10,"Links":{"gametrax":"/nba/gameTrax?gameId=2014122327","boxscore":"/nba/boxscore?gameId=2014122327","recap":"http://www.foxsports.com/nba/story/chicago-bulls-defeat-washington-wizards-derrick-rose-pau-gasol-john-wall-122314","preview":"http://www.foxsports.com/nba/story/bulls-wizards-preview-122314","odds":"/nba/odds#27617","tickets":"http://www.awin1.com/cread.php?awinmid=4292&awinaffid=143258&clickref=nba&p=http://www.ticketsnow.com/InventoryBrowse/TicketList.aspx?PID=1607389"}},{"Id":27904,"GameState":2,"Date":"2014-12-23 19:00","SeasonType":1,"GameType":1,"AwayTeamId":18,"AwayLeader":"A Wiggins 27 pts","HomeTeamId":11,"HomeLeader":"K Irving 29 pts","AwayRecord":"5-22","HomeRecord":"17-10","AwayScore":104,"HomeScore":125,"WinningTeamId":11,"Links":{"gametrax":"/nba/gameTrax?gameId=2014122305","boxscore":"/nba/boxscore?gameId=2014122305","recap":"http://www.foxsports.com/nba/story/cleveland-cavaliers-defeat-minnesota-timberwolves-derrick-rose-kevin-love-kyrie-irving-andrew-wiggins-122314","preview":"http://www.foxsports.com/nba/story/minnesota-timberwolves-coach-flip-saunders-says-fans-not-forgiving-kevin-love-for-departure-to-cleveland-cavaliers-122214","odds":"/nba/odds#27904","tickets":"http://www.awin1.com/cread.php?awinmid=4292&awinaffid=143258&clickref=nba&p=http://www.ticketsnow.com/InventoryBrowse/TicketList.aspx?PID=1607433"}},{"Id":28310,"GameState":2,"Date":"2014-12-23 19:00","SeasonType":1,"GameType":1,"AwayTeamId":9,"AwayLeader":"A Davis 21 pts","HomeTeamId":13,"HomeLeader":"G Hill 15 pts","AwayRecord":"14-14","HomeRecord":"10-19","AwayScore":84,"HomeScore":96,"WinningTeamId":13,"Links":{"gametrax":"/nba/gameTrax?gameId=2014122311","boxscore":"/nba/boxscore?gameId=2014122311","recap":"http://www.foxsports.com/nba/story/hill-leads-packers-over-pelicans-96-84-122314","preview":"http://www.foxsports.com/nba/story/pelicans-pacers-preview-122214","odds":"/nba/odds#28310","tickets":"http://www.awin1.com/cread.php?awinmid=4292&awinaffid=143258&clickref=nba&p=http://www.ticketsnow.com/InventoryBrowse/TicketList.aspx?PID=1606260"}},{"Id":28677,"GameState":2,"Date":"2014-12-23 19:00","SeasonType":1,"GameType":1,"AwayTeamId":1,"AwayLeader":"T Zeller 22 pts","HomeTeamId":5,"HomeLeader":"T Harris 19 pts","AwayRecord":"10-16","HomeRecord":"11-20","AwayScore":95,"HomeScore":100,"WinningTeamId":5,"Links":{"gametrax":"/nba/gameTrax?gameId=2014122319","boxscore":"/nba/boxscore?gameId=2014122319","recap":"http://www.foxsports.com/nba/story/magic-use-big-1st-half-to-hold-off-celtics-100-95-122314","preview":"http://www.foxsports.com/nba/story/celtics-magic-preview-122214","odds":"/nba/odds#28677","tickets":"http://www.awin1.com/cread.php?awinmid=4292&awinaffid=143258&clickref=nba&p=http://www.ticketsnow.com/InventoryBrowse/TicketList.aspx?PID=1607180"}},{"Id":28270,"GameState":2,"Date":"2014-12-23 19:30","SeasonType":1,"GameType":1,"AwayTeamId":22,"AwayLeader":"B Griffin 21 pts","HomeTeamId":8,"HomeLeader":"D Carroll 25 pts","AwayRecord":"19-10","HomeRecord":"21-7","AwayScore":104,"HomeScore":107,"WinningTeamId":8,"Links":{"gametrax":"/nba/gameTrax?gameId=2014122301","boxscore":"/nba/boxscore?gameId=2014122301","recap":"http://www.foxsports.com/nba/story/carrolls-25-lead-hawks-past-clippers-107-104-122314","preview":"http://www.foxsports.com/nba/story/clippers-hawks-preview-122314","odds":"/nba/odds#28270","tickets":"http://www.awin1.com/cread.php?awinmid=4292&awinaffid=143258&clickref=nba&p=http://www.ticketsnow.com/InventoryBrowse/TicketList.aspx?PID=1605826"}},{"Id":28352,"GameState":2,"Date":"2014-12-23 19:30","SeasonType":1,"GameType":1,"AwayTeamId":6,"AwayLeader":"M Carter-Williams 20 pts","HomeTeamId":2,"HomeLeader":"D Wade 23 pts","AwayRecord":"4-23","HomeRecord":"13-16","AwayScore":91,"HomeScore":87,"WinningTeamId":6,"Links":{"gametrax":"/nba/gameTrax?gameId=2014122314","boxscore":"/nba/boxscore?gameId=2014122314","recap":"http://www.foxsports.com/nba/story/philadelphia-76ers-rally-beat-miami-heat-dwyane-wade-122314","preview":"http://www.foxsports.com/nba/story/76ers-heat-preview-122214","odds":"/nba/odds#28352","tickets":"http://www.awin1.com/cread.php?awinmid=4292&awinaffid=143258&clickref=nba&p=http://www.ticketsnow.com/InventoryBrowse/TicketList.aspx?PID=1606477"}},{"Id":28721,"GameState":2,"Date":"2014-12-23 19:30","SeasonType":1,"GameType":1,"AwayTeamId":16,"AwayLeader":"T Lawson 29 pts","HomeTeamId":3,"HomeLeader":"J Johnson 27 pts","AwayRecord":"12-17","HomeRecord":"12-15","AwayScore":96,"HomeScore":102,"WinningTeamId":3,"Links":{"gametrax":"/nba/gameTrax?gameId=2014122317","boxscore":"/nba/boxscore?gameId=2014122317","recap":"http://www.foxsports.com/nba/story/johnson-plumlee-lead-nets-past-nuggets-102-96-122314","preview":"http://www.foxsports.com/nba/story/nuggets-nets-preview-122214","odds":"/nba/odds#28721","tickets":"http://www.awin1.com/cread.php?awinmid=4292&awinaffid=143258&clickref=nba&p=http://www.ticketsnow.com/InventoryBrowse/TicketList.aspx?PID=1605450"}},{"Id":28063,"GameState":2,"Date":"2014-12-23 20:00","SeasonType":1,"GameType":1,"AwayTeamId":32,"AwayLeader":"K Walker 27 pts","HomeTeamId":14,"HomeLeader":"B Knight 34 pts","AwayRecord":"10-19","HomeRecord":"14-15","AwayScore":108,"HomeScore":101,"WinningTeamId":32,"Links":{"gametrax":"/nba/gameTrax?gameId=2014122315","boxscore":"/nba/boxscore?gameId=2014122315","recap":"http://www.foxsports.com/nba/story/walker-henderson-lift-hornets-over-bucks-108-101-122314","preview":"http://www.foxsports.com/nba/story/hornets-bucks-preview-122314","odds":"/nba/odds#28063","tickets":"http://www.awin1.com/cread.php?awinmid=4292&awinaffid=143258&clickref=nba&p=http://www.ticketsnow.com/InventoryBrowse/TicketList.aspx?PID=1606527"}},{"Id":28597,"GameState":2,"FinalText":"OT","Date":"2014-12-23 20:00","SeasonType":1,"GameType":1,"AwayTeamId":25,"AwayLeader":"D Lillard 40 pts","HomeTeamId":27,"HomeLeader":"R Westbrook 40 pts","AwayRecord":"23-7","HomeRecord":"13-16","AwayScore":115,"HomeScore":111,"WinningTeamId":25,"Links":{"gametrax":"/nba/gameTrax?gameId=2014122325","boxscore":"/nba/boxscore?gameId=2014122325","recap":"http://www.foxsports.com/nba/story/lillards-3-forces-ot-has-40-in-win-over-thunder-122314","preview":"http://www.foxsports.com/nba/story/trail-blazers-thunder-preview-122314","odds":"/nba/odds#28597","tickets":"http://www.awin1.com/cread.php?awinmid=4292&awinaffid=143258&clickref=nba&p=http://www.ticketsnow.com/InventoryBrowse/TicketList.aspx?PID=1607133"}},{"Id":27820,"GameState":2,"Date":"2014-12-23 21:00","SeasonType":1,"GameType":1,"AwayTeamId":15,"AwayLeader":"T Chandler 22 pts","HomeTeamId":24,"HomeLeader":"G Dragic 25 pts","AwayRecord":"20-10","HomeRecord":"16-14","AwayScore":115,"HomeScore":124,"WinningTeamId":24,"Links":{"gametrax":"/nba/gameTrax?gameId=2014122321","boxscore":"/nba/boxscore?gameId=2014122321","recap":"http://www.foxsports.com/nba/story/bledsoe-gets-triple-double-suns-beat-mavericks-124-115-122314","preview":"http://www.foxsports.com/nba/story/mavericks-suns-preview-122314","odds":"/nba/odds#27820","tickets":"http://www.awin1.com/cread.php?awinmid=4292&awinaffid=143258&clickref=nba&p=http://www.ticketsnow.com/InventoryBrowse/TicketList.aspx?PID=1607250"}},{"Id":28228,"GameState":2,"Date":"2014-12-23 22:30","SeasonType":1,"GameType":1,"AwayTeamId":21,"AwayLeader":"S Curry 22 pts","HomeTeamId":23,"HomeLeader":"C Boozer 18 pts","AwayRecord":"23-4","HomeRecord":"9-19","AwayScore":105,"HomeScore":115,"WinningTeamId":23,"Links":{"gametrax":"/nba/gameTrax?gameId=2014122313","boxscore":"/nba/boxscore?gameId=2014122313","recap":"http://www.foxsports.com/nba/story/lakers-stun-warriors-115-105-without-kobe-122414","preview":"http://www.foxsports.com/nba/story/warriors-lakers-preview-122314","odds":"/nba/odds#28228","tickets":"http://www.awin1.com/cread.php?awinmid=4292&awinaffid=143258&clickref=nba&p=http://www.ticketsnow.com/InventoryBrowse/TicketList.aspx?PID=1606385"}}]