[{"Id":27663,"GameState":2,"Date":"2015-01-28 19:00","SeasonType":1,"GameType":1,"AwayTeamId":12,"AwayLeader":"G Monroe 20 pts","HomeTeamId":6,"HomeLeader":"R Covington 19 pts","AwayRecord":"17-30","HomeRecord":"9-37","AwayScore":69,"HomeScore":89,"WinningTeamId":6,"Links":{"gametrax":"/nba/gameTrax?gameId=2015012820","boxscore":"/nba/boxscore?gameId=2015012820","recap":"http://www.foxsports.com/nba/story/76ers-snap-6-game-skid-beat-pistons-89-69-012815","preview":"http://www.foxsports.com/nba/story/pistons-76ers-preview-012815","odds":"/nba/odds#27663","tickets":"http://www.awin1.com/cread.php?awinmid=4292&awinaffid=143258&clickref=nba&p=http://www.ticketsnow.com/InventoryBrowse/TicketList.aspx?PID=1607587"}},{"Id":27913,"GameState":2,"Date":"2015-01-28 19:00","SeasonType":1,"GameType":1,"AwayTeamId":25,"AwayLeader":"L Aldridge 38 pts","HomeTeamId":11,"HomeLeader":"K Irving 55 pts","AwayRecord":"32-14","HomeRecord":"27-20","AwayScore":94,"HomeScore":99,"WinningTeamId":11,"Links":{"gametrax":"/nba/gameTrax?gameId=2015012805","boxscore":"/nba/boxscore?gameId=2015012805","recap":"http://www.foxsports.com/nba/story/cleveland-cavaliers-kyrie-irving-scores-55-in-win-over-portland-trail-blazers-lebron-james-sits-out-012815","preview":"http://www.foxsports.com/nba/story/trail-blazers-cavaliers-preview-012815","odds":"/nba/odds#27913","tickets":"http://www.awin1.com/cread.php?awinmid=4292&awinaffid=143258&clickref=nba&p=http://www.ticketsnow.com/InventoryBrowse/TicketList.aspx?PID=1607445"}},{"Id":28116,"GameState":2,"Date":"2015-01-28 19:30","SeasonType":1,"GameType":1,"AwayTeamId":26,"AwayLeader":"R Gay 22 pts","HomeTeamId":30,"HomeLeader":"L Williams 27 pts","AwayRecord":"16-28","HomeRecord":"31-15","AwayScore":102,"HomeScore":119,"WinningTeamId":30,"Links":{"gametrax":"/nba/gameTrax?gameId=2015012828","boxscore":"/nba/boxscore?gameId=2015012828","recap":"http://www.foxsports.com/nba/story/williams-scores-27-raptors-hit-17-3-pointers-to-top-kings-012815","preview":"http://www.foxsports.com/nba/story/kings-raptors-preview-012715","odds":"/nba/odds#28116"}},{"Id":27788,"GameState":2,"Date":"2015-01-28 20:00","SeasonType":1,"GameType":1,"AwayTeamId":27,"AwayLeader":"R Westbrook 40 pts","HomeTeamId":4,"HomeLeader":"C Anthony 31 pts","AwayRecord":"23-23","HomeRecord":"9-37","AwayScore":92,"HomeScore":100,"WinningTeamId":4,"Links":{"gametrax":"/nba/gameTrax?gameId=2015012818","boxscore":"/nba/boxscore?gameId=2015012818","recap":"http://www.foxsports.com/nba/story/new-york-knicks-beat-oklahoma-city-thunder-despite-russell-westbrook-s-40-012815","preview":"http://www.foxsports.com/nba/story/thunder-knicks-preview-012715","odds":"/nba/odds#27788","tickets":"http://www.awin1.com/cread.php?awinmid=4292&awinaffid=143258&clickref=nba&p=http://www.ticketsnow.com/InventoryBrowse/TicketList.aspx?PID=1607037"}},{"Id":27950,"GameState":2,"Date":"2015-01-28 20:00","SeasonType":1,"GameType":1,"AwayTeamId":1,"AwayLeader":"J Sullinger 16 pts","HomeTeamId":18,"HomeLeader":"K Martin 21 pts","AwayRecord":"16-28","HomeRecord":"8-37","AwayScore":98,"HomeScore":110,"WinningTeamId":18,"Links":{"gametrax":"/nba/gameTrax?gameId=2015012816","boxscore":"/nba/boxscore?gameId=2015012816","recap":"http://www.foxsports.com/nba/story/minnesota-timberwolves-beat-boston-celtics-in-kevin-martin-s-return-012815","preview":"http://www.foxsports.com/nba/story/celtics-timberwolves-preview-012715","odds":"/nba/odds#27950","tickets":"http://www.awin1.com/cread.php?awinmid=4292&awinaffid=143258&clickref=nba&p=http://www.ticketsnow.com/InventoryBrowse/TicketList.aspx?PID=1606759"}},{"Id":28279,"GameState":2,"Date":"2015-01-28 20:00","SeasonType":1,"GameType":1,"AwayTeamId":3,"AwayLeader":"J Johnson 26 pts","HomeTeamId":8,"HomeLeader":"P Millsap 28 pts","AwayRecord":"18-27","HomeRecord":"38-8","AwayScore":102,"HomeScore":113,"WinningTeamId":8,"Links":{"gametrax":"/nba/gameTrax?gameId=2015012801","boxscore":"/nba/boxscore?gameId=2015012801","recap":"http://www.foxsports.com/nba/story/atlanta-hawks-top-brooklyn-nets-for-17th-straight-win-012815","preview":"http://www.foxsports.com/nba/story/nets-hawks-preview-012715","odds":"/nba/odds#28279","tickets":"http://www.awin1.com/cread.php?awinmid=4292&awinaffid=143258&clickref=nba&p=http://www.ticketsnow.com/InventoryBrowse/TicketList.aspx?PID=1605836"}},{"Id":28440,"GameState":2,"Date":"2015-01-28 20:00","SeasonType":1,"GameType":1,"AwayTeamId":16,"AwayLeader":"A Afflalo 20 pts","HomeTeamId":9,"HomeLeader":"T Evans 25 pts","AwayRecord":"19-27","HomeRecord":"24-22","AwayScore":93,"HomeScore":85,"WinningTeamId":16,"Links":{"gametrax":"/nba/gameTrax?gameId=2015012803","boxscore":"/nba/boxscore?gameId=2015012803","recap":"#","preview":"http://www.foxsports.com/nba/story/nuggets-pelicans-preview-012715","odds":"/nba/odds#28440","tickets":"http://www.awin1.com/cread.php?awinmid=4292&awinaffid=143258&clickref=nba&p=http://www.ticketsnow.com/InventoryBrowse/TicketList.aspx?PID=1606871"}},{"Id":28524,"GameState":2,"Date":"2015-01-28 20:00","SeasonType":1,"GameType":1,"AwayTeamId":15,"AwayLeader":"M Ellis 33 pts","HomeTeamId":17,"HomeLeader":"J Smith 18 pts","AwayRecord":"30-17","HomeRecord":"32-14","AwayScore":94,"HomeScore":99,"WinningTeamId":17,"Links":{"gametrax":"/nba/gameTrax?gameId=2015012810","boxscore":"/nba/boxscore?gameId=2015012810","recap":"http://www.foxsports.com/nba/story/houston-rockets-down-dallas-mavericks-012815","preview":"http://www.foxsports.com/nba/story/mavericks-rockets-preview-012815","odds":"/nba/odds#28524","tickets":"http://www.awin1.com/cread.php?awinmid=4292&awinaffid=143258&clickref=nba&p=http://www.ticketsnow.com/InventoryBrowse/TicketList.aspx?PID=1607541"}},{"Id":28484,"GameState":2,"Date":"2015-01-28 20:30","SeasonType":1,"GameType":1,"AwayTeamId":32,"AwayLeader":"G Henderson 18 pts","HomeTeamId":19,"HomeLeader":"T Parker 17 pts","AwayRecord":"19-27","HomeRecord":"30-17","AwayScore":86,"HomeScore":95,"WinningTeamId":19,"Links":{"gametrax":"/nba/gameTrax?gameId=2015012824","boxscore":"/nba/boxscore?gameId=2015012824","recap":"http://www.foxsports.com/nba/story/san-antonio-spurs-beat-charlotte-hornets-012815","preview":"http://www.foxsports.com/nba/story/hornets-spurs-preview-012715","odds":"/nba/odds#28484","tickets":"http://www.awin1.com/cread.php?awinmid=4292&awinaffid=143258&clickref=nba&p=http://www.ticketsnow.com/InventoryBrowse/TicketList.aspx?PID=1607353"}},{"Id":27581,"GameState":2,"Date":"2015-01-28 21:00","SeasonType":1,"GameType":1,"AwayTeamId":22,"AwayLeader":"C Paul 21 pts","HomeTeamId":20,"HomeLeader":"E Kanter 21 pts","AwayRecord":"32-14","HomeRecord":"16-30","AwayScore":94,"HomeScore":89,"WinningTeamId":22,"Links":{"gametrax":"/nba/gameTrax?gameId=2015012826","boxscore":"/nba/boxscore?gameId=2015012826","recap":"http://www.foxsports.com/nba/story/los-angeles-clippers-rally-past-utah-jazz-012815","preview":"http://www.foxsports.com/nba/story/clippers-jazz-preview-012715","odds":"/nba/odds#27581","tickets":"http://www.awin1.com/cread.php?awinmid=4292&awinaffid=143258&clickref=nba&p=http://www.ticketsnow.com/InventoryBrowse/TicketList.aspx?PID=1607631"}},{"Id":27829,"GameState":2,"Date":"2015-01-28 22:30","SeasonType":1,"GameType":1,"AwayTeamId":7,"AwayLeader":"M Gortat 14 pts","HomeTeamId":24,"HomeLeader":"G Dragic 20 pts","AwayRecord":"31-16","HomeRecord":"27-20","AwayScore":98,"HomeScore":106,"WinningTeamId":24,"Links":{"gametrax":"/nba/gameTrax?gameId=2015012821","boxscore":"/nba/boxscore?gameId=2015012821","recap":"http://www.foxsports.com/nba/story/phoenix-suns-down-washington-wizards-012915","preview":"http://www.foxsports.com/nba/story/wizards-suns-preview-012815","odds":"/nba/odds#27829","tickets":"http://www.awin1.com/cread.php?awinmid=4292&awinaffid=143258&clickref=nba&p=http://www.ticketsnow.com/InventoryBrowse/TicketList.aspx?PID=1607259"}}]