[{"Id":27613,"GameState":2,"Date":"2014-12-12 19:00","SeasonType":1,"GameType":1,"AwayTeamId":22,"AwayLeader":"C Paul 19 pts","HomeTeamId":7,"HomeLeader":"B Beal 29 pts","AwayRecord":"16-6","HomeRecord":"16-6","AwayScore":96,"HomeScore":104,"WinningTeamId":7,"Links":{"gametrax":"/nba/gameTrax?gameId=2014121227","boxscore":"/nba/boxscore?gameId=2014121227","recap":"http://www.foxsports.com/nba/story/washington-wizards-top-los-angeles-clippers-as-john-wall-outplays-chris-paul-121214","preview":"http://www.foxsports.com/nba/story/clippers-wizards-preview-121114","odds":"/nba/odds#27613","tickets":"http://www.awin1.com/cread.php?awinmid=4292&awinaffid=143258&clickref=nba&p=http://www.ticketsnow.com/InventoryBrowse/TicketList.aspx?PID=1607385"}},{"Id":27978,"GameState":2,"Date":"2014-12-12 19:00","SeasonType":1,"GameType":1,"AwayTeamId":25,"AwayLeader":"L Aldridge 35 pts","HomeTeamId":10,"HomeLeader":"D Rose 31 pts","AwayRecord":"17-6","HomeRecord":"14-8","AwayScore":106,"HomeScore":115,"WinningTeamId":10,"Links":{"gametrax":"/nba/gameTrax?gameId=2014121204","boxscore":"/nba/boxscore?gameId=2014121204","recap":"http://www.foxsports.com/nba/story/chicago-bulls-beat-portland-trail-blazers-121214","preview":"http://www.foxsports.com/nba/story/trail-blazers-bulls-preview-121114","odds":"/nba/odds#27978","tickets":"http://www.awin1.com/cread.php?awinmid=4292&awinaffid=143258&clickref=nba&p=http://www.ticketsnow.com/InventoryBrowse/TicketList.aspx?PID=1605970"}},{"Id":27531,"GameState":2,"Date":"2014-12-12 19:30","SeasonType":1,"GameType":1,"AwayTeamId":4,"AwayLeader":"C Anthony 22 pts","HomeTeamId":1,"HomeLeader":"J Green 28 pts","AwayRecord":"5-20","HomeRecord":"7-14","AwayScore":101,"HomeScore":95,"WinningTeamId":4,"Links":{"gametrax":"/nba/gameTrax?gameId=2014121202","boxscore":"/nba/boxscore?gameId=2014121202","recap":"http://www.foxsports.com/nba/story/new-york-knicks-beat-boston-celtics-behind-carmelo-anthony-121214","preview":"#","odds":"/nba/odds#27531","tickets":"http://www.awin1.com/cread.php?awinmid=4292&awinaffid=143258&clickref=nba&p=http://www.ticketsnow.com/InventoryBrowse/TicketList.aspx?PID=1605873"}},{"Id":28105,"GameState":2,"Date":"2014-12-12 19:30","SeasonType":1,"GameType":1,"AwayTeamId":13,"AwayLeader":"S Hill 16 pts","HomeTeamId":30,"HomeLeader":"L Williams 26 pts","AwayRecord":"7-16","HomeRecord":"17-6","AwayScore":94,"HomeScore":106,"WinningTeamId":30,"Links":{"gametrax":"/nba/gameTrax?gameId=2014121228","boxscore":"/nba/boxscore?gameId=2014121228","recap":"http://www.foxsports.com/nba/story/toronto-raptors-beat-indiana-pacers-as-lou-williams-stars-121214","preview":"http://www.foxsports.com/nba/story/pacers-raptors-preview-121114","odds":"/nba/odds#28105"}},{"Id":28268,"GameState":2,"Date":"2014-12-12 19:30","SeasonType":1,"GameType":1,"AwayTeamId":5,"AwayLeader":"V Oladipo 21 pts","HomeTeamId":8,"HomeLeader":"P Millsap 23 pts","AwayRecord":"9-16","HomeRecord":"16-6","AwayScore":81,"HomeScore":87,"WinningTeamId":8,"Links":{"gametrax":"/nba/gameTrax?gameId=2014121201","boxscore":"/nba/boxscore?gameId=2014121201","recap":"http://www.foxsports.com/nba/story/atlanta-hawks-beat-orlando-magic-121214","preview":"http://www.foxsports.com/nba/story/magic-hawks-preview-121114","odds":"/nba/odds#28268","tickets":"http://www.awin1.com/cread.php?awinmid=4292&awinaffid=143258&clickref=nba&p=http://www.ticketsnow.com/InventoryBrowse/TicketList.aspx?PID=1605824"}},{"Id":28718,"GameState":2,"Date":"2014-12-12 19:30","SeasonType":1,"GameType":1,"AwayTeamId":6,"AwayLeader":"R Covington 20 pts","HomeTeamId":3,"HomeLeader":"M Plumlee 18 pts","AwayRecord":"2-20","HomeRecord":"9-12","AwayScore":70,"HomeScore":88,"WinningTeamId":3,"Links":{"gametrax":"/nba/gameTrax?gameId=2014121217","boxscore":"/nba/boxscore?gameId=2014121217","recap":"http://www.foxsports.com/nba/story/brooklyn-nets-beat-philadelphia-76ers-121214","preview":"http://www.foxsports.com/nba/story/76ers-nets-preview-121114","odds":"/nba/odds#28718","tickets":"http://www.awin1.com/cread.php?awinmid=4292&awinaffid=143258&clickref=nba&p=http://www.ticketsnow.com/InventoryBrowse/TicketList.aspx?PID=1605447"}},{"Id":27940,"GameState":2,"Date":"2014-12-12 20:00","SeasonType":1,"GameType":1,"AwayTeamId":27,"AwayLeader":"R Westbrook 34 pts","HomeTeamId":18,"HomeLeader":"A Wiggins 18 pts","AwayRecord":"10-13","HomeRecord":"5-17","AwayScore":111,"HomeScore":92,"WinningTeamId":27,"Links":{"gametrax":"/nba/gameTrax?gameId=2014121216","boxscore":"/nba/boxscore?gameId=2014121216","recap":"http://www.foxsports.com/nba/story/oklahoma-city-thunder-beat-minnesota-timberwolves-behind-russell-westbrook-s-34-121214","preview":"http://www.foxsports.com/nba/story/thunder-timberwolves-preview-121214","odds":"/nba/odds#27940","tickets":"http://www.awin1.com/cread.php?awinmid=4292&awinaffid=143258&clickref=nba&p=http://www.ticketsnow.com/InventoryBrowse/TicketList.aspx?PID=1606749"}},{"Id":28428,"GameState":2,"Date":"2014-12-12 20:00","SeasonType":1,"GameType":1,"AwayTeamId":11,"AwayLeader":"L James 41 pts","HomeTeamId":9,"HomeLeader":"T Evans 31 pts","AwayRecord":"13-9","HomeRecord":"11-11","AwayScore":114,"HomeScore":119,"WinningTeamId":9,"Links":{"gametrax":"/nba/gameTrax?gameId=2014121203","boxscore":"/nba/boxscore?gameId=2014121203","recap":"http://www.foxsports.com/nba/story/new-orleans-pelicans-beat-cleveland-cavaliers-despite-lebron-james-return-121214","preview":"http://www.foxsports.com/nba/story/cavaliers-pelicans-preview-121214","odds":"/nba/odds#28428","tickets":"http://www.awin1.com/cread.php?awinmid=4292&awinaffid=143258&clickref=nba&p=http://www.ticketsnow.com/InventoryBrowse/TicketList.aspx?PID=1605405"}},{"Id":28554,"GameState":2,"FinalText":"2OT","Date":"2014-12-12 20:00","SeasonType":1,"GameType":1,"AwayTeamId":32,"AwayLeader":"K Walker 28 pts","HomeTeamId":31,"HomeLeader":"Z Randolph 20 pts","AwayRecord":"6-16","HomeRecord":"18-4","AwayScore":107,"HomeScore":113,"WinningTeamId":31,"Links":{"gametrax":"/nba/gameTrax?gameId=2014121229","boxscore":"/nba/boxscore?gameId=2014121229","recap":"http://www.foxsports.com/nba/story/memphis-grizzlies-beat-charlotte-hornets-in-2-ot-121214","preview":"http://www.foxsports.com/nba/story/hornets-grizzlies-preview-121114","odds":"/nba/odds#28554","tickets":"http://www.awin1.com/cread.php?awinmid=4292&awinaffid=143258&clickref=nba&p=http://www.ticketsnow.com/InventoryBrowse/TicketList.aspx?PID=1606429"}},{"Id":27572,"GameState":2,"Date":"2014-12-12 21:00","SeasonType":1,"GameType":1,"AwayTeamId":2,"AwayLeader":"D Wade 29 pts","HomeTeamId":20,"HomeLeader":"E Kanter 25 pts","AwayRecord":"11-12","HomeRecord":"6-17","AwayScore":100,"HomeScore":95,"WinningTeamId":2,"Links":{"gametrax":"/nba/gameTrax?gameId=2014121226","boxscore":"/nba/boxscore?gameId=2014121226","recap":"http://www.foxsports.com/nba/story/miami-heat-beat-utah-jazz-thanks-to-dwyane-wade-121214","preview":"http://www.foxsports.com/nba/story/heat-jazz-preview-121114","odds":"/nba/odds#27572","tickets":"http://www.awin1.com/cread.php?awinmid=4292&awinaffid=143258&clickref=nba&p=http://www.ticketsnow.com/InventoryBrowse/TicketList.aspx?PID=1607622"}},{"Id":27818,"GameState":2,"Date":"2014-12-12 21:00","SeasonType":1,"GameType":1,"AwayTeamId":12,"AwayLeader":"A Drummond 23 pts","HomeTeamId":24,"HomeLeader":"G Dragic 18 pts","AwayRecord":"4-19","HomeRecord":"12-12","AwayScore":105,"HomeScore":103,"WinningTeamId":12,"Links":{"gametrax":"/nba/gameTrax?gameId=2014121221","boxscore":"/nba/boxscore?gameId=2014121221","recap":"http://www.foxsports.com/nba/story/detroit-pistons-edge-phoenix-suns-121214","preview":"http://www.foxsports.com/nba/story/pistons-suns-preview-121114","odds":"/nba/odds#27818","tickets":"http://www.awin1.com/cread.php?awinmid=4292&awinaffid=143258&clickref=nba&p=http://www.ticketsnow.com/InventoryBrowse/TicketList.aspx?PID=1607248"}},{"Id":28470,"GameState":2,"FinalText":"OT","Date":"2014-12-12 21:30","SeasonType":1,"GameType":1,"AwayTeamId":23,"AwayLeader":"N Young 29 pts","HomeTeamId":19,"HomeLeader":"T Duncan 19 pts","AwayRecord":"7-16","HomeRecord":"16-7","AwayScore":112,"HomeScore":110,"WinningTeamId":23,"Links":{"gametrax":"/nba/gameTrax?gameId=2014121224","boxscore":"/nba/boxscore?gameId=2014121224","recap":"http://www.foxsports.com/nba/story/los-angeles-lakers-beat-san-antonio-spurs-but-kobe-bryant-still-trails-michael-jordan-121314","preview":"http://www.foxsports.com/nba/story/lakers-spurs-preview-121114","odds":"/nba/odds#28470","tickets":"http://www.awin1.com/cread.php?awinmid=4292&awinaffid=143258&clickref=nba&p=http://www.ticketsnow.com/InventoryBrowse/TicketList.aspx?PID=1607339"}}]