[{"Id":28316,"GameState":2,"Date":"2015-01-27 19:00","SeasonType":1,"GameType":1,"AwayTeamId":30,"AwayLeader":"D DeRozan 24 pts","HomeTeamId":13,"HomeLeader":"R Stuckey 22 pts","AwayRecord":"30-15","HomeRecord":"16-31","AwayScore":104,"HomeScore":91,"WinningTeamId":30,"Links":{"gametrax":"/nba/gameTrax?gameId=2015012711","boxscore":"/nba/boxscore?gameId=2015012711","recap":"http://www.foxsports.com/nba/story/toronto-overcomes-sluggish-start-to-run-past-pacers-104-91-012715","preview":"http://www.foxsports.com/nba/story/raptors-pacers-preview-012615","odds":"/nba/odds#28316","tickets":"http://www.awin1.com/cread.php?awinmid=4292&awinaffid=143258&clickref=nba&p=http://www.ticketsnow.com/InventoryBrowse/TicketList.aspx?PID=1606266"}},{"Id":27746,"GameState":2,"Date":"2015-01-27 19:30","SeasonType":1,"GameType":1,"AwayTeamId":11,"AwayLeader":"K Irving 38 pts","HomeTeamId":12,"HomeLeader":"D Augustin 19 pts","AwayRecord":"26-20","HomeRecord":"17-29","AwayScore":103,"HomeScore":95,"WinningTeamId":11,"Links":{"gametrax":"/nba/gameTrax?gameId=2015012708","boxscore":"/nba/boxscore?gameId=2015012708","recap":"http://www.foxsports.com/nba/story/irving-james-lead-cavs-to-7th-straight-103-95-over-pistons-012715","preview":"http://www.foxsports.com/nba/story/cavaliers-pistons-preview-012615","odds":"/nba/odds#27746","tickets":"http://www.awin1.com/cread.php?awinmid=4292&awinaffid=143258&clickref=nba&p=http://www.ticketsnow.com/InventoryBrowse/TicketList.aspx?PID=1606170"}},{"Id":28359,"GameState":2,"Date":"2015-01-27 19:30","SeasonType":1,"GameType":1,"AwayTeamId":14,"AwayLeader":"K Middleton 17 pts","HomeTeamId":2,"HomeLeader":"C Bosh 26 pts","AwayRecord":"23-22","HomeRecord":"20-25","AwayScore":109,"HomeScore":102,"WinningTeamId":14,"Links":{"gametrax":"/nba/gameTrax?gameId=2015012714","boxscore":"/nba/boxscore?gameId=2015012714","recap":"http://www.foxsports.com/nba/story/dwyane-wade-returns-to-injury-list-in-miami-heat-loss-to-milwaukee-bucks-012715","preview":"http://www.foxsports.com/nba/story/bucks-heat-preview-012615","odds":"/nba/odds#28359","tickets":"http://www.awin1.com/cread.php?awinmid=4292&awinaffid=143258&clickref=nba&p=http://www.ticketsnow.com/InventoryBrowse/TicketList.aspx?PID=1606485"}},{"Id":28400,"GameState":2,"Date":"2015-01-27 20:30","SeasonType":1,"GameType":1,"AwayTeamId":31,"AwayLeader":"Z Randolph 22 pts","HomeTeamId":15,"HomeLeader":"C Parsons 19 pts","AwayRecord":"33-12","HomeRecord":"30-16","AwayScore":109,"HomeScore":90,"WinningTeamId":31,"Links":{"gametrax":"/nba/gameTrax?gameId=2015012706","boxscore":"/nba/boxscore?gameId=2015012706","recap":"http://www.foxsports.com/nba/story/memphis-grizzlies-beat-dallas-mavericks-who-have-lost-3-straight-012715","preview":"#","odds":"/nba/odds#28400","tickets":"http://www.awin1.com/cread.php?awinmid=4292&awinaffid=143258&clickref=nba&p=http://www.ticketsnow.com/InventoryBrowse/TicketList.aspx?PID=1606030"}},{"Id":27705,"GameState":2,"FinalText":"OT","Date":"2015-01-27 22:30","SeasonType":1,"GameType":1,"AwayTeamId":10,"AwayLeader":"D Rose 30 pts","HomeTeamId":21,"HomeLeader":"K Thompson 30 pts","AwayRecord":"30-17","HomeRecord":"36-7","AwayScore":113,"HomeScore":111,"WinningTeamId":10,"Links":{"gametrax":"/nba/gameTrax?gameId=2015012709","boxscore":"/nba/boxscore?gameId=2015012709","recap":"http://www.foxsports.com/nba/story/chicago-bulls-end-golden-state-warriors-19-game-home-win-streak-on-derrick-rose-s-shot-in-overtime-012815","preview":"#","odds":"/nba/odds#27705","tickets":"http://www.awin1.com/cread.php?awinmid=4292&awinaffid=143258&clickref=nba&p=http://www.ticketsnow.com/InventoryBrowse/TicketList.aspx?PID=1606221"}},{"Id":28237,"GameState":2,"Date":"2015-01-27 22:30","SeasonType":1,"GameType":1,"AwayTeamId":7,"AwayLeader":"J Wall 21 pts","HomeTeamId":23,"HomeLeader":"W Ellington 28 pts","AwayRecord":"31-15","HomeRecord":"12-34","AwayScore":98,"HomeScore":92,"WinningTeamId":7,"Links":{"gametrax":"/nba/gameTrax?gameId=2015012713","boxscore":"/nba/boxscore?gameId=2015012713","recap":"http://www.foxsports.com/nba/story/los-angeles-lakers-suffer-9th-straight-loss-when-washington-wizards-rally-012815","preview":"http://www.foxsports.com/nba/story/wizards-lakers-preview-012615","odds":"/nba/odds#28237","tickets":"http://www.awin1.com/cread.php?awinmid=4292&awinaffid=143258&clickref=nba&p=http://www.ticketsnow.com/InventoryBrowse/TicketList.aspx?PID=1606394"}}]