[{"Id":28114,"GameState":2,"Date":"2015-01-18 15:30","SeasonType":1,"GameType":1,"AwayTeamId":9,"AwayLeader":"T Evans 26 pts","HomeTeamId":30,"HomeLeader":"D DeRozan 22 pts","AwayRecord":"20-20","HomeRecord":"26-14","AwayScore":95,"HomeScore":93,"WinningTeamId":9,"Links":{"gametrax":"/nba/gameTrax?gameId=2015011828","boxscore":"/nba/boxscore?gameId=2015011828","recap":"http://www.foxsports.com/nba/story/new-orleans-pelicans-squeak-out-win-over-toronto-raptors-011815","preview":"http://www.foxsports.com/nba/story/pelicans-raptors-preview-011715","odds":"/nba/odds#28114"}},{"Id":28684,"GameState":2,"Date":"2015-01-18 18:00","SeasonType":1,"GameType":1,"AwayTeamId":27,"AwayLeader":"K Durant 21 pts","HomeTeamId":5,"HomeLeader":"V Oladipo 23 pts","AwayRecord":"20-20","HomeRecord":"15-29","AwayScore":127,"HomeScore":99,"WinningTeamId":27,"Links":{"gametrax":"/nba/gameTrax?gameId=2015011819","boxscore":"/nba/boxscore?gameId=2015011819","recap":"http://www.foxsports.com/nba/story/oklahoma-city-thunder-offense-in-overdrive-vs-orlando-magic-011815","preview":"http://www.foxsports.com/nba/story/thunder-magic-preview-011715","odds":"/nba/odds#28684","tickets":"http://www.awin1.com/cread.php?awinmid=4292&awinaffid=143258&clickref=nba&p=http://www.ticketsnow.com/InventoryBrowse/TicketList.aspx?PID=1607187"}},{"Id":28481,"GameState":2,"Date":"2015-01-18 19:00","SeasonType":1,"GameType":1,"AwayTeamId":20,"AwayLeader":"R Gobert 13 pts","HomeTeamId":19,"HomeLeader":"T Splitter 14 pts","AwayRecord":"14-27","HomeRecord":"26-16","AwayScore":69,"HomeScore":89,"WinningTeamId":19,"Links":{"gametrax":"/nba/gameTrax?gameId=2015011824","boxscore":"/nba/boxscore?gameId=2015011824","recap":"http://www.foxsports.com/nba/story/utah-jazz-score-season-low-69-points-in-loss-to-san-antonio-spurs-011815","preview":"http://www.foxsports.com/nba/story/jazz-spurs-preview-011715","odds":"/nba/odds#28481","tickets":"http://www.awin1.com/cread.php?awinmid=4292&awinaffid=143258&clickref=nba&p=http://www.ticketsnow.com/InventoryBrowse/TicketList.aspx?PID=1607350"}}]