[{"Id":27526,"GameState":2,"Date":"2014-11-28 13:00","SeasonType":1,"GameType":1,"AwayTeamId":10,"AwayLeader":"J Butler 22 pts","HomeTeamId":1,"HomeLeader":"J Sullinger 23 pts","AwayRecord":"10-6","HomeRecord":"4-9","AwayScore":109,"HomeScore":102,"WinningTeamId":10,"Links":{"gametrax":"/nba/gameTrax?gameId=2014112802","boxscore":"/nba/boxscore?gameId=2014112802","recap":"http://www.foxsports.com/nba/story/derrick-rose-jimmy-butler-joakim-noah-carry-bulls-past-celtics-112814","preview":"http://www.foxsports.com/nba/story/bulls-celtics-preview-112614","odds":"/nba/odds#27526","tickets":"http://www.awin1.com/cread.php?awinmid=4292&awinaffid=143258&clickref=nba&p=http://www.ticketsnow.com/InventoryBrowse/TicketList.aspx?PID=1605869"}},{"Id":28633,"GameState":2,"Date":"2014-11-28 19:00","SeasonType":1,"GameType":1,"AwayTeamId":21,"AwayLeader":"M Speights 27 pts","HomeTeamId":32,"HomeLeader":"B Roberts 20 pts","AwayRecord":"13-2","HomeRecord":"4-13","AwayScore":106,"HomeScore":101,"WinningTeamId":21,"Links":{"gametrax":"/nba/gameTrax?gameId=2014112830","boxscore":"/nba/boxscore?gameId=2014112830","recap":"http://www.foxsports.com/nba/story/marreese-speights-huge-game-leads-warriors-past-hornets-112814","preview":"http://www.foxsports.com/nba/story/warriors-hornets-preview-112714","odds":"/nba/odds#28633","tickets":"http://www.awin1.com/cread.php?awinmid=4292&awinaffid=143258&clickref=nba&p=http://www.ticketsnow.com/InventoryBrowse/TicketList.aspx?PID=1605925"}},{"Id":27731,"GameState":2,"Date":"2014-11-28 19:30","SeasonType":1,"GameType":1,"AwayTeamId":14,"AwayLeader":"E Ilyasova 22 pts","HomeTeamId":12,"HomeLeader":"A Drummond 26 pts","AwayRecord":"10-7","HomeRecord":"3-13","AwayScore":104,"HomeScore":88,"WinningTeamId":14,"Links":{"gametrax":"/nba/gameTrax?gameId=2014112808","boxscore":"/nba/boxscore?gameId=2014112808","recap":"http://www.foxsports.com/nba/story/illyasova-dudley-lead-bucks-beat-pistons-104-88-112814","preview":"http://www.foxsports.com/nba/story/bucks-pistons-preview-112714","odds":"/nba/odds#27731","tickets":"http://www.awin1.com/cread.php?awinmid=4292&awinaffid=143258&clickref=nba&p=http://www.ticketsnow.com/InventoryBrowse/TicketList.aspx?PID=1606155"}},{"Id":28102,"GameState":2,"Date":"2014-11-28 19:30","SeasonType":1,"GameType":1,"AwayTeamId":15,"AwayLeader":"M Ellis 30 pts","HomeTeamId":30,"HomeLeader":"K Lowry 25 pts","AwayRecord":"12-5","HomeRecord":"13-3","AwayScore":106,"HomeScore":102,"WinningTeamId":15,"Links":{"gametrax":"/nba/gameTrax?gameId=2014112828","boxscore":"/nba/boxscore?gameId=2014112828","recap":"http://www.foxsports.com/nba/story/monta-ellis-scores-30-as-mavericks-hold-off-raptors-112814","preview":"http://www.foxsports.com/nba/story/mavericks-raptors-preview-112714","odds":"/nba/odds#28102"}},{"Id":28263,"GameState":2,"Date":"2014-11-28 19:30","SeasonType":1,"GameType":1,"AwayTeamId":9,"AwayLeader":"R Anderson 20 pts","HomeTeamId":8,"HomeLeader":"J Teague 26 pts","AwayRecord":"7-7","HomeRecord":"8-6","AwayScore":91,"HomeScore":100,"WinningTeamId":8,"Links":{"gametrax":"/nba/gameTrax?gameId=2014112801","boxscore":"/nba/boxscore?gameId=2014112801","recap":"http://www.foxsports.com/nba/story/teagues-26-points-lead-hawks-past-pelicans-100-91-112814","preview":"http://www.foxsports.com/nba/story/pelicans-hawks-preview-112714","odds":"/nba/odds#28263","tickets":"http://www.awin1.com/cread.php?awinmid=4292&awinaffid=143258&clickref=nba&p=http://www.ticketsnow.com/InventoryBrowse/TicketList.aspx?PID=1605819"}},{"Id":28305,"GameState":2,"Date":"2014-11-28 20:00","SeasonType":1,"GameType":1,"AwayTeamId":5,"AwayLeader":"N Vucevic 16 pts","HomeTeamId":13,"HomeLeader":"R Stuckey 24 pts","AwayRecord":"6-12","HomeRecord":"7-9","AwayScore":83,"HomeScore":98,"WinningTeamId":13,"Links":{"gametrax":"/nba/gameTrax?gameId=2014112811","boxscore":"/nba/boxscore?gameId=2014112811","recap":"http://www.foxsports.com/nba/story/david-west-season-debut-pacers-beat-magic-112814","preview":"http://www.foxsports.com/nba/story/magic-pacers-preview-112714","odds":"/nba/odds#28305","tickets":"http://www.awin1.com/cread.php?awinmid=4292&awinaffid=143258&clickref=nba&p=http://www.ticketsnow.com/InventoryBrowse/TicketList.aspx?PID=1606255"}},{"Id":28510,"GameState":2,"Date":"2014-11-28 20:00","SeasonType":1,"GameType":1,"AwayTeamId":22,"AwayLeader":"B Griffin 30 pts","HomeTeamId":17,"HomeLeader":"J Harden 16 pts","AwayRecord":"10-5","HomeRecord":"12-4","AwayScore":102,"HomeScore":85,"WinningTeamId":22,"Links":{"gametrax":"/nba/gameTrax?gameId=2014112810","boxscore":"/nba/boxscore?gameId=2014112810","recap":"http://www.foxsports.com/nba/story/griffin-leads-clippers-over-rockets-102-85-112814","preview":"#","odds":"/nba/odds#28510","tickets":"http://www.awin1.com/cread.php?awinmid=4292&awinaffid=143258&clickref=nba&p=http://www.ticketsnow.com/InventoryBrowse/TicketList.aspx?PID=1607527"}},{"Id":28592,"GameState":2,"Date":"2014-11-28 20:00","SeasonType":1,"GameType":1,"AwayTeamId":4,"AwayLeader":"A Stoudemire 20 pts","HomeTeamId":27,"HomeLeader":"R Westbrook 32 pts","AwayRecord":"4-13","HomeRecord":"5-12","AwayScore":78,"HomeScore":105,"WinningTeamId":27,"Links":{"gametrax":"/nba/gameTrax?gameId=2014112825","boxscore":"/nba/boxscore?gameId=2014112825","recap":"http://www.foxsports.com/nba/story/russell-westbrook-returns-with-32-points-to-lead-thunder-over-knicks-112814","preview":"http://www.foxsports.com/nba/story/knicks-thunder-preview-112714","odds":"/nba/odds#28592","tickets":"http://www.awin1.com/cread.php?awinmid=4292&awinaffid=143258&clickref=nba&p=http://www.ticketsnow.com/InventoryBrowse/TicketList.aspx?PID=1607128"}},{"Id":28467,"GameState":2,"Date":"2014-11-28 20:30","SeasonType":1,"GameType":1,"AwayTeamId":26,"AwayLeader":"R Gay 23 pts","HomeTeamId":19,"HomeLeader":"T Parker 27 pts","AwayRecord":"9-7","HomeRecord":"11-4","AwayScore":104,"HomeScore":112,"WinningTeamId":19,"Links":{"gametrax":"/nba/gameTrax?gameId=2014112824","boxscore":"/nba/boxscore?gameId=2014112824","recap":"http://www.foxsports.com/nba/story/parker-leads-spurs-over-kings-112814","preview":"http://www.foxsports.com/nba/story/kings-spurs-preview-112714","odds":"/nba/odds#28467","tickets":"http://www.awin1.com/cread.php?awinmid=4292&awinaffid=143258&clickref=nba&p=http://www.ticketsnow.com/InventoryBrowse/TicketList.aspx?PID=1607336"}},{"Id":28140,"GameState":2,"Date":"2014-11-28 21:00","SeasonType":1,"GameType":1,"AwayTeamId":24,"AwayLeader":"E Bledsoe 16 pts","HomeTeamId":16,"HomeLeader":"A Afflalo 22 pts","AwayRecord":"10-7","HomeRecord":"8-8","AwayScore":97,"HomeScore":122,"WinningTeamId":16,"Links":{"gametrax":"/nba/gameTrax?gameId=2014112807","boxscore":"/nba/boxscore?gameId=2014112807","recap":"http://www.foxsports.com/nba/story/afflalo-scores-22-denver-beats-phoenix-122-97-112914","preview":"http://www.foxsports.com/nba/story/suns-nuggets-preview-112714","odds":"/nba/odds#28140","tickets":"http://www.awin1.com/cread.php?awinmid=4292&awinaffid=143258&clickref=nba&p=http://www.ticketsnow.com/InventoryBrowse/TicketList.aspx?PID=1607475"}},{"Id":28020,"GameState":2,"Date":"2014-11-28 22:00","SeasonType":1,"GameType":1,"AwayTeamId":31,"AwayLeader":"M Gasol 26 pts","HomeTeamId":25,"HomeLeader":"W Matthews 26 pts","AwayRecord":"14-2","HomeRecord":"12-4","AwayScore":112,"HomeScore":99,"WinningTeamId":31,"Links":{"gametrax":"/nba/gameTrax?gameId=2014112822","boxscore":"/nba/boxscore?gameId=2014112822","recap":"http://www.foxsports.com/nba/story/grizzlies-snap-blazers-streak-with-112-99-win1-112914","preview":"http://www.foxsports.com/nba/story/grizzlies-trail-blazers-preview-112714","odds":"/nba/odds#28020","tickets":"http://www.awin1.com/cread.php?awinmid=4292&awinaffid=143258&clickref=nba&p=http://www.ticketsnow.com/InventoryBrowse/TicketList.aspx?PID=1607659"}},{"Id":28223,"GameState":2,"Date":"2014-11-28 22:30","SeasonType":1,"GameType":1,"AwayTeamId":18,"AwayLeader":"Z LaVine 28 pts","HomeTeamId":23,"HomeLeader":"K Bryant 26 pts","AwayRecord":"4-10","HomeRecord":"3-13","AwayScore":120,"HomeScore":119,"WinningTeamId":18,"Links":{"gametrax":"/nba/gameTrax?gameId=2014112813","boxscore":"/nba/boxscore?gameId=2014112813","recap":"http://www.foxsports.com/nba/story/t-wolves-beat-lakers-after-kobe-misses-3-pointer1-112914","preview":"http://www.foxsports.com/nba/story/timberwolves-lakers-preview-112714","odds":"/nba/odds#28223","tickets":"http://www.awin1.com/cread.php?awinmid=4292&awinaffid=143258&clickref=nba&p=http://www.ticketsnow.com/InventoryBrowse/TicketList.aspx?PID=1606380"}}]